trial_id,outcome,ablation,q_hat,prediction,estimated_correction_rate,estimated_coupling,raw_correction_rate,raw_coupling,correction_hit_lower,correction_hit_upper,coupling_hit_lower,coupling_hit_upper,any_coefficient_boundary_hit,derivative_window,smoothing,temporal_aggregation,rmse,nrmse,correlation,pixel_accuracy,macro_dice,macro_dice_nonempty_classes
0,1,default,1.299650810070042,1,0.08,0.4537240312544669,-0.07081873896746674,0.4537240312544669,True,False,False,False,True,21,savgol,median,0.34282298317473087,0.17141149158736543,0.9098476211414038,0.9645669291338582,0.9763775866077656,0.9645663799116484
0,1,no_smoothing,1.288789771676843,1,0.08,0.13539976882241847,-0.041902994638859326,0.13539976882241847,True,False,False,False,True,21,none,median,0.7166021871037154,0.3583010935518577,0.6055594135082734,0.6279527559055118,0.4409843218958767,0.4409843218958767
0,1,derivative_window_11,1.2998111133135677,1,0.08,0.379464400010594,-0.059255917875447234,0.379464400010594,True,False,False,False,True,11,savgol,median,0.3631311065791974,0.1815655532895987,0.8929430158534255,0.9586614173228346,0.6410094489662269,0.6410094489662269
0,1,derivative_window_31,1.3003121533516906,1,0.08,0.5080974508166561,-0.0794532332219234,0.5080974508166561,True,False,False,False,True,31,savgol,median,0.3411449171618775,0.17057245858093875,0.9125789418028029,0.9645669291338582,0.9763775866077656,0.9645663799116484
0,1,wider_coefficient_bounds,1.3155360790182948,1,0.01,0.4537240312544669,-0.07081873896746674,0.4537240312544669,True,False,False,False,True,21,savgol,median,0.8564939284776367,0.42824696423881836,0.5522042203986229,0.59251968503937,0.41300513764281876,0.41300513764281876
0,1,temporal_mean,1.2987033455270987,1,0.08,0.4537240312544669,-0.07081873896746674,0.4537240312544669,True,False,False,False,True,21,savgol,mean,0.33558579694204843,0.16779289847102422,0.9116206087912628,0.9625984251968503,0.6423662610559339,0.6423662610559339
1,0,default,-0.27715055667266353,0,0.11573292679087657,0.3229804783754373,0.11573292679087657,0.3229804783754373,False,False,False,False,False,21,savgol,median,0.28960311017064555,0.14480155508532278,0.9775580018896219,0.9960629921259843,0.9960050874072038,0.9960050874072038
1,0,no_smoothing,-0.25274568581606655,0,0.09478150050673925,0.029709354466897386,0.09478150050673925,0.029709354466897386,False,False,False,False,False,21,none,median,0.6419831739083622,0.3209915869541811,0.7819891147202002,0.6791338582677166,0.6848801358125938,0.6848801358125938
1,0,derivative_window_11,-0.2769429666538973,0,0.10598584109340087,0.23500067031902194,0.10598584109340087,0.23500067031902194,False,False,False,False,False,11,savgol,median,0.30657730202431355,0.15328865101215677,0.9699344794779873,0.9901574803149606,0.9900124195632775,0.9900124195632775
1,0,derivative_window_31,-0.2789930722442826,0,0.1138318717650406,0.35309508464039446,0.1138318717650406,0.35309508464039446,False,False,False,False,False,31,savgol,median,0.28949850499652846,0.14474925249826423,0.9796018693668068,0.9940944881889764,0.994020697580415,0.994020697580415
1,0,wider_coefficient_bounds,-0.27715055667266353,0,0.11573292679087657,0.3229804783754373,0.11573292679087657,0.3229804783754373,False,False,False,False,False,21,savgol,median,0.28960311017064555,0.14480155508532278,0.9775580018896219,0.9960629921259843,0.9960050874072038,0.9960050874072038
1,0,temporal_mean,-0.2766747773543365,0,0.11573292679087657,0.3229804783754373,0.11573292679087657,0.3229804783754373,False,False,False,False,False,21,savgol,mean,0.28788599654389235,0.14394299827194618,0.9786158861509897,1.0,1.0,1.0
2,0,default,0.0509695839584957,0,0.08,0.43468098167948266,0.011439337722846268,0.43468098167948266,True,False,False,False,True,21,savgol,median,0.22841211550587334,0.11420605775293667,0.9465824473445513,0.9566929133858267,0.955188198086448,0.955188198086448
2,0,no_smoothing,0.11645974722899545,0,0.08,0.12090581588472772,-0.020425411245115564,0.12090581588472772,True,False,False,False,True,21,none,median,0.7548527842345327,0.37742639211726636,0.602349049335196,0.5826771653543307,0.5868983220026863,0.5868983220026863
2,0,derivative_window_11,0.04408693969274762,0,0.08,0.31807311762892865,0.014590149679252772,0.31807311762892865,True,False,False,False,True,11,savgol,median,0.2799339849091932,0.1399669924545966,0.9223399237511456,0.9389763779527559,0.9378226298794438,0.9378226298794438
2,0,derivative_window_31,0.05771828475942789,0,0.08,0.474321305569241,0.04112724304801957,0.474321305569241,True,False,False,False,True,31,savgol,median,0.2216110221141402,0.1108055110570701,0.9484056421285807,0.9645669291338582,0.9633535109618547,0.9633535109618547
2,0,wider_coefficient_bounds,-0.22367765772030065,0,0.011439337722846268,0.43468098167948266,0.011439337722846268,0.43468098167948266,False,False,False,False,False,21,savgol,median,0.8315559823349059,0.41577799116745295,0.7081306241134067,0.6200787401574803,0.6288755074864399,0.6288755074864399
2,0,temporal_mean,0.03406365395243804,0,0.08,0.43468098167948266,0.011439337722846268,0.43468098167948266,True,False,False,False,True,21,savgol,mean,0.22515567967626837,0.11257783983813419,0.9484356107279595,0.9606299212598425,0.9599488561752714,0.9599488561752714
3,0,default,-0.25333379717929316,0,0.08,0.6,-0.4361595555969004,0.8966216558405944,True,False,False,True,True,21,savgol,median,0.3080997670322031,0.15404988351610155,0.9718337841015693,0.9724409448818898,0.972833026674308,0.972833026674308
3,0,no_smoothing,-0.2110557701471303,0,0.08,0.39820685950498586,-0.3160654162237204,0.39820685950498586,True,False,False,False,True,21,none,median,0.7046282669336157,0.35231413346680784,0.74352454236185,0.6299212598425197,0.6360669224225735,0.6360669224225735
3,0,derivative_window_11,-0.2655123507941097,0,0.08,0.6,-0.3755891475862182,0.7218385342049173,True,False,False,True,True,11,savgol,median,0.33528346596225445,0.16764173298112722,0.9639962884152331,0.9625984251968503,0.9633334958333699,0.9633334958333699
3,0,derivative_window_31,-0.2429452256453587,0,0.08,0.6,-0.527659116119685,1.0197887652584474,True,False,False,True,True,31,savgol,median,0.2980419364256578,0.1490209682128289,0.9725450584523511,0.9744094488188977,0.9747245413219497,0.9747245413219497
3,0,wider_coefficient_bounds,-0.3111262455424242,0,0.01,0.8966216558405944,-0.4361595555969004,0.8966216558405944,True,False,False,False,True,21,savgol,median,0.9452444247796954,0.4726222123898477,0.7104331747877939,0.5413385826771654,0.5433808778382322,0.5433808778382322
3,0,temporal_mean,-0.2756381744592552,0,0.08,0.6,-0.4361595555969004,0.8966216558405944,True,False,False,True,True,21,savgol,mean,0.3169552241260263,0.15847761206301314,0.9743425897838175,0.9704724409448819,0.9709483920010236,0.9709483920010236
4,1,default,0.4303557163084042,0,0.517294923534371,0.08756518888245905,0.517294923534371,0.08756518888245905,False,False,False,False,False,21,savgol,median,0.5343163149127863,0.26715815745639315,0.46327467848772086,0.7598425196850394,0.8263247863247862,0.7394871794871795
4,1,no_smoothing,0.4343082260483162,0,0.2936236749830971,0.0,0.2936236749830971,-0.1199484141572573,False,False,True,False,True,21,none,median,0.5770654810208119,0.28853274051040595,0.4150066026074217,0.718503937007874,0.46937840291680627,0.46937840291680627
4,1,derivative_window_11,0.43945289317854186,0,0.45236514460659727,0.009000828361773692,0.45236514460659727,0.009000828361773692,False,False,False,False,False,11,savgol,median,0.5269053969736649,0.26345269848683245,0.47659471884383153,0.7598425196850394,0.8263247863247862,0.7394871794871795
4,1,derivative_window_31,0.4320341553366895,0,0.6271033025266193,0.10393623748687351,0.6271033025266193,0.10393623748687351,False,False,False,False,False,31,savgol,median,0.5323421837156792,0.2661710918578396,0.46586748739298156,0.7598425196850394,0.8263247863247862,0.7394871794871795
4,1,wider_coefficient_bounds,0.4303557163084042,0,0.517294923534371,0.08756518888245905,0.517294923534371,0.08756518888245905,False,False,False,False,False,21,savgol,median,0.5343163149127863,0.26715815745639315,0.46327467848772086,0.7598425196850394,0.8263247863247862,0.7394871794871795
4,1,temporal_mean,0.44069126315554935,0,0.517294923534371,0.08756518888245905,0.517294923534371,0.08756518888245905,False,False,False,False,False,21,savgol,mean,0.5244437765826503,0.26222188829132514,0.4784457438845783,0.7598425196850394,0.8263247863247862,0.7394871794871795
5,0,default,-0.1539582914749329,0,0.08,0.6,-0.48511347749496625,0.87813558172737,True,False,False,True,True,21,savgol,median,0.26276911655933305,0.13138455827966652,0.9609200620915245,0.9724409448818898,0.9723388713894551,0.9723388713894551
5,0,no_smoothing,-0.09987922656745875,0,0.08,0.4087357049908785,-0.3587894819022869,0.4087357049908785,True,False,False,False,True,21,none,median,0.7079513075100651,0.35397565375503254,0.7116073555885953,0.5885826771653543,0.5996674851382042,0.5996674851382042
5,0,derivative_window_11,-0.17381661604610169,0,0.08,0.6,-0.4343423440578429,0.714698108979014,True,False,False,True,True,11,savgol,median,0.2976751570590511,0.14883757852952556,0.9503824215889447,0.9606299212598425,0.9604919634620263,0.9604919634620263
5,0,derivative_window_31,-0.16019401338795228,0,0.08,0.6,-0.543323424615321,0.9752156108121143,True,False,False,True,True,31,savgol,median,0.2535375273171612,0.1267687636585806,0.9656362739891431,0.9744094488188977,0.9744138179417954,0.9744138179417954
5,0,wider_coefficient_bounds,-0.2988702249310264,0,0.01,0.87813558172737,-0.48511347749496625,0.87813558172737,True,False,False,False,True,21,savgol,median,0.9901889067593084,0.4950944533796542,0.6478721206707396,0.531496062992126,0.532283314323497,0.532283314323497
5,0,temporal_mean,-0.1911401082375606,0,0.08,0.6,-0.48511347749496625,0.87813558172737,True,False,False,True,True,21,savgol,mean,0.2674467595551626,0.1337233797775813,0.9680743727265041,0.9822834645669292,0.9821710701832393,0.9821710701832393
6,1,default,1.3046313288477895,1,0.08,0.5451458779733896,0.004526186560440094,0.5451458779733896,True,False,False,False,True,21,savgol,median,0.3763627900335397,0.18818139501676984,0.8850819426387888,0.9507874015748031,0.9671884224219336,0.9507826336329004
6,1,no_smoothing,1.2451974305328137,1,0.08,0.1057290574230493,0.024246408048954664,0.1057290574230493,True,False,False,False,True,21,none,median,0.735235586618398,0.367617793309199,0.5716723208486931,0.5984251968503937,0.4235403338738495,0.4235403338738495
6,1,derivative_window_11,1.3023991681876774,1,0.08,0.3850456283531598,0.014219314546004735,0.3850456283531598,True,False,False,False,True,11,savgol,median,0.38746581186234474,0.19373290593117237,0.8760823606999599,0.937007874015748,0.6258678123346098,0.6258678123346098
6,1,derivative_window_31,1.3068675862504424,1,0.08,0.6,-0.009741368471878177,0.6194957980425376,True,False,False,True,True,31,savgol,median,0.3728734168575059,0.18643670842875296,0.8888422884155138,0.9488188976377953,0.9658745045757309,0.9488117568635962
6,1,wider_coefficient_bounds,1.3187285406550266,1,0.01,0.5451458779733896,0.004526186560440094,0.5451458779733896,True,False,False,False,True,21,savgol,median,0.9218326049965158,0.4609163024982579,0.5233555211076029,0.5669291338582677,0.39041942873360497,0.39041942873360497
6,1,temporal_mean,1.3077917966514903,1,0.08,0.5451458779733896,0.004526186560440094,0.5451458779733896,True,False,False,False,True,21,savgol,mean,0.3740548241449657,0.18702741207248286,0.8885124017562323,0.9468503937007874,0.9645601999883727,0.9468402999825591
7,0,default,0.26634820975341833,0,0.08,0.5295827787047993,-0.003054704891553254,0.5295827787047993,True,False,False,False,True,21,savgol,median,0.3449730361530484,0.1724865180765242,0.8821051995773148,0.8661417322834646,0.8438078866762627,0.8438078866762627
7,0,no_smoothing,0.4035369237049913,0,0.08,0.08384727349085204,0.07383394120336782,0.08384727349085204,True,False,False,False,True,21,none,median,0.8315501105124926,0.4157750552562463,0.44250382992701787,0.5216535433070866,0.5090794938665121,0.5090794938665121
7,0,derivative_window_11,0.3137620763139857,0,0.08,0.3497375564529159,0.05404180001095942,0.3497375564529159,True,False,False,False,True,11,savgol,median,0.4233641348055673,0.21168206740278364,0.8183382895335094,0.8031496062992126,0.7621141604397538,0.7621141604397538
7,0,derivative_window_31,0.2353578442283424,0,0.08,0.6,-0.12786316113965826,0.7152817838480466,True,False,False,True,True,31,savgol,median,0.3206416228332771,0.16032081141663854,0.8968955986926018,0.8858267716535433,0.8703464171271013,0.8703464171271013
7,0,wider_coefficient_bounds,-0.09406897890101257,0,0.01,0.5295827787047993,-0.003054704891553254,0.5295827787047993,True,False,False,False,True,21,savgol,median,0.944156755159634,0.472078377579817,0.5876785151979678,0.5393700787401575,0.5460527191196626,0.5460527191196626
7,0,temporal_mean,0.3176439558030361,0,0.08,0.5295827787047993,-0.003054704891553254,0.5295827787047993,True,False,False,False,True,21,savgol,mean,0.3899181574467291,0.19495907872336454,0.8480760066190492,0.8248031496062992,0.7843322574501053,0.7843322574501053
8,0,default,0.5375102859138965,1,0.624314096128563,0.0,0.624314096128563,-0.14957761688596655,False,False,True,False,True,21,savgol,median,0.5037221842588018,0.2518610921294009,0.7809802424569348,0.7598425196850394,0.604102564102564,0.604102564102564
8,0,no_smoothing,0.5494241410558127,1,0.19538572612360933,0.0,0.19538572612360933,-0.07263038075260482,False,False,True,False,True,21,none,median,0.6104204650691196,0.3052102325345598,0.596941291532584,0.6673228346456693,0.5283106710848529,0.5283106710848529
8,0,derivative_window_11,0.5389421395998156,1,0.47866906173369406,0.0,0.47866906173369406,-0.11915251439032636,False,False,True,False,True,11,savgol,median,0.5060089023544558,0.2530044511772279,0.7767056851685867,0.7598425196850394,0.604102564102564,0.604102564102564
8,0,derivative_window_31,0.539514675747747,1,0.6869812176400727,0.0,0.6869812176400727,-0.14614906468728886,False,False,True,False,True,31,savgol,median,0.5054602986138452,0.2527301493069226,0.7781490146351071,0.7598425196850394,0.604102564102564,0.604102564102564
8,0,wider_coefficient_bounds,0.5375102859138965,1,0.624314096128563,0.0,0.624314096128563,-0.14957761688596655,False,False,True,False,True,21,savgol,median,0.5037221842588018,0.2518610921294009,0.7809802424569348,0.7598425196850394,0.604102564102564,0.604102564102564
8,0,temporal_mean,0.5367672509134903,1,0.624314096128563,0.0,0.624314096128563,-0.14957761688596655,False,False,True,False,True,21,savgol,mean,0.5029417824815707,0.25147089124078537,0.7816255458889408,0.7598425196850394,0.604102564102564,0.604102564102564
9,1,default,1.276920968049807,1,0.1430531448615714,0.4495436600376084,0.1430531448615714,0.4495436600376084,False,False,False,False,False,21,savgol,median,0.28371761371510523,0.14185880685755262,0.9375609434368076,0.9724409448818898,0.9816247332330859,0.9724370998496288
9,1,no_smoothing,1.2439246791864722,1,0.13980483436052463,0.02339851345056783,0.13980483436052463,0.02339851345056783,False,False,False,False,False,21,none,median,0.5053636800040074,0.2526818400020037,0.7680030678053174,0.7598425196850394,0.5274796195652174,0.5274796195652174
9,1,derivative_window_11,1.2757672040727954,1,0.14371951374055378,0.30267057723533114,0.14371951374055378,0.30267057723533114,False,False,False,False,False,11,savgol,median,0.29171499194420414,0.14585749597210207,0.9301310877861827,0.9763779527559056,0.9842458637639361,0.9763687956459042
9,1,derivative_window_31,1.2775454207077135,1,0.14074923703421308,0.5231990912674932,0.14074923703421308,0.5231990912674932,False,False,False,False,False,31,savgol,median,0.2857564772581978,0.1428782386290989,0.9358895958228547,0.9744094488188977,0.9829363925869942,0.9744045888804914
9,1,wider_coefficient_bounds,1.276920968049807,1,0.1430531448615714,0.4495436600376084,0.1430531448615714,0.4495436600376084,False,False,False,False,False,21,savgol,median,0.28371761371510523,0.14185880685755262,0.9375609434368076,0.9724409448818898,0.9816247332330859,0.9724370998496288
9,1,temporal_mean,1.2767607913454897,1,0.1430531448615714,0.4495436600376084,0.1430531448615714,0.4495436600376084,False,False,False,False,False,21,savgol,mean,0.2839770726976827,0.14198853634884134,0.9368568934340997,0.9783464566929134,0.9855597720263222,0.9783396580394832
10,0,default,-0.29879275667776767,0,0.08526240275851484,0.45032601281527157,0.08526240275851484,0.45032601281527157,False,False,False,False,False,21,savgol,median,0.347343517107483,0.1736717585537415,0.9677183586084683,0.9566929133858267,0.9572301389320114,0.9572301389320114
10,0,no_smoothing,-0.2733343577781648,0,0.08,0.06708715736090898,0.07977691155117887,0.06708715736090898,True,False,False,False,True,21,none,median,0.7459653460828071,0.37298267304140353,0.7350077668312861,0.6062992125984252,0.6116080890274439,0.6116080890274439
10,0,derivative_window_11,-0.299990371552234,0,0.08040777057343525,0.3025088160231335,0.08040777057343525,0.3025088160231335,False,False,False,False,False,11,savgol,median,0.37488544266203133,0.18744272133101567,0.9553690572791318,0.9291338582677166,0.9303743528474712,0.9303743528474712
10,0,derivative_window_31,-0.2971814005155112,0,0.0918016391319771,0.5155545091190502,0.0918016391319771,0.5155545091190502,False,False,False,False,False,31,savgol,median,0.335301571174511,0.1676507855872555,0.9718779276683618,0.968503937007874,0.9690705128205129,0.9690705128205129
10,0,wider_coefficient_bounds,-0.29879275667776767,0,0.08526240275851484,0.45032601281527157,0.08526240275851484,0.45032601281527157,False,False,False,False,False,21,savgol,median,0.347343517107483,0.1736717585537415,0.9677183586084683,0.9566929133858267,0.9572301389320114,0.9572301389320114
10,0,temporal_mean,-0.29810196076317186,0,0.08526240275851484,0.45032601281527157,0.08526240275851484,0.45032601281527157,False,False,False,False,False,21,savgol,mean,0.3462534768477521,0.17312673842387605,0.9669955663216429,0.9566929133858267,0.9571052995964039,0.9571052995964039
11,1,default,0.5579007627396575,1,0.08,0.6,-0.33440139443015515,0.7455783870764966,True,False,False,True,True,21,savgol,median,0.4617912302886201,0.23089561514431006,0.5957940827589098,0.7559055118110236,0.4938060035842294,0.4938060035842294
11,1,no_smoothing,0.5480406944328969,1,0.08,0.20353147689649473,-0.10526850962483689,0.20353147689649473,True,False,False,False,True,21,none,median,0.8694823486621464,0.4347411743310732,0.24835575060438375,0.5118110236220472,0.3734710687500387,0.3734710687500387
11,1,derivative_window_11,0.5576356548344461,1,0.08,0.5177181655171068,-0.20994616518702877,0.5177181655171068,True,False,False,False,True,11,savgol,median,0.4895894932318299,0.24479474661591494,0.5601840598907282,0.7539370078740157,0.4981913183279743,0.4981913183279743
11,1,derivative_window_31,0.5909894784134901,1,0.08,0.6,-0.4386824450924029,0.8889158029905334,True,False,False,True,True,31,savgol,median,0.43252059198220555,0.21626029599110277,0.6393164634029883,0.7677165354330708,0.5028723227627429,0.5028723227627429
11,1,wider_coefficient_bounds,0.9020275935720126,1,0.01,0.7455783870764966,-0.33440139443015515,0.7455783870764966,True,False,False,False,True,21,savgol,median,1.055310074938328,0.527655037469164,0.38290675080005326,0.4645669291338583,0.3412693178570643,0.3412693178570643
11,1,temporal_mean,0.5493915429019876,1,0.08,0.6,-0.33440139443015515,0.7455783870764966,True,False,False,True,True,21,savgol,mean,0.46908383197628833,0.23454191598814417,0.5861742962371702,0.7539370078740157,0.49114713251631664,0.49114713251631664
12,0,default,0.44908824485851173,0,1.1344091031997336,0.0,1.1344091031997336,-0.345847193677467,False,False,True,False,True,21,savgol,median,0.4207132766510294,0.2103566383255147,0.8706940047356966,0.7598425196850394,0.604102564102564,0.604102564102564
12,0,no_smoothing,0.42363413253187965,0,0.40877550629185755,0.0,0.40877550629185755,-0.1770067773109458,False,False,True,False,True,21,none,median,0.4325376592352204,0.2162688296176102,0.8257339610648211,0.7460629921259843,0.6037334162012162,0.6037334162012162
12,0,derivative_window_11,0.4432544758674587,0,0.8760244298789011,0.0,0.8760244298789011,-0.252747669830363,False,False,True,False,True,11,savgol,median,0.4156090087287143,0.20780450436435716,0.8758796717076657,0.7598425196850394,0.604102564102564,0.604102564102564
12,0,derivative_window_31,0.45021819408733693,0,1.1530766235385175,0.0,1.1530766235385175,-0.32329350707952664,False,False,True,False,True,31,savgol,median,0.4217598644984525,0.21087993224922624,0.8699771732534565,0.7598425196850394,0.604102564102564,0.604102564102564
12,0,wider_coefficient_bounds,0.44908824485851173,0,1.1344091031997336,0.0,1.1344091031997336,-0.345847193677467,False,False,True,False,True,21,savgol,median,0.4207132766510294,0.2103566383255147,0.8706940047356966,0.7598425196850394,0.604102564102564,0.604102564102564
12,0,temporal_mean,0.4451679776444361,0,1.1344091031997336,0.0,1.1344091031997336,-0.345847193677467,False,False,True,False,True,21,savgol,mean,0.41702043972199887,0.20851021986099944,0.8744367458847823,0.7598425196850394,0.604102564102564,0.604102564102564
13,1,default,1.2948711481055797,1,0.08,0.4193386127694435,0.05142399770906432,0.4193386127694435,True,False,False,False,True,21,savgol,median,0.34886720730170606,0.17443360365085303,0.904040456899888,0.9507874015748031,0.6370025985410601,0.6370025985410601
13,1,no_smoothing,1.2750070659529749,1,0.08,0.08844627148368829,0.04490140267488202,0.08844627148368829,True,False,False,False,True,21,none,median,0.7331274547340295,0.36656372736701476,0.6074844646621261,0.610236220472441,0.4325470563123375,0.4325470563123375
13,1,derivative_window_11,1.2941377705606283,1,0.08,0.33025576445368693,0.04469125918604214,0.33025576445368693,True,False,False,False,True,11,savgol,median,0.371355894058837,0.1856779470294185,0.8871373253077456,0.9251968503937008,0.6241375661375662,0.6241375661375662
13,1,derivative_window_31,1.2954437772076732,1,0.08,0.473793054119598,0.050393082558816714,0.473793054119598,True,False,False,False,True,31,savgol,median,0.346014299108971,0.1730071495544855,0.9111050748627967,0.9507874015748031,0.6376237623762376,0.6376237623762376
13,1,wider_coefficient_bounds,1.3018840015150919,1,0.05142399770906432,0.4193386127694435,0.05142399770906432,0.4193386127694435,False,False,False,False,False,21,savgol,median,0.4249655494345617,0.21248277471728086,0.8558271896647043,0.8996062992125984,0.612552823392609,0.612552823392609
13,1,temporal_mean,1.2949143652167099,1,0.08,0.4193386127694435,0.05142399770906432,0.4193386127694435,True,False,False,False,True,21,savgol,mean,0.34915343616547434,0.17457671808273717,0.9045076703249884,0.9468503937007874,0.6355987919649428,0.6355987919649428
14,1,default,0.7089419657077508,1,0.08,0.6,-0.3423872647897625,0.7312781237804584,True,False,False,True,True,21,savgol,median,0.3640548323090192,0.1820274161545096,0.6997346082447724,0.8011811023622047,0.8638187186888291,0.7957280780332437
14,1,no_smoothing,0.6948832631920178,1,0.08,0.20134477399868161,-0.12712233422835895,0.20134477399868161,True,False,False,False,True,21,none,median,0.796828826187631,0.3984144130938155,0.3716843567191964,0.5236220472440944,0.3866213799139932,0.3866213799139932
14,1,derivative_window_11,0.7422190226157972,1,0.08,0.49320794047742417,-0.23644953385194217,0.49320794047742417,True,False,False,False,True,11,savgol,median,0.3688702239579497,0.18443511197897486,0.69583354339016,0.8149606299212598,0.5412606360222465,0.5412606360222465
14,1,derivative_window_31,0.6915316421061549,1,0.08,0.6,-0.4071397581869183,0.8429164168993613,True,False,False,True,True,31,savgol,median,0.3723571633388084,0.1861785816694042,0.6875406413445011,0.7893700787401575,0.5221870853131287,0.5221870853131287
14,1,wider_coefficient_bounds,1.1217996222367128,1,0.01,0.7312781237804584,-0.3423872647897625,0.7312781237804584,True,False,False,False,True,21,savgol,median,0.9480912822333,0.47404564111665,0.439229054315577,0.5295275590551181,0.37128688321348874,0.37128688321348874
14,1,temporal_mean,0.751273782334978,1,0.08,0.6,-0.3423872647897625,0.7312781237804584,True,False,False,True,True,21,savgol,mean,0.3227505146154053,0.16137525730770266,0.7557507018920447,0.8169291338582677,0.8755211976776814,0.8132817965165222
15,1,default,1.2956103824084746,1,0.08,0.6,-0.13722923726542685,0.6803850989842252,True,False,False,True,True,21,savgol,median,0.3526114577415828,0.1763057288707914,0.9024789746502445,0.952755905511811,0.6370496838724263,0.6370496838724263
15,1,no_smoothing,1.2762598083961085,1,0.08,0.23733607239832444,-0.11204861739177266,0.23733607239832444,True,False,False,False,True,21,none,median,0.7104483460652029,0.35522417303260145,0.5734451244617438,0.6141732283464567,0.4264179531030979,0.4264179531030979
15,1,derivative_window_11,1.2936455417691324,1,0.08,0.5206816961295032,-0.12240344425614329,0.5206816961295032,True,False,False,False,True,11,savgol,median,0.36731807799623345,0.18365903899811672,0.8862270219857149,0.9330708661417323,0.6269155051578864,0.6269155051578864
15,1,derivative_window_31,1.2958999129616966,1,0.08,0.6,-0.1469991357261435,0.7317455504111577,True,False,False,True,True,31,savgol,median,0.35124775901026306,0.17562387950513153,0.9048116364101821,0.9606299212598425,0.6416855995767327,0.6416855995767327
15,1,wider_coefficient_bounds,1.3121720826447467,1,0.01,0.6803850989842252,-0.13722923726542685,0.6803850989842252,True,False,False,False,True,21,savgol,median,0.9688260747148038,0.4844130373574019,0.49757020324725915,0.5413385826771654,0.36528835579126967,0.36528835579126967
15,1,temporal_mean,1.295628054955391,1,0.08,0.6,-0.13722923726542685,0.6803850989842252,True,False,False,True,True,21,savgol,mean,0.34866784446554017,0.17433392223277008,0.9062696423633061,0.9586614173228346,0.6397366009722157,0.6397366009722157
16,1,default,0.611426680452755,1,0.21562257990198058,0.3034168630507996,0.21562257990198058,0.3034168630507996,False,False,False,False,False,21,savgol,median,0.37125580968868405,0.18562790484434202,0.7192985749970662,0.7598425196850394,0.8263247863247862,0.7394871794871795
16,1,no_smoothing,0.6207480838873048,1,0.16840960238409936,0.0,0.16840960238409936,-0.023177043267131287,False,False,True,False,True,21,none,median,0.556914779945617,0.2784573899728085,0.5092300709343546,0.7145669291338582,0.4908668028137055,0.4908668028137055
16,1,derivative_window_11,0.6052969331606831,1,0.2238962650240239,0.17982797716211965,0.2238962650240239,0.17982797716211965,False,False,False,False,False,11,savgol,median,0.3804359556207491,0.19021797781037456,0.7013774457002646,0.7598425196850394,0.8263247863247862,0.7394871794871795
16,1,derivative_window_31,0.6201488618043544,1,0.19903123202576672,0.3758931680764976,0.19903123202576672,0.3758931680764976,False,False,False,False,False,31,savgol,median,0.36299824785536033,0.18149912392768017,0.7331437322080862,0.7598425196850394,0.8263247863247862,0.7394871794871795
16,1,wider_coefficient_bounds,0.611426680452755,1,0.21562257990198058,0.3034168630507996,0.21562257990198058,0.3034168630507996,False,False,False,False,False,21,savgol,median,0.37125580968868405,0.18562790484434202,0.7192985749970662,0.7598425196850394,0.8263247863247862,0.7394871794871795
16,1,temporal_mean,0.6077568209596943,1,0.21562257990198058,0.3034168630507996,0.21562257990198058,0.3034168630507996,False,False,False,False,False,21,savgol,mean,0.3742450018846063,0.18712250094230315,0.714081361455802,0.7598425196850394,0.8263247863247862,0.7394871794871795
17,0,default,0.25754587468708845,0,0.08,0.6,-1.1179709408828105,1.3446052877525974,True,False,False,True,True,21,savgol,median,0.32015101639931126,0.16007550819965563,0.8965422476348943,0.8464566929133859,0.8086485661989018,0.8086485661989018
17,0,no_smoothing,0.19715146405990722,0,0.08,0.6,-0.6206977493200784,0.6148768163758064,True,False,False,True,True,21,none,median,0.792186969098637,0.3960934845493185,0.548933427887541,0.5295275590551181,0.5330879015857511,0.5330879015857511
17,0,derivative_window_11,0.1487724380375927,0,0.08,0.6,-0.9924470738946531,1.130837518495112,True,False,False,True,True,11,savgol,median,0.28876500360928403,0.14438250180464202,0.9085128766292436,0.8956692913385826,0.8865087279070902,0.8865087279070902
17,0,derivative_window_31,0.30706714556896675,0,0.08,0.6,-1.2443487036561145,1.5036513134771445,True,False,False,True,True,31,savgol,median,0.3553145466188931,0.17765727330944656,0.8764046857565034,0.8208661417322834,0.7597409037588791,0.7597409037588791
17,0,wider_coefficient_bounds,-0.194318421277092,0,0.01,1.2,-1.1179709408828105,1.3446052877525974,True,False,False,True,True,21,savgol,median,0.9868073670016024,0.4934036835008012,0.6085593497557368,0.531496062992126,0.5342633064054563,0.5342633064054563
17,0,temporal_mean,0.15975080473677175,0,0.08,0.6,-1.1179709408828105,1.3446052877525974,True,False,False,True,True,21,savgol,mean,0.2529891419816867,0.12649457099084335,0.9318007727290157,0.9212598425196851,0.9137998414453042,0.9137998414453042
18,1,default,1.1956419464776082,1,0.08,0.5117631632540474,-0.08068224285330142,0.5117631632540474,True,False,False,False,True,21,savgol,median,0.2568065859958744,0.1284032929979372,0.9294583108236167,0.9744094488188977,0.6509098694069793,0.6509098694069793
18,1,no_smoothing,1.041469341518538,1,0.08,0.17678257809489598,-0.0689858290483621,0.17678257809489598,True,False,False,False,True,21,none,median,0.7570200377280458,0.3785100188640229,0.5264480760238281,0.5669291338582677,0.4043146805512788,0.4043146805512788
18,1,derivative_window_11,1.156406596463147,1,0.08,0.40820154003996945,-0.08045656685900471,0.40820154003996945,True,False,False,False,True,11,savgol,median,0.2683550080790996,0.1341775040395498,0.9086939877323119,0.9625984251968503,0.6443009475741607,0.6443009475741607
18,1,derivative_window_31,1.2122015603702219,1,0.08,0.5773268812411257,-0.09025679979916426,0.5773268812411257,True,False,False,False,True,31,savgol,median,0.26467117657132033,0.13233558828566017,0.9325834536019008,0.9803149606299213,0.6541958041958041,0.6541958041958041
18,1,wider_coefficient_bounds,1.308404981355948,1,0.01,0.5117631632540474,-0.08068224285330142,0.5117631632540474,True,False,False,False,True,21,savgol,median,0.9268835047854836,0.4634417523927418,0.5148468576973089,0.5531496062992126,0.38483754512635376,0.38483754512635376
18,1,temporal_mean,1.1710334079831402,1,0.08,0.5117631632540474,-0.08068224285330142,0.5117631632540474,True,False,False,False,True,21,savgol,mean,0.24364042270256694,0.12182021135128347,0.9315453120117981,0.9822834645669292,0.6555103986157628,0.6555103986157628
19,1,default,1.2888283947450154,1,0.08,0.6,-0.2893006081962146,0.6356044209748477,True,False,False,True,True,21,savgol,median,0.3284780230880656,0.1642390115440328,0.916172651587891,0.9625984251968503,0.6423689320388349,0.6423689320388349
19,1,no_smoothing,1.2327859619851396,1,0.08,0.32951046988055976,-0.26231510234987204,0.32951046988055976,True,False,False,False,True,21,none,median,0.7077741985046095,0.35388709925230477,0.5727521394442663,0.6417322834645669,0.4522144522144522,0.4522144522144522
19,1,derivative_window_11,1.2871413189797878,1,0.08,0.5513892724060504,-0.2833836455692576,0.5513892724060504,True,False,False,False,True,11,savgol,median,0.34918409321501787,0.17459204660750893,0.9003787128115367,0.9468503937007874,0.6330968529923858,0.6330968529923858
19,1,derivative_window_31,1.2895125578550266,1,0.08,0.6,-0.2885283979359601,0.6842899210928836,True,False,False,True,True,31,savgol,median,0.3267532466043636,0.1633766233021818,0.9209520296978856,0.968503937007874,0.6463104918567534,0.6463104918567534
19,1,wider_coefficient_bounds,1.3100520708759948,1,0.01,0.6356044209748477,-0.2893006081962146,0.6356044209748477,True,False,False,False,True,21,savgol,median,0.9315468825770655,0.46577344128853276,0.5192591377959691,0.5610236220472441,0.3913587745048419,0.3913587745048419
19,1,temporal_mean,1.2871634931491172,1,0.08,0.6,-0.2893006081962146,0.6356044209748477,True,False,False,True,True,21,savgol,mean,0.32382606623704663,0.16191303311852331,0.9211585139674566,0.9645669291338582,0.6443199502023031,0.6443199502023031
20,1,default,1.0851547954052974,1,0.39811479503175307,0.10079265456775496,0.39811479503175307,0.10079265456775496,False,False,False,False,False,21,savgol,median,0.09444194801564895,0.047220974007824476,0.9886024248498038,1.0,1.0,1.0
20,1,no_smoothing,1.0918025966722624,1,0.3760000291873928,0.0,0.3760000291873928,-0.17904870692547223,False,False,True,False,True,21,none,median,0.20109966350451094,0.10054983175225547,0.9333817780826317,0.9645669291338582,0.644331983805668,0.644331983805668
20,1,derivative_window_11,1.0870809140358173,1,0.39222321683416134,0.0,0.39222321683416134,-0.003658874946513902,False,False,True,False,True,11,savgol,median,0.09996295788752045,0.049981478943760226,0.9859741354968072,0.9960629921259843,0.9973720286593725,0.9960580429890586
20,1,derivative_window_31,1.0833403503173253,1,0.4039950791912761,0.15137377551409104,0.4039950791912761,0.15137377551409104,False,False,False,False,False,31,savgol,median,0.09180307223449807,0.04590153611724904,0.9892353296372083,1.0,1.0,1.0
20,1,wider_coefficient_bounds,1.0851547954052974,1,0.39811479503175307,0.10079265456775496,0.39811479503175307,0.10079265456775496,False,False,False,False,False,21,savgol,median,0.09444194801564895,0.047220974007824476,0.9886024248498038,1.0,1.0,1.0
20,1,temporal_mean,1.0840062871268723,1,0.39811479503175307,0.10079265456775496,0.39811479503175307,0.10079265456775496,False,False,False,False,False,21,savgol,mean,0.09242340915141574,0.04621170457570787,0.9890020461800341,1.0,1.0,1.0
21,1,default,0.9120457807933691,1,0.08,0.6,-0.908501697597105,1.1268032039650662,True,False,False,True,True,21,savgol,median,0.22963304318306482,0.11481652159153241,0.891936461313617,0.937007874015748,0.9577689450029876,0.9366534175044814
21,1,no_smoothing,0.919509071728738,1,0.08,0.6,-0.6350619267518448,0.6036712659697131,True,False,False,True,True,21,none,median,0.72539085906883,0.362695429534415,0.48451241870642764,0.5826771653543307,0.4194287753393448,0.4194287753393448
21,1,derivative_window_11,0.9829736341674974,1,0.08,0.6,-0.8388940966639844,0.9629180626364829,True,False,False,True,True,11,savgol,median,0.2651365128092266,0.1325682564046133,0.8743469437216493,0.9232283464566929,0.6172629987356456,0.6172629987356456
21,1,derivative_window_31,0.8953589713297755,1,0.08,0.6,-0.9493005322104217,1.2293423038955151,True,False,False,True,True,31,savgol,median,0.2240912414664837,0.11204562073324185,0.8936432382469329,0.9448818897637795,0.963047826877614,0.9445717403164211
21,1,wider_coefficient_bounds,1.289489846432313,1,0.01,1.1268032039650662,-0.908501697597105,1.1268032039650662,True,False,False,False,True,21,savgol,median,0.9592255058486362,0.4796127529243181,0.6023439905636537,0.5610236220472441,0.40135850991114147,0.40135850991114147
21,1,temporal_mean,0.9927799410373921,1,0.08,0.6,-0.908501697597105,1.1268032039650662,True,False,False,True,True,21,savgol,mean,0.1919358108116531,0.09596790540582655,0.9281651057807173,0.9744094488188977,0.9829104285461056,0.9743656428191583
22,1,default,1.2031236355572927,1,0.08,0.6,-0.47721887733655866,0.7891371593202664,True,False,False,True,True,21,savgol,median,0.2704193769913096,0.1352096884956548,0.9257229196541681,0.9724409448818898,0.6489387042819489,0.6489387042819489
22,1,no_smoothing,1.1141776517793152,1,0.08,0.42137315274405174,-0.36422405836439764,0.42137315274405174,True,False,False,False,True,21,none,median,0.7064905194870702,0.3532452597435351,0.565097451601353,0.6062992125984252,0.42701113211510194,0.42701113211510194
22,1,derivative_window_11,1.2264989950805112,1,0.08,0.6,-0.43817467574738644,0.6961730403979304,True,False,False,True,True,11,savgol,median,0.30496293146826964,0.15248146573413482,0.9085509556453462,0.952755905511811,0.6364258815474152,0.6364258815474152
22,1,derivative_window_31,1.1826769722370336,1,0.08,0.6,-0.5189556608749054,0.873223889156541,True,False,False,True,True,31,savgol,median,0.25617031617796304,0.12808515808898152,0.9293455898125083,0.9724409448818898,0.6489381807073272,0.6489381807073272
22,1,wider_coefficient_bounds,1.318015309179146,1,0.01,0.7891371593202664,-0.47721887733655866,0.7891371593202664,True,False,False,False,True,21,savgol,median,0.9736892431129288,0.4868446215564644,0.532296611796841,0.5393700787401575,0.37115967955199497,0.37115967955199497
22,1,temporal_mean,1.2315563091420394,1,0.08,0.6,-0.47721887733655866,0.7891371593202664,True,False,False,True,True,21,savgol,mean,0.2804114275330577,0.14020571376652885,0.9300736284134997,0.9704724409448819,0.6476239292343298,0.6476239292343298
23,0,default,-0.2917967768016943,0,0.08,0.5332515583893885,-0.24521599718045542,0.5332515583893885,True,False,False,False,True,21,savgol,median,0.33483778142858245,0.16741889071429122,0.9711738737017813,0.9704724409448819,0.9709483920010236,0.9709483920010236
23,0,no_smoothing,-0.21963422641042823,0,0.08,0.2350557734086096,-0.21430207452286584,0.2350557734086096,True,False,False,False,True,21,none,median,0.7236185389374125,0.36180926946870623,0.7305600222953911,0.6338582677165354,0.6392417359004471,0.6392417359004471
23,0,derivative_window_11,-0.2929588870298139,0,0.08,0.42343646290906817,-0.2250141676391806,0.42343646290906817,True,False,False,False,True,11,savgol,median,0.3500374598097694,0.1750187299048847,0.9633715397021447,0.952755905511811,0.9533524283627358,0.9533524283627358
23,0,derivative_window_31,-0.2913522248602708,0,0.08,0.5822037132837452,-0.2628530554143678,0.5822037132837452,True,False,False,False,True,31,savgol,median,0.3322690964573002,0.1661345482286501,0.9722735048291498,0.968503937007874,0.9690705128205129,0.9690705128205129
23,0,wider_coefficient_bounds,-0.3089699593503384,0,0.01,0.5332515583893885,-0.24521599718045542,0.5332515583893885,True,False,False,False,True,21,savgol,median,0.9104980386925651,0.45524901934628254,0.7126106909320451,0.5511811023622047,0.5555315557719153,0.5555315557719153
23,0,temporal_mean,-0.290775544490085,0,0.08,0.5332515583893885,-0.24521599718045542,0.5332515583893885,True,False,False,False,True,21,savgol,mean,0.32768146818186683,0.16384073409093342,0.9733159449611133,0.9704724409448819,0.9709483920010236,0.9709483920010236
24,0,default,0.20734407364397872,0,0.08,0.6,-1.1323888045872517,1.2368336101219077,True,False,False,True,True,21,savgol,median,0.28594441882021565,0.14297220941010783,0.9135926312406183,0.8858267716535433,0.8686751369678198,0.8686751369678198
24,0,no_smoothing,0.1382980213072685,0,0.08,0.6,-0.6746887690920165,0.6012074872702664,True,False,False,True,True,21,none,median,0.7247997505660972,0.3623998752830486,0.6076473284960467,0.5688976377952756,0.575091202512935,0.575091202512935
24,0,derivative_window_11,0.12909100749671187,0,0.08,0.6,-0.97701182789762,1.005276870083889,True,False,False,True,True,11,savgol,median,0.2662127372441909,0.13310636862209546,0.9200328958729075,0.9311023622047244,0.9274462794713698,0.9274462794713698
24,0,derivative_window_31,0.2190298191531953,0,0.08,0.6,-1.1888584572272975,1.33065426878074,True,False,False,True,True,31,savgol,median,0.28733583807785096,0.14366791903892548,0.9139397254941829,0.8858267716535433,0.8667451863403087,0.8667451863403087
24,0,wider_coefficient_bounds,-0.10352882824642338,0,0.01,1.2,-1.1323888045872517,1.2368336101219077,True,False,False,True,True,21,savgol,median,1.0661744375092974,0.5330872187546487,0.5752571971941216,0.4862204724409449,0.4833999456396311,0.4833999456396311
24,0,temporal_mean,0.112826616018177,0,0.08,0.6,-1.1323888045872517,1.2368336101219077,True,False,False,True,True,21,savgol,mean,0.21707080417844837,0.10853540208922419,0.947861146922087,0.9448818897637795,0.9418350159447039,0.9418350159447039
25,0,default,0.554371332799135,1,0.4507445598557102,0.03346875928495205,0.4507445598557102,0.03346875928495205,False,False,False,False,False,21,savgol,median,0.5201535754609382,0.2600767877304691,0.7568931699416193,0.7598425196850394,0.604102564102564,0.604102564102564
25,0,no_smoothing,0.5690468556519271,1,0.08058110538247552,0.01489776885693156,0.08058110538247552,0.01489776885693156,False,False,False,False,False,21,none,median,0.9108751429278097,0.45543757146390484,0.3054081920082296,0.48031496062992124,0.4439712054874878,0.4439712054874878
25,0,derivative_window_11,0.5523505544396589,1,0.2699379603663929,0.07596738052631691,0.2699379603663929,0.07596738052631691,False,False,False,False,False,11,savgol,median,0.5221422206374524,0.2610711103187262,0.7497690498107819,0.7598425196850394,0.604102564102564,0.604102564102564
25,0,derivative_window_31,0.5527052052680694,1,0.6138636906076699,0.0,0.6138636906076699,-0.04363991040086603,False,False,True,False,True,31,savgol,median,0.5179474482897664,0.2589737241448832,0.7592928836779231,0.7598425196850394,0.604102564102564,0.604102564102564
25,0,wider_coefficient_bounds,0.554371332799135,1,0.4507445598557102,0.03346875928495205,0.4507445598557102,0.03346875928495205,False,False,False,False,False,21,savgol,median,0.5201535754609382,0.2600767877304691,0.7568931699416193,0.7598425196850394,0.604102564102564,0.604102564102564
25,0,temporal_mean,0.5431504866521853,1,0.4507445598557102,0.03346875928495205,0.4507445598557102,0.03346875928495205,False,False,False,False,False,21,savgol,mean,0.5094130633822873,0.25470653169114366,0.7715888819825267,0.7598425196850394,0.604102564102564,0.604102564102564
26,0,default,0.32498066256091424,0,0.08,0.6,-0.5360120249252388,0.8234342758495274,True,False,False,True,True,21,savgol,median,0.3790028082567744,0.1895014041283872,0.861393382545558,0.8228346456692913,0.7566511158744168,0.7566511158744168
26,0,no_smoothing,0.2998523515571966,0,0.08,0.24758628274929212,-0.19289379520517064,0.24758628274929212,True,False,False,False,True,21,none,median,0.8015032342786322,0.4007516171393161,0.47477348406939857,0.5295275590551181,0.5258562658613699,0.5258562658613699
26,0,derivative_window_11,0.3039889475469523,0,0.08,0.6,-0.4123533119060804,0.626399211455851,True,False,False,True,True,11,savgol,median,0.3752011875520325,0.18760059377601626,0.8561088010337777,0.8169291338582677,0.7554739871458113,0.7554739871458113
26,0,derivative_window_31,0.3437050076067103,0,0.08,0.6,-0.6715597572450145,0.9885405291782424,True,False,False,True,True,31,savgol,median,0.3897936230532807,0.19489681152664035,0.8519509789122878,0.8149606299212598,0.740735977134691,0.740735977134691
26,0,wider_coefficient_bounds,-0.027871391626637616,0,0.01,0.8234342758495274,-0.5360120249252388,0.8234342758495274,True,False,False,False,True,21,savgol,median,1.0180963998029549,0.5090481999014774,0.5590579869135988,0.5236220472440944,0.5270078392588743,0.5270078392588743
26,0,temporal_mean,0.3115051077761819,0,0.08,0.6,-0.5360120249252388,0.8234342758495274,True,False,False,True,True,21,savgol,mean,0.35622287644186096,0.17811143822093048,0.8794108831487413,0.812992125984252,0.7392939537099245,0.7392939537099245
27,0,default,-0.2968354591068108,0,0.08,0.5657809984698761,-0.05292677190042403,0.5657809984698761,True,False,False,False,True,21,savgol,median,0.34276132115071184,0.17138066057535592,0.9719986386855638,0.9665354330708661,0.9671992662072965,0.9671992662072965
27,0,no_smoothing,-0.2722463847865992,0,0.08,0.1761836905109554,-0.03840569190508107,0.1761836905109554,True,False,False,False,True,21,none,median,0.7341087301386213,0.36705436506931066,0.7449067487278955,0.6377952755905512,0.6427531044980385,0.6427531044980385
27,0,derivative_window_11,-0.2965262727739333,0,0.08,0.4518771540832102,-0.04291815412936308,0.4518771540832102,True,False,False,False,True,11,savgol,median,0.36285096846595616,0.18142548423297808,0.9630810332466562,0.9468503937007874,0.9476330421813465,0.9476330421813465
27,0,derivative_window_31,-0.29768745513369316,0,0.08,0.6,-0.06362250512075505,0.6288780514183719,True,False,False,True,True,31,savgol,median,0.34155358910096884,0.17077679455048442,0.9732431798331922,0.968503937007874,0.9690705128205129,0.9690705128205129
27,0,wider_coefficient_bounds,-0.3159461047840104,0,0.01,0.5657809984698761,-0.05292677190042403,0.5657809984698761,True,False,False,False,True,21,savgol,median,0.9149466869952755,0.45747334349763774,0.7159575666659852,0.5590551181102362,0.5635578495043813,0.5635578495043813
27,0,temporal_mean,-0.2958985919206737,0,0.08,0.5657809984698761,-0.05292677190042403,0.5657809984698761,True,False,False,False,True,21,savgol,mean,0.33795151256567735,0.16897575628283867,0.9728549017216476,0.9645669291338582,0.9651633833610073,0.9651633833610073
28,1,default,0.9676495287308592,1,0.08,0.6,-0.837479524564645,1.3071566419003111,True,False,False,True,True,21,savgol,median,0.24793076094182426,0.12396538047091213,0.8781510548820398,0.9330708661417323,0.6245463646602428,0.6245463646602428
28,1,no_smoothing,0.989995033831838,1,0.08,0.6,-0.6241179693725545,0.6762741805804494,True,False,False,True,True,21,none,median,0.7154516599661188,0.3577258299830594,0.4855281232065028,0.5787401574803149,0.4047058823529412,0.4047058823529412
28,1,derivative_window_11,1.0270612789438807,1,0.08,0.6,-0.8297001851860476,1.1569946023964255,True,False,False,True,True,11,savgol,median,0.2777628699383735,0.13888143496918676,0.8698310982185928,0.9291338582677166,0.6250473484848484,0.6250473484848484
28,1,derivative_window_31,0.9229461110900433,1,0.08,0.6,-0.8375011512739935,1.3528953006517865,True,False,False,True,True,31,savgol,median,0.25414649462723754,0.12707324731361877,0.8656426228394427,0.9212598425196851,0.6152302624721163,0.6152302624721163
28,1,wider_coefficient_bounds,1.3134664948748702,1,0.01,1.2,-0.837479524564645,1.3071566419003111,True,False,False,True,True,21,savgol,median,1.0432741083105486,0.5216370541552743,0.493840193909161,0.5078740157480315,0.34861093679230354,0.34861093679230354
28,1,temporal_mean,1.0622263888401147,1,0.08,0.6,-0.837479524564645,1.3071566419003111,True,False,False,True,True,21,savgol,mean,0.24061435385301835,0.12030717692650918,0.9039812524237337,0.9448818897637795,0.6318083638093307,0.6318083638093307
29,1,default,0.8054590793603671,1,0.08,0.6,-1.2037978123988122,1.2295763346298443,True,False,False,True,True,21,savgol,median,0.28095020847246205,0.14047510423623102,0.8271365829111987,0.8917322834645669,0.9266940842335871,0.8900411263503808
29,1,no_smoothing,0.977747130291032,1,0.08,0.6,-0.7877658454083543,0.6815761428630763,True,False,False,True,True,21,none,median,0.7038950842722185,0.35194754213610924,0.5272016242021799,0.6259842519685039,0.44399538106235564,0.44399538106235564
29,1,derivative_window_11,0.9445567618485525,1,0.08,0.6,-1.0452922051689972,1.0199309302063706,True,False,False,True,True,11,savgol,median,0.24786717181866716,0.12393358590933358,0.8718476728345524,0.9291338582677166,0.6205151458294244,0.6205151458294244
29,1,derivative_window_31,0.7771782847473138,1,0.08,0.6,-1.3936731973260699,1.4108274601321975,True,False,False,True,True,31,savgol,median,0.2875186823485305,0.14375934117426525,0.8187350630307842,0.8779527559055118,0.916871215840288,0.875306823760432
29,1,wider_coefficient_bounds,1.2422486722392578,1,0.01,1.2,-1.2037978123988122,1.2295763346298443,True,False,False,True,True,21,savgol,median,0.987784161473439,0.4938920807367195,0.5180720597264518,0.5177165354330708,0.35676612417118747,0.35676612417118747
29,1,temporal_mean,1.043405345334831,1,0.08,0.6,-1.2037978123988122,1.2295763346298443,True,False,False,True,True,21,savgol,mean,0.18656675079277257,0.09328337539638629,0.9378271689802825,0.9744094488188977,0.9829247450282281,0.9743871175423423
30,0,default,-0.06208817426616088,0,0.4199191745458945,0.17373572001008925,0.4199191745458945,0.17373572001008925,False,False,False,False,False,21,savgol,median,0.07234949053685803,0.036174745268429016,0.9973011686973668,1.0,1.0,1.0
30,0,no_smoothing,-0.057660950709123485,0,0.421960822089402,0.0,0.421960822089402,-0.19956038515541744,False,False,True,False,True,21,none,median,0.1618325664439931,0.08091628322199655,0.9760451012945399,0.9783464566929134,0.9780020073880825,0.9780020073880825
30,0,derivative_window_11,-0.055265066108733614,0,0.4238259558837651,0.07208651149451845,0.4238259558837651,0.07208651149451845,False,False,False,False,False,11,savgol,median,0.07147143744373391,0.035735718721866955,0.9967808876243557,1.0,1.0,1.0
30,0,derivative_window_31,-0.06936953312487223,0,0.4143384315467581,0.22239296472831804,0.4143384315467581,0.22239296472831804,False,False,False,False,False,31,savgol,median,0.07782644039207569,0.038913220196037844,0.9971832481919602,1.0,1.0,1.0
30,0,wider_coefficient_bounds,-0.06208817426616088,0,0.4199191745458945,0.17373572001008925,0.4199191745458945,0.17373572001008925,False,False,False,False,False,21,savgol,median,0.07234949053685803,0.036174745268429016,0.9973011686973668,1.0,1.0,1.0
30,0,temporal_mean,-0.06225818723864532,0,0.4199191745458945,0.17373572001008925,0.4199191745458945,0.17373572001008925,False,False,False,False,False,21,savgol,mean,0.07356675213980175,0.036783376069900876,0.9971282923390006,1.0,1.0,1.0
31,0,default,-0.2976770953425805,0,0.08,0.5045850557232845,-0.01726918986599902,0.5045850557232845,True,False,False,False,True,21,savgol,median,0.34347644825136037,0.17173822412568018,0.9698475781557221,0.9625984251968503,0.963295994322683,0.963295994322683
31,0,no_smoothing,-0.26259477136006615,0,0.08,0.11125310417699194,5.5801813757352914e-05,0.11125310417699194,True,False,False,False,True,21,none,median,0.6943700483117933,0.34718502415589664,0.7820362836348359,0.6299212598425197,0.6368055649011684,0.6368055649011684
31,0,derivative_window_11,-0.2980679121542391,0,0.08,0.38951693089960276,-0.008272948650208117,0.38951693089960276,True,False,False,False,True,11,savgol,median,0.36220362871643935,0.18110181435821968,0.9602545214336612,0.9488188976377953,0.9494871914226751,0.9494871914226751
31,0,derivative_window_31,-0.2977585479776383,0,0.08,0.5630388276680379,-0.03015003283504296,0.5630388276680379,True,False,False,False,True,31,savgol,median,0.3404538136684537,0.17022690683422684,0.9713651464973978,0.9586614173228346,0.9592439475308715,0.9592439475308715
31,0,wider_coefficient_bounds,-0.31444447714170876,0,0.01,0.5045850557232845,-0.01726918986599902,0.5045850557232845,True,False,False,False,True,21,savgol,median,0.917984977524631,0.4589924887623155,0.6998591615401276,0.5570866141732284,0.5617358952175415,0.5617358952175415
31,0,temporal_mean,-0.2953270985411346,0,0.08,0.5045850557232845,-0.01726918986599902,0.5045850557232845,True,False,False,False,True,21,savgol,mean,0.33828692167169,0.169143460835845,0.9706847713660637,0.9566929133858267,0.9573775480449921,0.9573775480449921
32,1,default,1.272571380803131,1,0.08,0.6,-0.3611541630809461,0.741157894270862,True,False,False,True,True,21,savgol,median,0.3101134093049702,0.1550567046524851,0.9301892432939424,0.9783464566929134,0.6528810276567262,0.6528810276567262
32,1,no_smoothing,1.1804087168606958,1,0.08,0.3264848032491833,-0.30225399990327834,0.3264848032491833,True,False,False,False,True,21,none,median,0.6717578460600692,0.3358789230300346,0.6239489083158228,0.6358267716535433,0.4487288595951182,0.4487288595951182
32,1,derivative_window_11,1.2703054292198857,1,0.08,0.6,-0.33513611502509105,0.6026787723571567,True,False,False,True,True,11,savgol,median,0.33449963786591785,0.16724981893295893,0.9116041099096814,0.9625984251968503,0.6442926280511384,0.6442926280511384
32,1,derivative_window_31,1.2726990496138584,1,0.08,0.6,-0.3828600781138185,0.8240470328087853,True,False,False,True,True,31,savgol,median,0.3104587032756722,0.1552293516378361,0.9302994738268112,0.9783464566929134,0.6528810276567262,0.6528810276567262
32,1,wider_coefficient_bounds,1.30699609198539,1,0.01,0.741157894270862,-0.3611541630809461,0.741157894270862,True,False,False,False,True,21,savgol,median,0.900720309645838,0.450360154822919,0.6081877392693088,0.5708661417322834,0.39871337015350966,0.39871337015350966
32,1,temporal_mean,1.2767073778109959,1,0.08,0.6,-0.3611541630809461,0.741157894270862,True,False,False,True,True,21,savgol,mean,0.307881933095489,0.1539409665477445,0.9330657549727417,0.9744094488188977,0.650252427184466,0.650252427184466
33,0,default,-0.27119762312687556,0,0.08,0.5712549724635546,-0.1516755414995792,0.5712549724635546,True,False,False,False,True,21,savgol,median,0.3212756346486551,0.16063781732432755,0.9659788698452881,0.9980314960629921,0.9980069447133691,0.9980069447133691
33,0,no_smoothing,-0.21941997892793771,0,0.08,0.21789684850098173,-0.1501424423421861,0.21789684850098173,True,False,False,False,True,21,none,median,0.7108008476968558,0.3554004238484279,0.7350416187461567,0.655511811023622,0.6619890813231257,0.6619890813231257
33,0,derivative_window_11,-0.2674319610652434,0,0.08,0.4517506549657966,-0.1518434276468999,0.4517506549657966,True,False,False,False,True,11,savgol,median,0.3360118778826657,0.16800593894133284,0.9580140414043011,0.9862204724409449,0.9861677429923646,0.9861677429923646
33,0,derivative_window_31,-0.27142401980710607,0,0.08,0.6,-0.15259399752548541,0.6405592841157245,True,False,False,True,True,31,savgol,median,0.31566786022334237,0.15783393011167118,0.9688969616120424,0.9940944881889764,0.99402466677728,0.99402466677728
33,0,wider_coefficient_bounds,-0.25251178257889423,0,0.01,0.5712549724635546,-0.1516755414995792,0.5712549724635546,True,False,False,False,True,21,savgol,median,0.8908803268871336,0.4454401634435668,0.6877733912850753,0.5905511811023622,0.5942300456088554,0.5942300456088554
33,0,temporal_mean,-0.26573477536856294,0,0.08,0.5712549724635546,-0.1516755414995792,0.5712549724635546,True,False,False,False,True,21,savgol,mean,0.31682664673606287,0.15841332336803143,0.9664853632440742,0.9980314960629921,0.9980069447133691,0.9980069447133691
34,1,default,1.223791007757166,1,0.08,0.6,-0.25021480399469276,0.607542614772376,True,False,False,True,True,21,savgol,median,0.34136100951551374,0.17068050475775687,0.8728504849430047,0.9566929133858267,0.9711286089238845,0.9566929133858267
34,1,no_smoothing,1.1645354683063305,1,0.08,0.24305894440849854,-0.18219238679869465,0.24305894440849854,True,False,False,False,True,21,none,median,0.6916877439916566,0.3458438719958283,0.5931341340665911,0.6200787401574803,0.4357001792604746,0.4357001792604746
34,1,derivative_window_11,1.2416491951314008,1,0.08,0.4919237455149478,-0.22089282881542305,0.4919237455149478,True,False,False,False,True,11,savgol,median,0.36450729806576593,0.18225364903288296,0.8576856137920564,0.9389763779527559,0.6284147241852125,0.6284147241852125
34,1,derivative_window_31,1.1860284076468717,1,0.08,0.6,-0.2555742206463838,0.676669904520364,True,False,False,True,True,31,savgol,median,0.3273378239012154,0.1636689119506077,0.8700616299808263,0.9547244094488189,0.9698161560032498,0.9547242340048747
34,1,wider_coefficient_bounds,1.3189012584622704,1,0.01,0.607542614772376,-0.25021480399469276,0.607542614772376,True,False,False,False,True,21,savgol,median,0.9135452810739951,0.45677264053699757,0.5155391741438997,0.5590551181102362,0.3861657722122838,0.3861657722122838
34,1,temporal_mean,1.2545105808426185,1,0.08,0.6,-0.25021480399469276,0.607542614772376,True,False,False,True,True,21,savgol,mean,0.34995141789273204,0.17497570894636602,0.8789893989321368,0.9586614173228346,0.9724408380899238,0.9586612571348856
35,1,default,1.2760031972977475,1,0.08,0.5757419097581711,-0.3660231449521004,0.5757419097581711,True,False,False,False,True,21,savgol,median,0.31221882462730055,0.15610941231365028,0.9265883740115175,0.9665354330708661,0.9776860518445311,0.9665290777667965
35,1,no_smoothing,1.2044330309489026,1,0.08,0.32876241192360606,-0.3253088312762038,0.32876241192360606,True,False,False,False,True,21,none,median,0.6938757436687649,0.34693787183438246,0.6012027253946931,0.6417322834645669,0.4514888917208275,0.4514888917208275
35,1,derivative_window_11,1.2766318444719689,1,0.08,0.4927069907522582,-0.3557660191928437,0.4927069907522582,True,False,False,False,True,11,savgol,median,0.33349162636119034,0.16674581318059517,0.913250183078298,0.9566929133858267,0.6390600684718332,0.6390600684718332
35,1,derivative_window_31,1.277359258412701,1,0.08,0.6,-0.37833860516381634,0.6286939427081358,True,False,False,True,True,31,savgol,median,0.3119490821769963,0.15597454108849815,0.9308480303711217,0.968503937007874,0.9789996951235267,0.96849954268529
35,1,wider_coefficient_bounds,1.3156118703370652,1,0.01,0.5757419097581711,-0.3660231449521004,0.5757419097581711,True,False,False,False,True,21,savgol,median,0.9164598933342214,0.4582299466671107,0.59424055678596,0.5748031496062992,0.40902775644242356,0.40902775644242356
35,1,temporal_mean,1.2822545983091065,1,0.08,0.5757419097581711,-0.3660231449521004,0.5757419097581711,True,False,False,False,True,21,savgol,mean,0.3158779292566771,0.15793896462833856,0.9274139839761341,0.968503937007874,0.9789996951235267,0.96849954268529
36,0,default,0.5299206539568452,1,0.7182864232530579,0.0,0.7182864232530579,-0.139984211159458,False,False,True,False,True,21,savgol,median,0.4964744657905863,0.24823723289529315,0.7886639315244686,0.7598425196850394,0.604102564102564,0.604102564102564
36,0,no_smoothing,0.5503341405633345,1,0.2522198456197037,0.0,0.2522198456197037,-0.07908907090423227,False,False,True,False,True,21,none,median,0.5741672960839826,0.2870836480419913,0.6371667262179372,0.7125984251968503,0.5673863293549787,0.5673863293549787
36,0,derivative_window_11,0.5323118080410622,1,0.6037105264833577,0.0,0.6037105264833577,-0.15688427041963718,False,False,True,False,True,11,savgol,median,0.4992154535191847,0.24960772675959236,0.7852091328539788,0.7598425196850394,0.604102564102564,0.604102564102564
36,0,derivative_window_31,0.5302599686342638,1,0.7401929596745029,0.0,0.7401929596745029,-0.08904386340838648,False,False,True,False,True,31,savgol,median,0.49671437667240864,0.24835718833620432,0.7889204471311982,0.7598425196850394,0.604102564102564,0.604102564102564
36,0,wider_coefficient_bounds,0.5299206539568452,1,0.7182864232530579,0.0,0.7182864232530579,-0.139984211159458,False,False,True,False,True,21,savgol,median,0.4964744657905863,0.24823723289529315,0.7886639315244686,0.7598425196850394,0.604102564102564,0.604102564102564
36,0,temporal_mean,0.5294089981399742,1,0.7182864232530579,0.0,0.7182864232530579,-0.139984211159458,False,False,True,False,True,21,savgol,mean,0.49592336038374096,0.24796168019187048,0.7895938070796317,0.7598425196850394,0.604102564102564,0.604102564102564
37,0,default,0.0786997144715384,0,0.08,0.6,-0.3327053141132569,0.6190135869696961,True,False,False,True,True,21,savgol,median,0.22733051990357325,0.11366525995178663,0.9445752157833176,0.952755905511811,0.9501357129656669,0.9501357129656669
37,0,no_smoothing,0.12534016091707043,0,0.08,0.21073885143925059,-0.18035672177831874,0.21073885143925059,True,False,False,False,True,21,none,median,0.7525642792661209,0.37628213963306045,0.5877126856551099,0.5551181102362205,0.5589952159347177,0.5589952159347177
37,0,derivative_window_11,0.0983765181859343,0,0.08,0.5016640391785081,-0.2883199240293519,0.5016640391785081,True,False,False,False,True,11,savgol,median,0.24980881363212942,0.12490440681606471,0.9338736229980532,0.952755905511811,0.9499556436674577,0.9499556436674577
37,0,derivative_window_31,0.05354734343988508,0,0.08,0.6,-0.3888168427661926,0.7180839470041875,True,False,False,True,True,31,savgol,median,0.198767910513571,0.0993839552567855,0.9571855206723202,0.9724409448818898,0.9716376833341238,0.9716376833341238
37,0,wider_coefficient_bounds,-0.2917128528879644,0,0.01,0.6190135869696961,-0.3327053141132569,0.6190135869696961,True,False,False,False,True,21,savgol,median,0.9351555451869823,0.46757777259349115,0.675656541496855,0.5452755905511811,0.5455191231880524,0.5455191231880524
37,0,temporal_mean,0.0884394263513424,0,0.08,0.6,-0.3327053141132569,0.6190135869696961,True,False,False,True,True,21,savgol,mean,0.20056669899585525,0.10028334949792762,0.9564195571072862,0.9704724409448819,0.9692711711813323,0.9692711711813323
38,1,default,1.1858135249015898,1,0.08,0.6,-0.3063590008964003,0.6811114828356615,True,False,False,True,True,21,savgol,median,0.266384038335049,0.1331920191675245,0.9293941251771188,0.984251968503937,0.6574898785425102,0.6574898785425102
38,1,no_smoothing,1.0398540939376126,1,0.08,0.3243353014297537,-0.2868691743447437,0.3243353014297537,True,False,False,False,True,21,none,median,0.6924752913510993,0.34623764567554965,0.5439180492425633,0.6122047244094488,0.43462754316284347,0.43462754316284347
38,1,derivative_window_11,1.1535077576506751,1,0.08,0.5802064940346474,-0.33093337256030886,0.5802064940346474,True,False,False,False,True,11,savgol,median,0.2772064200693628,0.1386032100346814,0.9123635653590142,0.9625984251968503,0.6462564715252888,0.6462564715252888
38,1,derivative_window_31,1.1986084783072004,1,0.08,0.6,-0.2982636714144585,0.7350887380613637,True,False,False,True,True,31,savgol,median,0.26793053845148174,0.13396526922574087,0.9320753226628802,0.9822834645669292,0.6561725151320527,0.6561725151320527
38,1,wider_coefficient_bounds,1.306905966165844,1,0.01,0.6811114828356615,-0.3063590008964003,0.6811114828356615,True,False,False,False,True,21,savgol,median,0.9498252566052412,0.4749126283026206,0.5925752764379996,0.5452755905511811,0.3781039406857159,0.3781039406857159
38,1,temporal_mean,1.1736405212704095,1,0.08,0.6,-0.3063590008964003,0.6811114828356615,True,False,False,True,True,21,savgol,mean,0.25260803945631266,0.12630401972815633,0.9351587184149247,0.9803149606299213,0.6555178555178555,0.6555178555178555
39,1,default,1.1038752272310035,1,0.08,0.6,-0.7579794232831528,1.1054097094979545,True,False,False,True,True,21,savgol,median,0.23865627830880953,0.11932813915440477,0.9191715655410533,0.9606299212598425,0.6410547192576367,0.6410547192576367
39,1,no_smoothing,1.09369196768289,1,0.08,0.5771543780982805,-0.5673132767239139,0.5771543780982805,True,False,False,False,True,21,none,median,0.6953188170368874,0.3476594085184437,0.5597221981439313,0.6318897637795275,0.44388475950611217,0.44388475950611217
39,1,derivative_window_11,1.177888002956367,1,0.08,0.6,-0.689768201303741,0.9422712870007082,True,False,False,True,True,11,savgol,median,0.28688104824788296,0.14344052412394148,0.9026958190988147,0.9488188976377953,0.6344247810607833,0.6344247810607833
39,1,derivative_window_31,1.0693132851896738,1,0.08,0.6,-0.8511427003667907,1.2253781750193191,True,False,False,True,True,31,savgol,median,0.23022244049484616,0.11511122024742308,0.9144584309178165,0.9606299212598425,0.6417001526337103,0.6417001526337103
39,1,wider_coefficient_bounds,1.3064562447460182,1,0.01,1.1054097094979545,-0.7579794232831528,1.1054097094979545,True,False,False,False,True,21,savgol,median,0.9749303474996396,0.4874651737498198,0.5673376855968421,0.5452755905511811,0.37446768090933563,0.37446768090933563
39,1,temporal_mean,1.2058906738621507,1,0.08,0.6,-0.7579794232831528,1.1054097094979545,True,False,False,True,True,21,savgol,mean,0.26270001678857746,0.13135000839428873,0.9342434275777366,0.9724409448818898,0.6495875486381323,0.6495875486381323
40,1,default,1.2210625819861218,1,0.08,0.6,-0.3291614103904801,0.6377903895828486,True,False,False,True,True,21,savgol,median,0.3142432571359946,0.1571216285679973,0.8959864147581567,0.9488188976377953,0.965878736211217,0.9488181043168256
40,1,no_smoothing,1.112028064942393,1,0.08,0.3101468634111642,-0.2913079639942902,0.3101468634111642,True,False,False,False,True,21,none,median,0.697509232560194,0.348754616280097,0.543469579418266,0.6259842519685039,0.438737074020113,0.438737074020113
40,1,derivative_window_11,1.2157024395955107,1,0.08,0.5235528175254581,-0.3203397802742706,0.5235528175254581,True,False,False,False,True,11,savgol,median,0.33405851243020834,0.16702925621510417,0.8740099155528028,0.937007874015748,0.6252850534904008,0.6252850534904008
40,1,derivative_window_31,1.2238354581002393,1,0.08,0.6,-0.33496625299241045,0.692670569136339,True,False,False,True,True,31,savgol,median,0.31144941131027715,0.15572470565513857,0.8987790902250419,0.9507874015748031,0.9671914739165759,0.9507872108748638
40,1,wider_coefficient_bounds,1.318765994414088,1,0.01,0.6377903895828486,-0.3291614103904801,0.6377903895828486,True,False,False,False,True,21,savgol,median,0.965024998169642,0.482512499084821,0.5113151118655116,0.5216535433070866,0.358863107589763,0.358863107589763
40,1,temporal_mean,1.2229640863659896,1,0.08,0.6,-0.3291614103904801,0.6377903895828486,True,False,False,True,True,21,savgol,mean,0.3133463611336361,0.15667318056681806,0.8991877520603963,0.9448818897637795,0.9632540236120798,0.9448810354181199
41,1,default,1.0140874207254962,1,0.5850006610034848,0.017638796301636547,0.5850006610034848,0.017638796301636547,False,False,False,False,False,21,savgol,median,0.03098004175673384,0.01549002087836692,0.9979647835388206,1.0,1.0,1.0
41,1,no_smoothing,1.0170177654008838,1,0.5625521003803217,0.0,0.5625521003803217,-0.3098198685139452,False,False,True,False,True,21,none,median,0.11952613022168865,0.059763065110844324,0.9690878701545489,0.9960629921259843,0.9973712535187945,0.9960568802781917
41,1,derivative_window_11,1.0127991099973812,1,0.5810717136756829,0.0,0.5810717136756829,-0.07843547578926639,False,False,True,False,True,11,savgol,median,0.03602974604160747,0.018014873020803734,0.997195903687809,1.0,1.0,1.0
41,1,derivative_window_31,1.01653559615045,1,0.5840031127275446,0.07242084245577013,0.5840031127275446,0.07242084245577013,False,False,False,False,False,31,savgol,median,0.030140830981031944,0.015070415490515972,0.9981512570407651,1.0,1.0,1.0
41,1,wider_coefficient_bounds,1.0140874207254962,1,0.5850006610034848,0.017638796301636547,0.5850006610034848,0.017638796301636547,False,False,False,False,False,21,savgol,median,0.03098004175673384,0.01549002087836692,0.9979647835388206,1.0,1.0,1.0
41,1,temporal_mean,1.0138412807995805,1,0.5850006610034848,0.017638796301636547,0.5850006610034848,0.017638796301636547,False,False,False,False,False,21,savgol,mean,0.030095693432837987,0.015047846716418994,0.9980853405210085,1.0,1.0,1.0
42,0,default,-0.22820768324701873,0,0.08,0.6,-0.2580333364151067,0.8813749001090927,True,False,False,True,True,21,savgol,median,0.3067682857437909,0.15338414287189545,0.9582659412094107,0.9862204724409449,0.985922247469171,0.985922247469171
42,0,no_smoothing,-0.15219401931697435,0,0.08,0.33446024421740234,-0.20688925282654824,0.33446024421740234,True,False,False,False,True,21,none,median,0.7425948288455186,0.3712974144227593,0.7041261957499367,0.5964566929133859,0.6040742998139826,0.6040742998139826
42,0,derivative_window_11,-0.21848175965804276,0,0.08,0.6,-0.23810653213056956,0.7002485329387554,True,False,False,True,True,11,savgol,median,0.33490606282933966,0.16745303141466983,0.945606647578327,0.9566929133858267,0.9557059813150027,0.9557059813150027
42,0,derivative_window_31,-0.23237573341496898,0,0.08,0.6,-0.2683143724997128,1.009576308896893,True,False,False,True,True,31,savgol,median,0.29571863029451967,0.14785931514725983,0.9639464260710892,0.9901574803149606,0.989945168274466,0.989945168274466
42,0,wider_coefficient_bounds,-0.22372734444578066,0,0.01,0.8813749001090927,-0.2580333364151067,0.8813749001090927,True,False,False,False,True,21,savgol,median,1.0308034050992387,0.5154017025496194,0.5896967125612497,0.5216535433070866,0.5192352056485795,0.5192352056485795
42,0,temporal_mean,-0.19692920068098288,0,0.08,0.6,-0.2580333364151067,0.8813749001090927,True,False,False,True,True,21,savgol,mean,0.33273800394571235,0.16636900197285617,0.939755791754798,0.9665354330708661,0.9651482657040029,0.9651482657040029
43,1,default,1.2830816737163133,1,0.1495189982325845,0.4615650346881349,0.1495189982325845,0.4615650346881349,False,False,False,False,False,21,savgol,median,0.2914390128291085,0.14571950641455425,0.9366800440882758,0.9744094488188977,0.9829363925869942,0.9744045888804914
43,1,no_smoothing,1.2776332709192448,1,0.136733541106924,0.05233277882824781,0.136733541106924,0.05233277882824781,False,False,False,False,False,21,none,median,0.5103466049248759,0.25517330246243797,0.763578951924423,0.781496062992126,0.5367783696088534,0.5367783696088534
43,1,derivative_window_11,1.2857870482167961,1,0.14030165450580845,0.33870699068343024,0.14030165450580845,0.33870699068343024,False,False,False,False,False,11,savgol,median,0.3047697272585921,0.15238486362929604,0.9265541046850986,0.9704724409448819,0.9803130534531602,0.9704695801797403
43,1,derivative_window_31,1.2819839596862783,1,0.15093807094415965,0.5090304831324577,0.15093807094415965,0.5090304831324577,False,False,False,False,False,31,savgol,median,0.2892653903955675,0.14463269519778374,0.9379122222671299,0.9763779527559056,0.9842480620155039,0.9763720930232558
43,1,wider_coefficient_bounds,1.2830816737163133,1,0.1495189982325845,0.4615650346881349,0.1495189982325845,0.4615650346881349,False,False,False,False,False,21,savgol,median,0.2914390128291085,0.14571950641455425,0.9366800440882758,0.9744094488188977,0.9829363925869942,0.9744045888804914
43,1,temporal_mean,1.2823394534396109,1,0.1495189982325845,0.4615650346881349,0.1495189982325845,0.4615650346881349,False,False,False,False,False,21,savgol,mean,0.2901261005083587,0.14506305025417934,0.9367153398306837,0.9744094488188977,0.9829363925869942,0.9744045888804914
44,1,default,0.6193713307210889,1,0.5614753232031663,0.018600377095755127,0.5614753232031663,0.018600377095755127,False,False,False,False,False,21,savgol,median,0.3574815652771141,0.17874078263855706,0.7450557878843266,0.7598425196850394,0.8263247863247862,0.7394871794871795
44,1,no_smoothing,0.6708447871452694,1,0.3332851725103717,0.0,0.3332851725103717,-0.1446840132810506,False,False,True,False,True,21,none,median,0.36751216198539227,0.18375608099269614,0.7314738654709091,0.781496062992126,0.5149689262048812,0.5149689262048812
44,1,derivative_window_11,0.6250841994042468,1,0.5146420644926468,0.0,0.5146420644926468,-0.04352854647381977,False,False,True,False,True,11,savgol,median,0.353189195349957,0.1765945976749785,0.7529404995635499,0.7598425196850394,0.8263247863247862,0.7394871794871795
44,1,derivative_window_31,0.6162730394909961,1,0.5859297959380496,0.04527096469303352,0.5859297959380496,0.04527096469303352,False,False,False,False,False,31,savgol,median,0.3601219600345998,0.1800609800172999,0.740375168366841,0.7598425196850394,0.8263247863247862,0.7394871794871795
44,1,wider_coefficient_bounds,0.6193713307210889,1,0.5614753232031663,0.018600377095755127,0.5614753232031663,0.018600377095755127,False,False,False,False,False,21,savgol,median,0.3574815652771141,0.17874078263855706,0.7450557878843266,0.7598425196850394,0.8263247863247862,0.7394871794871795
44,1,temporal_mean,0.6215391162176356,1,0.5614753232031663,0.018600377095755127,0.5614753232031663,0.018600377095755127,False,False,False,False,False,21,savgol,mean,0.3553086875737252,0.1776543437868626,0.7478042038916335,0.7598425196850394,0.8263247863247862,0.7394871794871795
45,1,default,0.5632188099043965,1,1.180709747971947,0.0,1.180709747971947,-0.4404141006623501,False,False,True,False,True,21,savgol,median,0.40916051133508463,0.20458025566754232,0.6640168662622183,0.7598425196850394,0.8263247863247862,0.7394871794871795
45,1,no_smoothing,0.5852559368546405,1,0.5800979683046557,0.0,0.5800979683046557,-0.3379600283670251,False,False,True,False,True,21,none,median,0.40602737387528653,0.20301368693764327,0.6662917509294879,0.7559055118110236,0.823477651674373,0.7352164775115595
45,1,derivative_window_11,0.5655344724042008,1,1.0438899543511593,0.0,1.0438899543511593,-0.4511476124928349,False,False,True,False,True,11,savgol,median,0.4071169304638222,0.2035584652319111,0.6672459935041093,0.7598425196850394,0.8263247863247862,0.7394871794871795
45,1,derivative_window_31,0.5627195420850285,1,1.1716692293437008,0.0,1.1716692293437008,-0.3760673687906724,False,False,True,False,True,31,savgol,median,0.4096044531046975,0.20480222655234875,0.6633776507331678,0.7598425196850394,0.8263247863247862,0.7394871794871795
45,1,wider_coefficient_bounds,0.5632188099043965,1,1.180709747971947,0.0,1.180709747971947,-0.4404141006623501,False,False,True,False,True,21,savgol,median,0.40916051133508463,0.20458025566754232,0.6640168662622183,0.7598425196850394,0.8263247863247862,0.7394871794871795
45,1,temporal_mean,0.5637100980411157,1,1.180709747971947,0.0,1.180709747971947,-0.4404141006623501,False,False,True,False,True,21,savgol,mean,0.408680331775025,0.2043401658875125,0.6649281821205915,0.7598425196850394,0.8263247863247862,0.7394871794871795
46,0,default,-0.2786889662289415,0,0.08,0.5128912463524401,-0.14445003321821973,0.5128912463524401,True,False,False,False,True,21,savgol,median,0.30751717104017945,0.15375858552008972,0.9751807415298348,0.9803149606299213,0.9803467418374251,0.9803467418374251
46,0,no_smoothing,-0.19848172260833719,0,0.08,0.18176072957224196,-0.1179289901661987,0.18176072957224196,True,False,False,False,True,21,none,median,0.6901924296886894,0.3450962148443447,0.7498152924992874,0.6318897637795275,0.6393615567921723,0.6393615567921723
46,0,derivative_window_11,-0.2719024477833825,0,0.08,0.401245960251551,-0.13905819031263694,0.401245960251551,True,False,False,False,True,11,savgol,median,0.3227367459218933,0.16136837296094664,0.9682633496095732,0.9763779527559056,0.9765271651981893,0.9765271651981893
46,0,derivative_window_31,-0.2793110562065064,0,0.08,0.5687622255553165,-0.1425046404222701,0.5687622255553165,True,False,False,False,True,31,savgol,median,0.30644959175283765,0.15322479587641882,0.9758026322680267,0.9803149606299213,0.980441633984941,0.980441633984941
46,0,wider_coefficient_bounds,-0.29744804135389596,0,0.01,0.5128912463524401,-0.14445003321821973,0.5128912463524401,True,False,False,False,True,21,savgol,median,0.8581023165150613,0.42905115825753065,0.7126617785429373,0.5905511811023622,0.5957998202634157,0.5957998202634157
46,0,temporal_mean,-0.27650961241624716,0,0.08,0.5128912463524401,-0.14445003321821973,0.5128912463524401,True,False,False,False,True,21,savgol,mean,0.30454299183770106,0.15227149591885053,0.9760087577561246,0.984251968503937,0.9842897842897843,0.9842897842897843
47,0,default,-0.2790674621051193,0,0.08,0.6,-0.48054848064608496,0.9689953640715151,True,False,False,True,True,21,savgol,median,0.31828271529404667,0.15914135764702333,0.972965331240862,0.9763779527559056,0.9764146753351803,0.9764146753351803
47,0,no_smoothing,-0.225952146065795,0,0.08,0.4325317855776565,-0.3716015201232859,0.4325317855776565,True,False,False,False,True,21,none,median,0.721062892331716,0.360531446165858,0.7150992548622258,0.6515748031496063,0.6538730459226744,0.6538730459226744
47,0,derivative_window_11,-0.28147341627167255,0,0.08,0.6,-0.42683056740831105,0.7814424385471512,True,False,False,True,True,11,savgol,median,0.3408674400060297,0.17043372000301485,0.9658037117116569,0.9586614173228346,0.9588780087702706,0.9588780087702706
47,0,derivative_window_31,-0.27829435594273216,0,0.08,0.6,-0.5081979565029441,1.041200448586172,True,False,False,True,True,31,savgol,median,0.3144236321644179,0.15721181608220894,0.973806552850025,0.9763779527559056,0.9763417715096709,0.9763417715096709
47,0,wider_coefficient_bounds,-0.31034438002311787,0,0.01,0.9689953640715151,-0.48054848064608496,0.9689953640715151,True,False,False,False,True,21,savgol,median,0.9783309883036042,0.4891654941518021,0.6665047407872213,0.5393700787401575,0.5432575648435337,0.5432575648435337
47,0,temporal_mean,-0.2805529232167253,0,0.08,0.6,-0.48054848064608496,0.9689953640715151,True,False,False,True,True,21,savgol,mean,0.3152747956461956,0.1576373978230978,0.9739294411336509,0.9763779527559056,0.9765084328304966,0.9765084328304966
48,0,default,0.4263439474628622,0,0.08,0.5631732138567621,0.05075386832991107,0.5631732138567621,True,False,False,False,True,21,savgol,median,0.4544073029747573,0.22720365148737864,0.7932755601490353,0.7559055118110236,0.6228279309788743,0.6228279309788743
48,0,no_smoothing,0.468004301949491,0,0.08,0.10796471263538562,0.0616670195102201,0.10796471263538562,True,False,False,False,True,21,none,median,0.8744221203489936,0.4372110601744968,0.3701675324271412,0.5059055118110236,0.48199156571249596,0.48199156571249596
48,0,derivative_window_11,0.4867534953943581,0,0.13537421164932645,0.3495847256287789,0.13537421164932645,0.3495847256287789,False,False,False,False,False,11,savgol,median,0.4852576639874769,0.24262883199373844,0.7760512737091144,0.7618110236220472,0.6188289399120013,0.6188289399120013
48,0,derivative_window_31,0.40995773521493695,0,0.08,0.6,-0.04459814411290867,0.6792187073141889,True,False,False,True,True,31,savgol,median,0.4372943504614219,0.21864717523071095,0.8096275737814952,0.7736220472440944,0.6531005174868354,0.6531005174868354
48,0,wider_coefficient_bounds,0.3746825367995555,0,0.05075386832991107,0.5631732138567621,0.05075386832991107,0.5631732138567621,False,False,False,False,False,21,savgol,median,0.49055572022411437,0.24527786011205718,0.7402901314706157,0.75,0.6868221943293563,0.6868221943293563
48,0,temporal_mean,0.4707807903267416,0,0.08,0.5631732138567621,0.05075386832991107,0.5631732138567621,True,False,False,False,True,21,savgol,mean,0.49449017631215464,0.24724508815607732,0.7523917127019298,0.7519685039370079,0.6146121682987576,0.6146121682987576
49,0,default,-0.28754379587204937,0,0.08,0.6,-0.24131986399140454,0.6766024951654102,True,False,False,True,True,21,savgol,median,0.3288777507151594,0.1644388753575797,0.9691066543852848,0.9724409448818898,0.9725988319142628,0.9725988319142628
49,0,no_smoothing,-0.2386063872969871,0,0.08,0.29238143623885005,-0.21771739295365458,0.29238143623885005,True,False,False,False,True,21,none,median,0.7024668020366911,0.35123340101834555,0.7401558626120429,0.6377952755905512,0.6434594385245316,0.6434594385245316
49,0,derivative_window_11,-0.28321199755245496,0,0.08,0.5480766531452628,-0.2354310739697016,0.5480766531452628,True,False,False,False,True,11,savgol,median,0.34590979401811134,0.17295489700905567,0.9621828177744646,0.952755905511811,0.9530785494274339,0.9530785494274339
49,0,derivative_window_31,-0.28854872456645275,0,0.08,0.6,-0.24110574913641228,0.7207285986405806,True,False,False,True,True,31,savgol,median,0.3258043941536302,0.1629021970768151,0.9721342402635454,0.9724409448818898,0.9726991185579289,0.9726991185579289
49,0,wider_coefficient_bounds,-0.30633496874366645,0,0.01,0.6766024951654102,-0.24131986399140454,0.6766024951654102,True,False,False,False,True,21,savgol,median,0.9427677120567206,0.4713838560283603,0.668153387017495,0.5275590551181102,0.528497623291741,0.528497623291741
49,0,temporal_mean,-0.2856566665758859,0,0.08,0.6,-0.24131986399140454,0.6766024951654102,True,False,False,True,True,21,savgol,mean,0.32102200375625095,0.16051100187812548,0.9720350051293876,0.9724409448818898,0.9725988319142628,0.9725988319142628
50,0,default,-0.1335368724436561,0,0.08,0.43520605424463804,-0.005789064325979891,0.43520605424463804,True,False,False,False,True,21,savgol,median,0.2390455385030903,0.11952276925154515,0.963286612690517,0.984251968503937,0.984070833074743,0.984070833074743
50,0,no_smoothing,0.032261345755298564,0,0.08,0.09003864272634962,-0.0045389705860258865,0.09003864272634962,True,False,False,False,True,21,none,median,0.7240716699089124,0.3620358349544562,0.6367775369992641,0.5511811023622047,0.5583754183282114,0.5583754183282114
50,0,derivative_window_11,-0.09460238105922898,0,0.08,0.31523666561158453,-9.871199197204784e-05,0.31523666561158453,True,False,False,False,True,11,savgol,median,0.2593394242842207,0.12966971214211034,0.9452064002457728,0.9763779527559056,0.9760641181276103,0.9760641181276103
50,0,derivative_window_31,-0.15399229550217153,0,0.08,0.5329649124074292,-0.019230699936150238,0.5329649124074292,True,False,False,False,True,31,savgol,median,0.2360368552880724,0.1180184276440362,0.9689106378562428,0.9940944881889764,0.9940246667772801,0.9940246667772801
50,0,wider_coefficient_bounds,-0.28248343897205425,0,0.01,0.43520605424463804,-0.005789064325979891,0.43520605424463804,True,False,False,False,True,21,savgol,median,0.9124271679583684,0.4562135839791842,0.6748294021175627,0.5570866141732284,0.5601406797712325,0.5601406797712325
50,0,temporal_mean,-0.10340720667443244,0,0.08,0.43520605424463804,-0.005789064325979891,0.43520605424463804,True,False,False,False,True,21,savgol,mean,0.22441296191856214,0.11220648095928107,0.9634671524921343,0.9881889763779528,0.9880232106565908,0.9880232106565908
51,1,default,1.0711524143106244,1,0.08,0.6,-0.6614505766842658,0.9818122953084456,True,False,False,True,True,21,savgol,median,0.22462526096866448,0.11231263048433224,0.9210700681587117,0.9862204724409449,0.9908007797089414,0.9862011695634121
51,1,no_smoothing,0.9648894299926697,1,0.08,0.4993593787389752,-0.5227639802551554,0.4993593787389752,True,False,False,False,True,21,none,median,0.7351184719141685,0.36755923595708423,0.5266371199411505,0.5807086614173228,0.42304931335830215,0.42304931335830215
51,1,derivative_window_11,1.0377378750358193,1,0.08,0.6,-0.6688199907867978,0.8606534423942536,True,False,False,True,True,11,savgol,median,0.2606446809518388,0.1303223404759194,0.8863975682158259,0.9606299212598425,0.973684346848597,0.9605265202728954
51,1,derivative_window_31,1.0821487323973669,1,0.08,0.6,-0.6572356337408956,1.0406744277302122,True,False,False,True,True,31,savgol,median,0.22081140357156104,0.11040570178578052,0.9252832929794192,0.9803149606299213,0.9868601432968624,0.9802902149452937
51,1,wider_coefficient_bounds,1.2934153579079264,1,0.01,0.9818122953084456,-0.6614505766842658,0.9818122953084456,True,False,False,False,True,21,savgol,median,0.9639467492700218,0.4819733746350109,0.5316718492780785,0.5354330708661418,0.3717229104745872,0.3717229104745872
51,1,temporal_mean,1.0164100647225043,1,0.08,0.6,-0.6614505766842658,0.9818122953084456,True,False,False,True,True,21,savgol,mean,0.20646379923641248,0.10323189961820624,0.921197470121312,0.9724409448818898,0.9815927737660791,0.9723891606491187
52,1,default,0.9502750169282695,1,0.09395978137685283,0.5418572168829674,0.09395978137685283,0.5418572168829674,False,False,False,False,False,21,savgol,median,0.20533104648264183,0.10266552324132092,0.9152999964397626,0.9704724409448819,0.6489461358313817,0.6489461358313817
52,1,no_smoothing,0.9510871814405925,1,0.08,0.14157818282254284,0.045251317183865825,0.14157818282254284,True,False,False,False,True,21,none,median,0.707190509999211,0.3535952549996055,0.5050276717325681,0.59251968503937,0.4201137927098166,0.4201137927098166
52,1,derivative_window_11,0.9496159880463254,1,0.09518596480034416,0.40808474335840206,0.09518596480034416,0.40808474335840206,False,False,False,False,False,11,savgol,median,0.2382746946956677,0.11913734734783385,0.8864447906750291,0.9468503937007874,0.6337804182794731,0.6337804182794731
52,1,derivative_window_31,0.8952239703624021,1,0.10630583279214534,0.5922077828107002,0.10630583279214534,0.5922077828107002,False,False,False,False,False,31,savgol,median,0.1967513379039932,0.0983756689519966,0.9165654840940619,0.9665354330708661,0.9775957453708207,0.9663936180562311
52,1,wider_coefficient_bounds,0.9502750169282695,1,0.09395978137685283,0.5418572168829674,0.09395978137685283,0.5418572168829674,False,False,False,False,False,21,savgol,median,0.20533104648264183,0.10266552324132092,0.9152999964397626,0.9704724409448819,0.6489461358313817,0.6489461358313817
52,1,temporal_mean,0.9495303840181685,1,0.09395978137685283,0.5418572168829674,0.09395978137685283,0.5418572168829674,False,False,False,False,False,21,savgol,mean,0.19756871926180075,0.09878435963090038,0.9195683410299584,0.968503937007874,0.6469647400945111,0.6469647400945111
53,1,default,1.2292130252791733,1,0.08,0.6,-0.32121455790929226,0.6269103014122912,True,False,False,True,True,21,savgol,median,0.28549827771426345,0.14274913885713172,0.9266380114642911,0.9803149606299213,0.9868715531366133,0.9803073297049201
53,1,no_smoothing,1.1122323115655899,1,0.08,0.28820849816335975,-0.26215471366906873,0.28820849816335975,True,False,False,False,True,21,none,median,0.6921584453729963,0.34607922268649816,0.5957715532367924,0.6200787401574803,0.44128577241285766,0.44128577241285766
53,1,derivative_window_11,1.2057511122309337,1,0.08,0.5490262889585698,-0.3235684833818069,0.5490262889585698,True,False,False,False,True,11,savgol,median,0.29257065563526985,0.14628532781763492,0.909789006555054,0.968503937007874,0.6489129328500184,0.6489129328500184
53,1,derivative_window_31,1.2320698661163985,1,0.08,0.6,-0.31901564625606643,0.6624911239430478,True,False,False,True,True,31,savgol,median,0.28141275811814465,0.14070637905907232,0.9313660352692769,0.9822834645669292,0.9881812365497585,0.9822718548246379
53,1,wider_coefficient_bounds,1.3016948288397063,1,0.01,0.6269103014122912,-0.32121455790929226,0.6269103014122912,True,False,False,False,True,21,savgol,median,0.9610767653765592,0.4805383826882796,0.527262304257682,0.515748031496063,0.3592456925790259,0.3592456925790259
53,1,temporal_mean,1.225489001706645,1,0.08,0.6,-0.32121455790929226,0.6269103014122912,True,False,False,True,True,21,savgol,mean,0.2767575594233398,0.1383787797116699,0.9311330130945258,0.9803149606299213,0.6541954429278373,0.6541954429278373
54,1,default,0.7652511350847728,1,0.08,0.3625858160914792,-0.02324939753813823,0.3625858160914792,True,False,False,False,True,21,savgol,median,0.2988896672470882,0.1494448336235441,0.8057956233473657,0.860236220472441,0.5727077720248495,0.5727077720248495
54,1,no_smoothing,0.7475091359656132,1,0.08,0.14426766412134906,-0.051089776813245794,0.14426766412134906,True,False,False,False,True,21,none,median,0.7657642228450686,0.3828821114225343,0.37229724243085055,0.5019685039370079,0.36532434839859035,0.36532434839859035
54,1,derivative_window_11,0.7687435108878027,1,0.08,0.3329598646932336,-0.07045828099470516,0.3329598646932336,True,False,False,False,True,11,savgol,median,0.32913651511488917,0.16456825755744459,0.7676209313786799,0.8484251968503937,0.5661402885971806,0.5661402885971806
54,1,derivative_window_31,0.7606153911652396,1,0.08,0.365503394344808,0.031928018276216996,0.365503394344808,True,False,False,False,True,31,savgol,median,0.29435965545132664,0.14717982772566332,0.8075925130626601,0.8464566929133859,0.5629810609689886,0.5629810609689886
54,1,wider_coefficient_bounds,1.2236354270656709,1,0.01,0.3625858160914792,-0.02324939753813823,0.3625858160914792,True,False,False,False,True,21,savgol,median,0.9358336824840163,0.46791684124200816,0.5099806682832417,0.547244094488189,0.38044541713966246,0.38044541713966246
54,1,temporal_mean,0.7609848570718758,1,0.08,0.3625858160914792,-0.02324939753813823,0.3625858160914792,True,False,False,False,True,21,savgol,mean,0.2965825392064553,0.14829126960322764,0.8050529698070888,0.860236220472441,0.5728145177211651,0.5728145177211651
55,0,default,0.31379046465918653,0,0.08,0.6,-0.6229720179614878,1.1468496604271154,True,False,False,True,True,21,savgol,median,0.37195500191762015,0.18597750095881008,0.8510038293655134,0.8188976377952756,0.7613801329512561,0.7613801329512561
55,0,no_smoothing,0.3358843500656525,0,0.08,0.4618934317961837,-0.3288159128750093,0.4618934317961837,True,False,False,False,True,21,none,median,0.8711100130886438,0.4355550065443219,0.3817622810687209,0.4744094488188976,0.47087517589484246,0.47087517589484246
55,0,derivative_window_11,0.27396292016574375,0,0.08,0.6,-0.565544135499104,0.989276407012306,True,False,False,True,True,11,savgol,median,0.37431140651136285,0.18715570325568143,0.8454428880908347,0.8307086614173228,0.798773544499228,0.798773544499228
55,0,derivative_window_31,0.3082484119990398,0,0.08,0.6,-0.6133668363812506,1.19091239301646,True,False,False,True,True,31,savgol,median,0.36203410747208636,0.18101705373604318,0.8603188557166761,0.812992125984252,0.7522869397188816,0.7522869397188816
55,0,wider_coefficient_bounds,-0.11850287218396964,0,0.01,1.1468496604271154,-0.6229720179614878,1.1468496604271154,True,False,False,False,True,21,savgol,median,1.0292836264351188,0.5146418132175594,0.5610963407435339,0.49803149606299213,0.5040584087618546,0.5040584087618546
55,0,temporal_mean,0.2820007214258923,0,0.08,0.6,-0.6229720179614878,1.1468496604271154,True,False,False,True,True,21,savgol,mean,0.3512167070416297,0.17560835352081486,0.8665416518374617,0.8287401574803149,0.7857614185858837,0.7857614185858837
56,1,default,1.0595336380085343,1,0.4532328842725078,0.045622785251624776,0.4532328842725078,0.045622785251624776,False,False,False,False,False,21,savgol,median,0.06830751723691628,0.03415375861845814,0.9933118834306185,1.0,1.0,1.0
56,1,no_smoothing,1.0502373296249778,1,0.4514629951870348,0.0,0.4514629951870348,-0.24701180168119524,False,False,True,False,True,21,none,median,0.1498071521308248,0.0749035760654124,0.956771319422214,0.9881889763779528,0.9921181654564637,0.9881772481846955
56,1,derivative_window_11,1.0536724194857596,1,0.4549403655847564,0.0,0.4549403655847564,-0.03458915535339165,False,False,True,False,True,11,savgol,median,0.06917738210279074,0.03458869105139537,0.9921391868290056,1.0,1.0,1.0
56,1,derivative_window_31,1.0580675879149237,1,0.457857791544292,0.09114735685611342,0.457857791544292,0.09114735685611342,False,False,False,False,False,31,savgol,median,0.06641325413388002,0.03320662706694001,0.9936334522943105,1.0,1.0,1.0
56,1,wider_coefficient_bounds,1.0595336380085343,1,0.4532328842725078,0.045622785251624776,0.4532328842725078,0.045622785251624776,False,False,False,False,False,21,savgol,median,0.06830751723691628,0.03415375861845814,0.9933118834306185,1.0,1.0,1.0
56,1,temporal_mean,1.0564960044832281,1,0.4532328842725078,0.045622785251624776,0.4532328842725078,0.045622785251624776,False,False,False,False,False,21,savgol,mean,0.06573469147410799,0.03286734573705399,0.993616098510709,1.0,1.0,1.0
57,0,default,-0.27378077799672396,0,0.08,0.6,-0.2848586455882285,0.7483086727201967,True,False,False,True,True,21,savgol,median,0.31267321301243894,0.15633660650621947,0.9732106377663485,0.9704724409448819,0.9708360092176344,0.9708360092176344
57,0,no_smoothing,-0.1978636175994817,0,0.08,0.3678949695217871,-0.2748981144490938,0.3678949695217871,True,False,False,False,True,21,none,median,0.7058133175720505,0.35290665878602523,0.7269448302223291,0.6122047244094488,0.6177152126057236,0.6177152126057236
57,0,derivative_window_11,-0.2798163951330188,0,0.08,0.6,-0.2990324302547961,0.680896147200913,True,False,False,True,True,11,savgol,median,0.34353891724796437,0.17176945862398219,0.9632973990153226,0.9606299212598425,0.9611525737902653,0.9611525737902653
57,0,derivative_window_31,-0.27236217622318754,0,0.08,0.6,-0.2738846197412526,0.7941623655922574,True,False,False,True,True,31,savgol,median,0.3063108497514052,0.1531554248757026,0.9752357787173132,0.9704724409448819,0.9709483920010236,0.9709483920010236
57,0,wider_coefficient_bounds,-0.3148161427924693,0,0.01,0.7483086727201967,-0.2848586455882285,0.7483086727201967,True,False,False,False,True,21,savgol,median,0.9292765191099666,0.4646382595549833,0.6960668651288724,0.5531496062992126,0.5548319533631257,0.5548319533631257
57,0,temporal_mean,-0.28061159799610463,0,0.08,0.6,-0.2848586455882285,0.7483086727201967,True,False,False,True,True,21,savgol,mean,0.3152100655259187,0.15760503276295934,0.9744808345070446,0.968503937007874,0.9690705128205129,0.9690705128205129
58,1,default,1.2651063191141496,1,0.08,0.5545755013268776,-0.12923893244221854,0.5545755013268776,True,False,False,False,True,21,savgol,median,0.3082500661970828,0.1541250330985414,0.9230974366161783,0.9724409448818898,0.9816247332330859,0.9724370998496288
58,1,no_smoothing,1.2248354526056697,1,0.08,0.15044678744649484,-0.06185241609759755,0.15044678744649484,True,False,False,False,True,21,none,median,0.6993986696516619,0.34969933482583093,0.5958892576766062,0.6161417322834646,0.4307954443547664,0.4307954443547664
58,1,derivative_window_11,1.2680512311560326,1,0.08,0.41922907654204955,-0.09110179848028334,0.41922907654204955,True,False,False,False,True,11,savgol,median,0.33220238975289285,0.16610119487644642,0.9019237725348718,0.9606299212598425,0.9737496189044084,0.9606244283566125
58,1,derivative_window_31,1.2635611290282835,1,0.08,0.6,-0.16200513684902695,0.6252093024951044,True,False,False,True,True,31,savgol,median,0.30456539574747,0.152282697873735,0.9277631646161666,0.9763779527559056,0.9842480620155039,0.9763720930232558
58,1,wider_coefficient_bounds,1.3080674242248185,1,0.01,0.5545755013268776,-0.12923893244221854,0.5545755013268776,True,False,False,False,True,21,savgol,median,0.9010406583012032,0.4505203291506016,0.530225662769655,0.5787401574803149,0.39863979023271057,0.39863979023271057
58,1,temporal_mean,1.2709489425957672,1,0.08,0.5545755013268776,-0.12923893244221854,0.5545755013268776,True,False,False,False,True,21,savgol,mean,0.31061565021695897,0.15530782510847949,0.9256327226233845,0.9763779527559056,0.9842480620155039,0.9763720930232558
59,1,default,0.5348407178110818,1,0.7126401722837885,0.0019671330193463594,0.7126401722837885,0.0019671330193463594,False,False,False,False,False,21,savgol,median,0.43646604773945663,0.21823302386972832,0.6153337889882069,0.7598425196850394,0.8263247863247862,0.7394871794871795
59,1,no_smoothing,0.5278037032721257,1,0.5489514263438181,0.0,0.5489514263438181,-0.3052483403932384,False,False,True,False,True,21,none,median,0.46038466618945384,0.23019233309472692,0.5661869967856752,0.7460629921259843,0.8161395534793678,0.7242093302190518
59,1,derivative_window_11,0.524685425612551,1,0.6853699863773972,0.0,0.6853699863773972,-0.14222451724348714,False,False,True,False,True,11,savgol,median,0.44639290191104425,0.22319645095552212,0.5980780643639227,0.7598425196850394,0.8263247863247862,0.7394871794871795
59,1,derivative_window_31,0.5389227701163208,1,0.8417825014582079,0.0,0.8417825014582079,-0.049610746922658766,False,False,True,False,True,31,savgol,median,0.4322581070688511,0.21612905353442555,0.6231398235405978,0.7598425196850394,0.8263247863247862,0.7394871794871795
59,1,wider_coefficient_bounds,0.5348407178110818,1,0.7126401722837885,0.0019671330193463594,0.7126401722837885,0.0019671330193463594,False,False,False,False,False,21,savgol,median,0.43646604773945663,0.21823302386972832,0.6153337889882069,0.7598425196850394,0.8263247863247862,0.7394871794871795
59,1,temporal_mean,0.5267336209623408,1,0.7126401722837885,0.0019671330193463594,0.7126401722837885,0.0019671330193463594,False,False,False,False,False,21,savgol,mean,0.44386934474379147,0.22193467237189574,0.6029766086339796,0.7598425196850394,0.8263247863247862,0.7394871794871795
60,1,default,1.0455909170201043,1,0.08,0.6,-0.6340217393606812,0.9010629469043184,True,False,False,True,True,21,savgol,median,0.20002451196895774,0.10001225598447887,0.930763174760095,0.9822834645669292,0.9881757346523131,0.9822636019784696
60,1,no_smoothing,0.9886037657194018,1,0.08,0.4439937564736656,-0.4676083843465805,0.4439937564736656,True,False,False,False,True,21,none,median,0.6836167470672436,0.3418083735336218,0.5634144949917804,0.6200787401574803,0.43906013969279556,0.43906013969279556
60,1,derivative_window_11,1.0868448183510198,1,0.08,0.6,-0.6066403281166345,0.7691791100748946,True,False,False,True,True,11,savgol,median,0.24415088223770426,0.12207544111885213,0.9125262599923589,0.9645669291338582,0.6456486042692939,0.6456486042692939
60,1,derivative_window_31,1.0316888284192565,1,0.08,0.6,-0.6465657129390525,0.9684221285992274,True,False,False,True,True,31,savgol,median,0.19676914562649545,0.09838457281324772,0.929102171672116,0.9783464566929134,0.9855440823997651,0.9783161235996476
60,1,wider_coefficient_bounds,1.3027554163423307,1,0.01,0.9010629469043184,-0.6340217393606812,0.9010629469043184,True,False,False,False,True,21,savgol,median,0.9107904858664801,0.4553952429332401,0.5811775316332329,0.5748031496062992,0.4041739488023029,0.4041739488023029
60,1,temporal_mean,1.0989588946729385,1,0.08,0.6,-0.6340217393606812,0.9010629469043184,True,False,False,True,True,21,savgol,mean,0.20311972393574182,0.10155986196787091,0.9423046321688985,0.9862204724409449,0.9908033491740214,0.9862050237610319
61,1,default,1.0188198144322098,1,0.08,0.6,-0.45704915012624686,0.8079196249430339,True,False,False,True,True,21,savgol,median,0.19556890556154882,0.09778445278077441,0.9287422158938714,0.9862204724409449,0.9907947787032184,0.9861921680548276
61,1,no_smoothing,0.905227218583119,1,0.08,0.3464082264069152,-0.3170498912482591,0.3464082264069152,True,False,False,False,True,21,none,median,0.7441292076202917,0.37206460381014583,0.4653210176499641,0.5511811023622047,0.3984347732496906,0.3984347732496906
61,1,derivative_window_11,1.0236786981009518,1,0.08,0.6,-0.4080957729238724,0.6562241386700055,True,False,False,True,True,11,savgol,median,0.2421284092214363,0.12106420461071815,0.8964351589844286,0.9744094488188977,0.6509145212166583,0.6509145212166583
61,1,derivative_window_31,1.038977922206011,1,0.08,0.6,-0.48383826428470206,0.8933250928293621,True,False,False,True,True,31,savgol,median,0.18662262953048636,0.09331131476524318,0.9369733414510791,0.9901574803149606,0.9934291283635296,0.9901436925452944
61,1,wider_coefficient_bounds,1.2998505006934082,1,0.01,0.8079196249430339,-0.45704915012624686,0.8079196249430339,True,False,False,False,True,21,savgol,median,0.9218014750962975,0.46090073754814875,0.5343753392545966,0.5354330708661418,0.37215523383204957,0.37215523383204957
61,1,temporal_mean,1.0104142970967616,1,0.08,0.6,-0.45704915012624686,0.8079196249430339,True,False,False,True,True,21,savgol,mean,0.1900228041202803,0.09501140206014015,0.9290785154123464,0.9822834645669292,0.9881647154755665,0.9822470732133497
62,0,default,0.38343830701526405,0,0.31365904593604416,0.21942603854378404,0.31365904593604416,0.21942603854378404,False,False,False,False,False,21,savgol,median,0.3652077594396041,0.18260387971980205,0.9145172441739592,0.7598425196850394,0.604102564102564,0.604102564102564
62,0,no_smoothing,0.3010193106871368,0,0.17383497667157682,0.0016950100002310275,0.17383497667157682,0.0016950100002310275,False,False,False,False,False,21,none,median,0.4931391733562451,0.24656958667812254,0.7403203744484799,0.7244094488188977,0.6966950884041593,0.6966950884041593
62,0,derivative_window_11,0.36367105682269685,0,0.25954187911721716,0.1806564956494545,0.25954187911721716,0.1806564956494545,False,False,False,False,False,11,savgol,median,0.35569717650999017,0.17784858825499508,0.9127935867631037,0.7578740157480315,0.6021320084274079,0.6021320084274079
62,0,derivative_window_31,0.3935184907584019,0,0.3517940522195198,0.23995912433211747,0.3517940522195198,0.23995912433211747,False,False,False,False,False,31,savgol,median,0.37271738140375044,0.18635869070187522,0.910443050497792,0.7598425196850394,0.604102564102564,0.604102564102564
62,0,wider_coefficient_bounds,0.38343830701526405,0,0.31365904593604416,0.21942603854378404,0.31365904593604416,0.21942603854378404,False,False,False,False,False,21,savgol,median,0.3652077594396041,0.18260387971980205,0.9145172441739592,0.7598425196850394,0.604102564102564,0.604102564102564
62,0,temporal_mean,0.37685326304278083,0,0.31365904593604416,0.21942603854378404,0.31365904593604416,0.21942603854378404,False,False,False,False,False,21,savgol,mean,0.35945092026036857,0.17972546013018428,0.9178376083534091,0.7598425196850394,0.604102564102564,0.604102564102564
63,0,default,-0.030899128137384716,0,0.6929199423089933,0.0032209624173989222,0.6929199423089933,0.0032209624173989222,False,False,False,False,False,21,savgol,median,0.038441705608384724,0.019220852804192362,0.9991024644969734,1.0,1.0,1.0
63,0,no_smoothing,-0.03686003788721697,0,0.6598736506848432,0.0,0.6598736506848432,-0.3564083607885663,False,False,True,False,True,21,none,median,0.11034769608834503,0.05517384804417252,0.9888463212887638,0.984251968503937,0.9840457564333794,0.9840457564333794
63,0,derivative_window_11,-0.034446332051020885,0,0.6757657104661866,0.0,0.6757657104661866,-0.09923963590145365,False,False,True,False,True,11,savgol,median,0.04544297357773993,0.022721486788869965,0.9986564131361287,1.0,1.0,1.0
63,0,derivative_window_31,-0.03293511388411517,0,0.6967996805729489,0.04892341962053983,0.6967996805729489,0.04892341962053983,False,False,False,False,False,31,savgol,median,0.040032685802619906,0.020016342901309953,0.9990958783293006,1.0,1.0,1.0
63,0,wider_coefficient_bounds,-0.030899128137384716,0,0.6929199423089933,0.0032209624173989222,0.6929199423089933,0.0032209624173989222,False,False,False,False,False,21,savgol,median,0.038441705608384724,0.019220852804192362,0.9991024644969734,1.0,1.0,1.0
63,0,temporal_mean,-0.029327016179606744,0,0.6929199423089933,0.0032209624173989222,0.6929199423089933,0.0032209624173989222,False,False,False,False,False,21,savgol,mean,0.038394583582305894,0.019197291791152947,0.9990498467844015,1.0,1.0,1.0
64,1,default,1.2906117081065682,1,0.08,0.5768934689371665,0.04803852981251274,0.5768934689371665,True,False,False,False,True,21,savgol,median,0.34488840736651616,0.17244420368325808,0.9128841396655953,0.952755905511811,0.6383018690710999,0.6383018690710999
64,1,no_smoothing,1.23264434413743,1,0.08141034128782966,0.10691856061879272,0.08141034128782966,0.10691856061879272,False,False,False,False,False,21,none,median,0.6988180741707548,0.3494090370853774,0.6307744381963478,0.6515748031496063,0.460184175451351,0.460184175451351
64,1,derivative_window_11,1.2929609174054448,1,0.08,0.4202817532149516,0.07728214548929711,0.4202817532149516,True,False,False,False,True,11,savgol,median,0.36849101313604693,0.18424550656802346,0.888838929255616,0.9350393700787402,0.6276502113882471,0.6276502113882471
64,1,derivative_window_31,1.2897778326713127,1,0.08,0.6,0.029305848312707404,0.635319391933362,True,False,False,True,True,31,savgol,median,0.34047217925808837,0.17023608962904418,0.9139242477751123,0.9645669291338582,0.644961602931431,0.644961602931431
64,1,wider_coefficient_bounds,1.3030283351160699,1,0.04803852981251274,0.5768934689371665,0.04803852981251274,0.5768934689371665,False,False,False,False,False,21,savgol,median,0.446359130049113,0.2231795650245565,0.8541668501423724,0.8759842519685039,0.5999039147861418,0.5999039147861418
64,1,temporal_mean,1.292344359753755,1,0.08,0.5768934689371665,0.04803852981251274,0.5768934689371665,True,False,False,False,True,21,savgol,mean,0.3453383266133513,0.17266916330667564,0.9116596044892129,0.9586614173228346,0.641638838440057,0.641638838440057
65,1,default,1.0505910416547184,1,0.2999920177239277,0.15640287156570423,0.2999920177239277,0.15640287156570423,False,False,False,False,False,21,savgol,median,0.07405012930706685,0.037025064653533425,0.9909898637277779,1.0,1.0,1.0
65,1,no_smoothing,1.0626884545655728,1,0.2951956804396114,0.0,0.2951956804396114,-0.13849703129357505,False,False,True,False,True,21,none,median,0.23751468442314436,0.11875734221157218,0.8965160434253715,0.9409448818897638,0.628544747081712,0.628544747081712
65,1,derivative_window_11,1.0565120115032933,1,0.2993937437083338,0.046846970423496746,0.2993937437083338,0.046846970423496746,False,False,False,False,False,11,savgol,median,0.08879238233763738,0.04439619116881869,0.9864235605673611,1.0,1.0,1.0
65,1,derivative_window_31,1.0460369692070655,1,0.3042571319127881,0.2217521644024511,0.3042571319127881,0.2217521644024511,False,False,False,False,False,31,savgol,median,0.06838381135752386,0.03419190567876193,0.9923490252640419,1.0,1.0,1.0
65,1,wider_coefficient_bounds,1.0505910416547184,1,0.2999920177239277,0.15640287156570423,0.2999920177239277,0.15640287156570423,False,False,False,False,False,21,savgol,median,0.07405012930706685,0.037025064653533425,0.9909898637277779,1.0,1.0,1.0
65,1,temporal_mean,1.0548180177298228,1,0.2999920177239277,0.15640287156570423,0.2999920177239277,0.15640287156570423,False,False,False,False,False,21,savgol,mean,0.07697122927489573,0.03848561463744787,0.9906937060394991,1.0,1.0,1.0
66,1,default,0.8988227018939061,1,0.28970802535935797,0.2754300813115039,0.28970802535935797,0.2754300813115039,False,False,False,False,False,21,savgol,median,0.11120926334466107,0.05560463167233053,0.9778387041170117,0.9901574803149606,0.9934223900289648,0.9901335850434472
66,1,no_smoothing,0.9434196755950887,1,0.2535948167609654,0.0,0.2535948167609654,-0.066467962208024,False,False,True,False,True,21,none,median,0.26191008443673547,0.13095504221836773,0.8550847116815933,0.9212598425196851,0.6166312101113753,0.6166312101113753
66,1,derivative_window_11,0.9037275342037423,1,0.28744600026639616,0.16708809037022024,0.28744600026639616,0.16708809037022024,False,False,False,False,False,11,savgol,median,0.11568044904222156,0.05784022452111078,0.9743458854970947,0.9960629921259843,0.997370396252297,0.9960555943784455
66,1,derivative_window_31,0.8934928044093657,1,0.29782607111597253,0.32915376062502977,0.29782607111597253,0.32915376062502977,False,False,False,False,False,31,savgol,median,0.11406285581379304,0.05703142790689652,0.9769135553099919,0.9881889763779528,0.992105304054579,0.9881579560818686
66,1,wider_coefficient_bounds,0.8988227018939061,1,0.28970802535935797,0.2754300813115039,0.28970802535935797,0.2754300813115039,False,False,False,False,False,21,savgol,median,0.11120926334466107,0.05560463167233053,0.9778387041170117,0.9901574803149606,0.9934223900289648,0.9901335850434472
66,1,temporal_mean,0.9009434096882947,1,0.28970802535935797,0.2754300813115039,0.28970802535935797,0.2754300813115039,False,False,False,False,False,21,savgol,mean,0.11000979805982092,0.05500489902991046,0.9784135361633503,0.9960629921259843,0.997370396252297,0.9960555943784455
67,1,default,1.2725314913622727,1,0.08,0.6,-0.3005675255355332,1.020013043350191,True,False,False,True,True,21,savgol,median,0.35823763160563155,0.17911881580281577,0.8842727748347423,0.9507874015748031,0.6344744035785288,0.6344744035785288
67,1,no_smoothing,1.0908506153686086,1,0.08,0.33001101011966083,-0.19442575034610773,0.33001101011966083,True,False,False,False,True,21,none,median,0.7376512980193898,0.3688256490096949,0.5165357586484244,0.6023622047244095,0.4293737611041773,0.4293737611041773
67,1,derivative_window_11,1.2424671906221048,1,0.08,0.6,-0.26088113120906037,0.7848586633920805,True,False,False,True,True,11,savgol,median,0.37694025862476577,0.18847012931238288,0.856059289471771,0.9311023622047244,0.6219374117262552,0.6219374117262552
67,1,derivative_window_31,1.2727319663225083,1,0.08,0.6,-0.32082607726947454,1.1482710693654388,True,False,False,True,True,31,savgol,median,0.3539658421210373,0.17698292106051866,0.8895538363167349,0.9507874015748031,0.6344744035785288,0.6344744035785288
67,1,wider_coefficient_bounds,1.3191349283025509,1,0.01,1.020013043350191,-0.3005675255355332,1.020013043350191,True,False,False,False,True,21,savgol,median,0.9541878487041063,0.47709392435205317,0.5030124668431365,0.5452755905511811,0.3736501748197654,0.3736501748197654
67,1,temporal_mean,1.2243494874258578,1,0.08,0.6,-0.3005675255355332,1.020013043350191,True,False,False,True,True,21,savgol,mean,0.3453427849780262,0.1726713924890131,0.8713411247466788,0.9468503937007874,0.6318469391981445,0.6318469391981445
68,1,default,1.0418150782991489,1,0.08,0.6,-0.38804333462367474,0.8022404052551274,True,False,False,True,True,21,savgol,median,0.20866308532603503,0.10433154266301752,0.9265258634328489,0.9724409448818898,0.6489352881122288,0.6489352881122288
68,1,no_smoothing,0.9602611050826724,1,0.08,0.3547384274188371,-0.2780892307557596,0.3547384274188371,True,False,False,False,True,21,none,median,0.7306594162596367,0.36532970812981835,0.5103090519527588,0.5885826771653543,0.4187716487373159,0.4187716487373159
68,1,derivative_window_11,1.0773479159771275,1,0.08,0.6,-0.36016885420022376,0.6605666603047342,True,False,False,True,True,11,savgol,median,0.24438871375387156,0.12219435687693578,0.9158938178374735,0.9625984251968503,0.6436742128545406,0.6436742128545406
68,1,derivative_window_31,1.034585153008025,1,0.08,0.6,-0.39598849786544865,0.878252814189834,True,False,False,True,True,31,savgol,median,0.19967281979428744,0.09983640989714372,0.9323155907856912,0.9724409448818898,0.6495971724102084,0.6495971724102084
68,1,wider_coefficient_bounds,1.3016349578311994,1,0.01,0.8022404052551274,-0.38804333462367474,0.8022404052551274,True,False,False,False,True,21,savgol,median,0.9622086056376759,0.4811043028188379,0.5740273790022726,0.5492125984251969,0.38337069855165296,0.38337069855165296
68,1,temporal_mean,1.070308786168389,1,0.08,0.6,-0.38804333462367474,0.8022404052551274,True,False,False,True,True,21,savgol,mean,0.20008123702092714,0.10004061851046357,0.9410221452761809,0.9822834645669292,0.6561807381439283,0.6561807381439283
69,0,default,0.2212722553158312,0,0.2540655648930625,0.2556028671214036,0.2540655648930625,0.2556028671214036,False,False,False,False,False,21,savgol,median,0.21642838162346015,0.10821419081173007,0.9747925740329682,0.90748031496063,0.8932273964540572,0.8932273964540572
69,0,no_smoothing,0.10749591741863553,0,0.17659002278822294,0.0,0.17659002278822294,-0.03138047422035873,False,False,True,False,True,21,none,median,0.38391157842489104,0.19195578921244552,0.8394246930673372,0.7795275590551181,0.7756086961573915,0.7756086961573915
69,0,derivative_window_11,0.2212715748667207,0,0.26177629995181656,0.1287244525642906,0.26177629995181656,0.1287244525642906,False,False,False,False,False,11,savgol,median,0.2206977099269605,0.11034885496348025,0.9712033908924286,0.8996062992125984,0.8825561312607945,0.8825561312607945
69,0,derivative_window_31,0.2223558809799973,0,0.245622207135839,0.3088687047918563,0.245622207135839,0.3088687047918563,False,False,False,False,False,31,savgol,median,0.21717561378508135,0.10858780689254068,0.9743202189689146,0.9153543307086615,0.9035877239604662,0.9035877239604662
69,0,wider_coefficient_bounds,0.2212722553158312,0,0.2540655648930625,0.2556028671214036,0.2540655648930625,0.2556028671214036,False,False,False,False,False,21,savgol,median,0.21642838162346015,0.10821419081173007,0.9747925740329682,0.90748031496063,0.8932273964540572,0.8932273964540572
69,0,temporal_mean,0.2124410578087884,0,0.2540655648930625,0.2556028671214036,0.2540655648930625,0.2556028671214036,False,False,False,False,False,21,savgol,mean,0.2079332373862461,0.10396661869312306,0.9770130374684975,0.9192913385826772,0.9086577725448097,0.9086577725448097
70,0,default,0.19186533621390545,0,0.08,0.35035124407901697,-0.02752594091845379,0.35035124407901697,True,False,False,False,True,21,savgol,median,0.27119149593995073,0.13559574796997537,0.9248589230436332,0.8956692913385826,0.8787835695981276,0.8787835695981276
70,0,no_smoothing,0.2545552551713128,0,0.08,0.09251030564360606,-0.0435632315174842,0.09251030564360606,True,False,False,False,True,21,none,median,0.7870985734517383,0.39354928672586914,0.49769679835660147,0.5374015748031497,0.5343120760041239,0.5343120760041239
70,0,derivative_window_11,0.17507739300740913,0,0.08,0.2723701414564018,-0.06116543412733434,0.2723701414564018,True,False,False,False,True,11,savgol,median,0.3007713836838638,0.1503856918419319,0.9001238316429908,0.8799212598425197,0.866806779305095,0.866806779305095
70,0,derivative_window_31,0.20457712477306356,0,0.08,0.3942566594392558,-0.01103477457682589,0.3942566594392558,True,False,False,False,True,31,savgol,median,0.26863056213107706,0.13431528106553853,0.9290111342558953,0.8937007874015748,0.8752155172413794,0.8752155172413794
70,0,wider_coefficient_bounds,-0.19561026949136798,0,0.01,0.35035124407901697,-0.02752594091845379,0.35035124407901697,True,False,False,False,True,21,savgol,median,0.8932383214729983,0.44661916073649915,0.6451883957379653,0.5590551181102362,0.56403417129018,0.56403417129018
70,0,temporal_mean,0.18270865818797627,0,0.08,0.35035124407901697,-0.02752594091845379,0.35035124407901697,True,False,False,False,True,21,savgol,mean,0.2542278539075703,0.12711392695378515,0.934560782239659,0.9035433070866141,0.8893264302389209,0.8893264302389209
71,1,default,1.1486696842094415,1,0.08,0.6,-0.5791548421554653,0.8546233663707339,True,False,False,True,True,21,savgol,median,0.25669392621889064,0.12834696310944532,0.9202628666834374,0.9704724409448819,0.6482765062327543,0.6482765062327543
71,1,no_smoothing,1.0581669510511573,1,0.08,0.4101642017827235,-0.42579939370076464,0.4101642017827235,True,False,False,False,True,21,none,median,0.7087048205864415,0.35435241029322073,0.5534806869664015,0.6003937007874016,0.43409425852957684,0.43409425852957684
71,1,derivative_window_11,1.1562741386143527,1,0.08,0.6,-0.5348954792122259,0.7003471551714396,True,False,False,True,True,11,savgol,median,0.28707061846788684,0.14353530923394342,0.8958783361394288,0.9665354330708661,0.6463050523019626,0.6463050523019626
71,1,derivative_window_31,1.1635330654028664,1,0.08,0.6,-0.5944923594114001,0.9406872509218862,True,False,False,True,True,31,savgol,median,0.25541639380206044,0.12770819690103022,0.926685212556291,0.9763779527559056,0.9842458637639361,0.9763687956459042
71,1,wider_coefficient_bounds,1.3065234525145555,1,0.01,0.8546233663707339,-0.5791548421554653,0.8546233663707339,True,False,False,False,True,21,savgol,median,0.9383965252126863,0.4691982626063432,0.5456488857475591,0.5728346456692913,0.3961793807361756,0.3961793807361756
71,1,temporal_mean,1.1602526365024044,1,0.08,0.6,-0.5791548421554653,0.8546233663707339,True,False,False,True,True,21,savgol,mean,0.2511173179466891,0.12555865897334456,0.9269321389831536,0.9744094488188977,0.9829316295977536,0.9743974443966303
72,1,default,0.995670177912249,1,0.08,0.5444204233530813,-0.22291179204256553,0.5444204233530813,True,False,False,False,True,21,savgol,median,0.18779837420806336,0.09389918710403168,0.9339351266418675,0.9940944881889764,0.9960549051585222,0.9940823577377833
72,1,no_smoothing,0.9921030942700707,1,0.08,0.23478472561836108,-0.19729189237423467,0.23478472561836108,True,False,False,False,True,21,none,median,0.7106877219254896,0.3553438609627448,0.511216091043696,0.5866141732283464,0.4226701263398511,0.4226701263398511
72,1,derivative_window_11,1.0225135764382118,1,0.08,0.4584129333739768,-0.23649527884202876,0.4584129333739768,True,False,False,False,True,11,savgol,median,0.23309116261865492,0.11654558130932746,0.9067686115597572,0.9704724409448819,0.9802928910871884,0.9704393366307826
72,1,derivative_window_31,0.9873047211296008,1,0.08,0.5688412351488138,-0.2069083641595797,0.5688412351488138,True,False,False,False,True,31,savgol,median,0.18516808573868557,0.09258404286934278,0.9331871728577107,0.9901574803149606,0.9934270879023482,0.9901406318535224
72,1,wider_coefficient_bounds,1.2996688242172556,1,0.01,0.5444204233530813,-0.22291179204256553,0.5444204233530813,True,False,False,False,True,21,savgol,median,0.9049635391502779,0.45248176957513897,0.6086475061979598,0.5649606299212598,0.4009913258983891,0.4009913258983891
72,1,temporal_mean,1.0216447584386876,1,0.08,0.5444204233530813,-0.22291179204256553,0.5444204233530813,True,False,False,False,True,21,savgol,mean,0.17883173592784457,0.08941586796392229,0.941919028786135,0.9921259842519685,0.994744057318745,0.9921160859781175
73,0,default,0.4732115381033343,0,0.28010526950938897,0.3349925097606325,0.28010526950938897,0.3349925097606325,False,False,False,False,False,21,savgol,median,0.4466057743018247,0.22330288715091234,0.8409787227115618,0.7598425196850394,0.604102564102564,0.604102564102564
73,0,no_smoothing,0.412459242815775,0,0.13131016843352386,0.025836306037663303,0.13131016843352386,0.025836306037663303,False,False,False,False,False,21,none,median,0.6267285300772725,0.31336426503863624,0.5549677035459725,0.5866141732283464,0.5409526032935422,0.5409526032935422
73,0,derivative_window_11,0.4648749542831455,0,0.24889652984552424,0.21587518812363085,0.24889652984552424,0.21587518812363085,False,False,False,False,False,11,savgol,median,0.4431271440216959,0.22156357201084795,0.8388745936383332,0.7598425196850394,0.604102564102564,0.604102564102564
73,0,derivative_window_31,0.47748208336594405,0,0.31183505117493526,0.375391934263586,0.31183505117493526,0.375391934263586,False,False,False,False,False,31,savgol,median,0.44965781690988377,0.22482890845494188,0.8374380536321114,0.7598425196850394,0.604102564102564,0.604102564102564
73,0,wider_coefficient_bounds,0.4732115381033343,0,0.28010526950938897,0.3349925097606325,0.28010526950938897,0.3349925097606325,False,False,False,False,False,21,savgol,median,0.4466057743018247,0.22330288715091234,0.8409787227115618,0.7598425196850394,0.604102564102564,0.604102564102564
73,0,temporal_mean,0.4670448920264125,0,0.28010526950938897,0.3349925097606325,0.28010526950938897,0.3349925097606325,False,False,False,False,False,21,savgol,mean,0.4407629936206643,0.22038149681033214,0.8458361095671441,0.7598425196850394,0.604102564102564,0.604102564102564
74,0,default,0.5313219030401264,1,0.7590583915044605,0.0,0.7590583915044605,-0.212559292766841,False,False,True,False,True,21,savgol,median,0.49786129857329003,0.24893064928664502,0.7875012593967506,0.7598425196850394,0.604102564102564,0.604102564102564
74,0,no_smoothing,0.5342380822040569,1,0.6678741985761866,0.0,0.6678741985761866,-0.41978944630963044,False,False,True,False,True,21,none,median,0.5097467139897587,0.25487335699487934,0.7611185618301414,0.7559055118110236,0.6005171627034427,0.6005171627034427
74,0,derivative_window_11,0.5287603069631976,1,0.7779500840494888,0.0,0.7779500840494888,-0.3017002045112477,False,False,True,False,True,11,savgol,median,0.49561853785332427,0.24780926892666214,0.7899055809083682,0.7598425196850394,0.604102564102564,0.604102564102564
74,0,derivative_window_31,0.5325741024095363,1,0.7523532080018287,0.0,0.7523532080018287,-0.15743900421284313,False,False,True,False,True,31,savgol,median,0.49899319419927085,0.24949659709963543,0.785085161917778,0.7598425196850394,0.604102564102564,0.604102564102564
74,0,wider_coefficient_bounds,0.5313219030401264,1,0.7590583915044605,0.0,0.7590583915044605,-0.212559292766841,False,False,True,False,True,21,savgol,median,0.49786129857329003,0.24893064928664502,0.7875012593967506,0.7598425196850394,0.604102564102564,0.604102564102564
74,0,temporal_mean,0.530264146244263,1,0.7590583915044605,0.0,0.7590583915044605,-0.212559292766841,False,False,True,False,True,21,savgol,mean,0.49681587397744964,0.24840793698872482,0.7888906053522102,0.7598425196850394,0.604102564102564,0.604102564102564
75,1,default,1.2858792649231294,1,0.08,0.582583904717342,-0.21296976170801862,0.582583904717342,True,False,False,False,True,21,savgol,median,0.315814479194934,0.157907239597467,0.9287100076583987,0.9783464566929134,0.9855597720263222,0.9783396580394832
75,1,no_smoothing,1.199939231144925,1,0.08,0.24262995242946128,-0.2051814927806176,0.24262995242946128,True,False,False,False,True,21,none,median,0.7090508216544589,0.35452541082722944,0.5613335843586862,0.6535433070866141,0.45801923963304936,0.45801923963304936
75,1,derivative_window_11,1.2817696849948892,1,0.08,0.4721743779027366,-0.21821416876153982,0.4721743779027366,True,False,False,False,True,11,savgol,median,0.32853700349355247,0.16426850174677624,0.918569268859024,0.9724409448818898,0.6495875486381323,0.6495875486381323
75,1,derivative_window_31,1.2855592054672798,1,0.08,0.6,-0.19961215747862865,0.6324094391835868,True,False,False,True,True,31,savgol,median,0.31194530531867093,0.15597265265933546,0.9302073504408728,0.9724409448818898,0.9816247332330859,0.9724370998496288
75,1,wider_coefficient_bounds,1.3136034082744978,1,0.01,0.582583904717342,-0.21296976170801862,0.582583904717342,True,False,False,False,True,21,savgol,median,0.8756614048865959,0.43783070244329797,0.575955581396587,0.5846456692913385,0.40859744120613684,0.40859744120613684
75,1,temporal_mean,1.2819598415012523,1,0.08,0.582583904717342,-0.21296976170801862,0.582583904717342,True,False,False,False,True,21,savgol,mean,0.30800354295634874,0.15400177147817437,0.9306324969128958,0.9763779527559056,0.9842480620155039,0.9763720930232558
76,0,default,0.1901028231676465,0,0.12017290879087048,0.2959138875174897,0.12017290879087048,0.2959138875174897,False,False,False,False,False,21,savgol,median,0.22406012080443896,0.11203006040221948,0.9582412422295209,0.9114173228346457,0.8997463357199131,0.8997463357199131
76,0,no_smoothing,0.2023409942178555,0,0.10118612399817849,0.02155053135475379,0.10118612399817849,0.02155053135475379,False,False,False,False,False,21,none,median,0.6764063603215663,0.33820318016078316,0.6049230118365359,0.5964566929133859,0.5970752281484764,0.5970752281484764
76,0,derivative_window_11,0.22237946404637488,0,0.13306355362709718,0.20885263534115656,0.13306355362709718,0.20885263534115656,False,False,False,False,False,11,savgol,median,0.2587211698998967,0.12936058494994834,0.9417009350136025,0.8937007874015748,0.8767911651840223,0.8767911651840223
76,0,derivative_window_31,0.13010516598686908,0,0.09962758533588566,0.35669999906499084,0.09962758533588566,0.35669999906499084,False,False,False,False,False,31,savgol,median,0.19842065045027288,0.09921032522513644,0.9609809594414117,0.9409448818897638,0.9367170644481568,0.9367170644481568
76,0,wider_coefficient_bounds,0.1901028231676465,0,0.12017290879087048,0.2959138875174897,0.12017290879087048,0.2959138875174897,False,False,False,False,False,21,savgol,median,0.22406012080443896,0.11203006040221948,0.9582412422295209,0.9114173228346457,0.8997463357199131,0.8997463357199131
76,0,temporal_mean,0.2030034500242281,0,0.12017290879087048,0.2959138875174897,0.12017290879087048,0.2959138875174897,False,False,False,False,False,21,savgol,mean,0.23343168725835767,0.11671584362917883,0.9552715374859044,0.8956692913385826,0.8794794439514937,0.8794794439514937
77,1,default,1.2775024177859415,1,0.11806698245903076,0.39711458724334253,0.11806698245903076,0.39711458724334253,False,False,False,False,False,21,savgol,median,0.29398252809452263,0.14699126404726132,0.9281234329446068,0.9763779527559056,0.651566699290053,0.651566699290053
77,1,no_smoothing,1.2141844786232543,1,0.1045052482213635,0.03682644191515538,0.1045052482213635,0.03682644191515538,False,False,False,False,False,21,none,median,0.6066223720907634,0.3033111860453817,0.6349014878426256,0.6791338582677166,0.46789528885464154,0.46789528885464154
77,1,derivative_window_11,1.2795157634973955,1,0.11076157996405127,0.2829394800731191,0.11076157996405127,0.2829394800731191,False,False,False,False,False,11,savgol,median,0.31718703421330147,0.15859351710665073,0.9099201601430599,0.9645669291338582,0.9763764880952381,0.9645647321428572
77,1,derivative_window_31,1.2759997126159144,1,0.12222524825012346,0.465272415116651,0.12222524825012346,0.465272415116651,False,False,False,False,False,31,savgol,median,0.2881074678168757,0.14405373390843784,0.9348659488129288,0.9783464566929134,0.9855575327365607,0.978336299104841
77,1,wider_coefficient_bounds,1.2775024177859415,1,0.11806698245903076,0.39711458724334253,0.11806698245903076,0.39711458724334253,False,False,False,False,False,21,savgol,median,0.29398252809452263,0.14699126404726132,0.9281234329446068,0.9763779527559056,0.651566699290053,0.651566699290053
77,1,temporal_mean,1.2773975465254532,1,0.11806698245903076,0.39711458724334253,0.11806698245903076,0.39711458724334253,False,False,False,False,False,21,savgol,mean,0.2929928920618663,0.14649644603093315,0.9312072977286013,0.9763779527559056,0.9842480620155039,0.9763720930232558
78,1,default,1.2929887085859344,1,0.08,0.30431950412062775,0.04231115161951061,0.30431950412062775,True,False,False,False,True,21,savgol,median,0.32365995995584274,0.16182997997792137,0.9210580269167763,0.9724409448818898,0.9816247332330859,0.9724370998496288
78,1,no_smoothing,1.2537659080332226,1,0.08,0.04015640908591329,0.02914671011200383,0.04015640908591329,True,False,False,False,True,21,none,median,0.686235512044327,0.3431177560221635,0.6081576291789097,0.6259842519685039,0.4373062225106352,0.4373062225106352
78,1,derivative_window_11,1.2925351718601057,1,0.08,0.20339678977092832,0.03868688703039674,0.20339678977092832,True,False,False,False,True,11,savgol,median,0.34759168063417456,0.17379584031708728,0.8974781746189081,0.9606299212598425,0.6410547133863486,0.6410547133863486
78,1,derivative_window_31,1.2933118740097478,1,0.08,0.37187077890752135,0.03344484587240184,0.37187077890752135,True,False,False,False,True,31,savgol,median,0.3206138639309085,0.16030693196545426,0.923199369297583,0.9724409448818898,0.9816247332330859,0.9724370998496288
78,1,wider_coefficient_bounds,1.3039579414349618,1,0.04231115161951061,0.30431950412062775,0.04231115161951061,0.30431950412062775,False,False,False,False,False,21,savgol,median,0.40789457535931495,0.20394728767965747,0.8654587167599649,0.9192913385826772,0.6152201233289706,0.6152201233289706
78,1,temporal_mean,1.292204419868598,1,0.08,0.30431950412062775,0.04231115161951061,0.30431950412062775,True,False,False,False,True,21,savgol,mean,0.321362713029888,0.160681356514944,0.9183728380554469,0.9724409448818898,0.9816247332330859,0.9724370998496288
79,0,default,0.10126672203412748,0,0.08,0.6,-0.21226935645099476,0.7895908285836617,True,False,False,True,True,21,savgol,median,0.24231416348308643,0.12115708174154322,0.9352589775753001,0.9350393700787402,0.9322145186341717,0.9322145186341717
79,0,no_smoothing,0.19135232594645032,0,0.08,0.23967873647974278,-0.10604752007779572,0.23967873647974278,True,False,False,False,True,21,none,median,0.7736962635616794,0.3868481317808397,0.5559582075901793,0.5649606299212598,0.5663609605658978,0.5663609605658978
79,0,derivative_window_11,0.12270809256622774,0,0.08,0.6,-0.18038485039241334,0.6135824417836807,True,False,False,True,True,11,savgol,median,0.2970155086461976,0.1485077543230988,0.9040487806250003,0.8838582677165354,0.8790186606043383,0.8790186606043383
79,0,derivative_window_31,0.07925727171624453,0,0.08,0.6,-0.23723285238293434,0.8650332247826464,True,False,False,True,True,31,savgol,median,0.23035365263707908,0.11517682631853954,0.9416288306790027,0.937007874015748,0.93515104999467,0.93515104999467
79,0,wider_coefficient_bounds,-0.29934757032969045,0,0.01,0.7895908285836617,-0.21226935645099476,0.7895908285836617,True,False,False,False,True,21,savgol,median,1.012578110181484,0.506289055090742,0.6566978476203719,0.5019685039370079,0.49463981174640503,0.49463981174640503
79,0,temporal_mean,0.11153957161555762,0,0.08,0.6,-0.21226935645099476,0.7895908285836617,True,False,False,True,True,21,savgol,mean,0.25258661403318927,0.12629330701659464,0.9292194751552069,0.9271653543307087,0.9239626467980253,0.9239626467980253
80,1,default,0.640558206295895,1,0.1993085872293304,0.30996393838053243,0.1993085872293304,0.30996393838053243,False,False,False,False,False,21,savgol,median,0.34642632728192563,0.17321316364096281,0.753169164273924,0.7677165354330708,0.832806180793797,0.7492092711906954
80,1,no_smoothing,0.6932836932333092,1,0.08,0.07708918104087939,0.06002535496826583,0.07708918104087939,True,False,False,False,True,21,none,median,0.8075724496567518,0.4037862248283759,0.35231712643153545,0.4822834645669291,0.3546803516728329,0.3546803516728329
80,1,derivative_window_11,0.6647433334921622,1,0.15547711219897115,0.23164378168468472,0.15547711219897115,0.23164378168468472,False,False,False,False,False,11,savgol,median,0.34186952705379914,0.17093476352689957,0.7550581937937751,0.7893700787401575,0.8502187226596676,0.7753280839895014
80,1,derivative_window_31,0.6061606637321201,1,0.29109599836491296,0.30030909175692355,0.29109599836491296,0.30030909175692355,False,False,False,False,False,31,savgol,median,0.37194939033965685,0.18597469516982842,0.7185810312943979,0.7598425196850394,0.8263247863247862,0.7394871794871795
80,1,wider_coefficient_bounds,0.640558206295895,1,0.1993085872293304,0.30996393838053243,0.1993085872293304,0.30996393838053243,False,False,False,False,False,21,savgol,median,0.34642632728192563,0.17321316364096281,0.753169164273924,0.7677165354330708,0.832806180793797,0.7492092711906954
80,1,temporal_mean,0.6379404085484472,1,0.1993085872293304,0.30996393838053243,0.1993085872293304,0.30996393838053243,False,False,False,False,False,21,savgol,mean,0.3477962281572919,0.17389811407864594,0.7514568910680396,0.7637795275590551,0.8295759527643586,0.7443639291465378
81,1,default,1.0957985831094885,1,0.08,0.6,-0.6273241825976393,1.0632458866911798,True,False,False,True,True,21,savgol,median,0.2721293455628499,0.13606467278142495,0.8889777765191491,0.9547244094488189,0.6384012400584659,0.6384012400584659
81,1,no_smoothing,0.9950215484937512,1,0.08,0.5067445117025821,-0.4604012036730039,0.5067445117025821,True,False,False,False,True,21,none,median,0.6843166802511188,0.3421583401255594,0.5452938635252265,0.5866141732283464,0.42065130568356374,0.42065130568356374
81,1,derivative_window_11,1.0760698351289144,1,0.08,0.6,-0.5767487636571214,0.882190866673733,True,False,False,True,True,11,savgol,median,0.2952453106344939,0.14762265531724694,0.8669204555573203,0.9468503937007874,0.6350382999752903,0.6350382999752903
81,1,derivative_window_31,1.113869396723242,1,0.08,0.6,-0.6932780239105052,1.1817837593958662,True,False,False,True,True,31,savgol,median,0.2542466442934914,0.1271233221467457,0.9090700385602908,0.9625984251968503,0.643015900819369,0.643015900819369
81,1,wider_coefficient_bounds,1.306163614378871,1,0.01,1.0632458866911798,-0.6273241825976393,1.0632458866911798,True,False,False,False,True,21,savgol,median,1.013699244840821,0.5068496224204105,0.49693567663700283,0.5334645669291339,0.3739682539682539,0.3739682539682539
81,1,temporal_mean,1.0612395713134708,1,0.08,0.6,-0.6273241825976393,1.0632458866911798,True,False,False,True,True,21,savgol,mean,0.23626398259613013,0.11813199129806506,0.9071628595939157,0.9704724409448819,0.6476241531481136,0.6476241531481136
82,0,default,-0.07833946098097001,0,0.36675601914928446,0.11896188318244481,0.36675601914928446,0.11896188318244481,False,False,False,False,False,21,savgol,median,0.08927492233428704,0.04463746116714352,0.9962132547380634,1.0,1.0,1.0
82,0,no_smoothing,-0.08211489826345,0,0.35802580097988645,0.0,0.35802580097988645,-0.21345800205812795,False,False,True,False,True,21,none,median,0.19247227839233913,0.09623613919616957,0.9700240008467521,0.9803149606299213,0.9800865258539893,0.9800865258539893
82,0,derivative_window_11,-0.07796532358316317,0,0.36269332379288644,0.012769861030880405,0.36269332379288644,0.012769861030880405,False,False,False,False,False,11,savgol,median,0.0925752751115612,0.0462876375557806,0.9956285268713261,0.9980314960629921,0.9980069447133691,0.9980069447133691
82,0,derivative_window_31,-0.08159590930047292,0,0.36698039763262125,0.16595417869759743,0.36698039763262125,0.16595417869759743,False,False,False,False,False,31,savgol,median,0.09101613804126794,0.04550806902063397,0.9963454883549476,1.0,1.0,1.0
82,0,wider_coefficient_bounds,-0.07833946098097001,0,0.36675601914928446,0.11896188318244481,0.36675601914928446,0.11896188318244481,False,False,False,False,False,21,savgol,median,0.08927492233428704,0.04463746116714352,0.9962132547380634,1.0,1.0,1.0
82,0,temporal_mean,-0.07524078920960228,0,0.36675601914928446,0.11896188318244481,0.36675601914928446,0.11896188318244481,False,False,False,False,False,21,savgol,mean,0.08588261730115992,0.04294130865057996,0.9965230935009585,1.0,1.0,1.0
83,1,default,0.8391024288552004,1,0.08,0.6,-1.1303280645597322,1.3502158832369315,True,False,False,True,True,21,savgol,median,0.26501502401493654,0.13250751200746827,0.8566570722871644,0.905511811023622,0.935991935991936,0.903987903987904
83,1,no_smoothing,0.9631821873959225,1,0.08,0.6,-0.7225742296499446,0.681211977635613,True,False,False,True,True,21,none,median,0.7484142917847669,0.37420714589238346,0.45172797715351803,0.5688976377952756,0.40512610894116935,0.40512610894116935
83,1,derivative_window_11,0.9311534324205333,1,0.08,0.6,-1.029308711768459,1.1490034102621258,True,False,False,True,True,11,savgol,median,0.27046312506045733,0.13523156253022867,0.8606606054173873,0.9389763779527559,0.6264082251285177,0.6264082251285177
83,1,derivative_window_31,0.8097819161896055,1,0.08,0.6,-1.209584283659204,1.4564690978325563,True,False,False,True,True,31,savgol,median,0.27646481909221376,0.13823240954610688,0.8398479751975321,0.8917322834645669,0.5937972349501041,0.5937972349501041
83,1,wider_coefficient_bounds,1.244044017261999,1,0.01,1.2,-1.1303280645597322,1.3502158832369315,True,False,False,True,True,21,savgol,median,0.9748008397128044,0.4874004198564022,0.584282961159533,0.5334645669291339,0.3818236639746652,0.3818236639746652
83,1,temporal_mean,0.9502011355764857,1,0.08,0.6,-1.1303280645597322,1.3502158832369315,True,False,False,True,True,21,savgol,mean,0.2063589645916109,0.10317948229580545,0.9125030665182424,0.9704724409448819,0.6475986500519211,0.6475986500519211
84,0,default,-0.19208339480959075,0,0.08,0.6,-0.4850482074727704,0.7622014742699235,True,False,False,True,True,21,savgol,median,0.2776037549348088,0.1388018774674044,0.9669065748148398,0.9744094488188977,0.9746248467149593,0.9746248467149593
84,0,no_smoothing,-0.08780517787128912,0,0.08,0.45785679445743516,-0.41867983030581224,0.45785679445743516,True,False,False,False,True,21,none,median,0.714947166789959,0.3574735833949795,0.6778676671392402,0.6043307086614174,0.6126523450544551,0.6126523450544551
84,0,derivative_window_11,-0.2197973426651228,0,0.08,0.6,-0.4716880711617253,0.6753145299321699,True,False,False,True,True,11,savgol,median,0.308607014924849,0.1543035074624245,0.9635445467989658,0.9665354330708661,0.9668955863409588,0.9668955863409588
84,0,derivative_window_31,-0.1796938290943128,0,0.08,0.6,-0.4807776026827462,0.8075568999315931,True,False,False,True,True,31,savgol,median,0.267816173921409,0.1339080869607045,0.9673494642232671,0.9783464566929134,0.9784238976207001,0.9784238976207001
84,0,wider_coefficient_bounds,-0.30714400923564383,0,0.01,0.7622014742699235,-0.4850482074727704,0.7622014742699235,True,False,False,False,True,21,savgol,median,0.9874387771084265,0.49371938855421327,0.6787926166028062,0.5295275590551181,0.5303258488499453,0.5303258488499453
84,0,temporal_mean,-0.22698870165744484,0,0.08,0.6,-0.4850482074727704,0.7622014742699235,True,False,False,True,True,21,savgol,mean,0.286084619599212,0.143042309799606,0.9728294025166427,0.9744094488188977,0.9746002163001123,0.9746002163001123
85,1,default,1.1955579184606913,1,0.08,0.6,-0.510185484711649,0.6916968385304832,True,False,False,True,True,21,savgol,median,0.2970763868772118,0.1485381934386059,0.9076559192964885,0.9665354330708661,0.6449916315606751,0.6449916315606751
85,1,no_smoothing,1.0660254193783356,1,0.08,0.41276203805436185,-0.4363918254368102,0.41276203805436185,True,False,False,False,True,21,none,median,0.7381883812681026,0.3690941906340513,0.5412264971682588,0.6082677165354331,0.4349917112034838,0.4349917112034838
85,1,derivative_window_11,1.178971791052341,1,0.08,0.5981261656732179,-0.4971948531963578,0.5981261656732179,True,False,False,False,True,11,savgol,median,0.30432991676421967,0.15216495838210983,0.901891877686034,0.9507874015748031,0.6383255779831898,0.6383255779831898
85,1,derivative_window_31,1.2011755235750012,1,0.08,0.6,-0.52767147535971,0.7341006440852171,True,False,False,True,True,31,savgol,median,0.287779095672214,0.143889547836107,0.9149010419034785,0.968503937007874,0.9789817745505699,0.9684726618258549
85,1,wider_coefficient_bounds,1.285681541898677,1,0.01,0.6916968385304832,-0.510185484711649,0.6916968385304832,True,False,False,False,True,21,savgol,median,0.9977147548381533,0.49885737741907665,0.5252364551508456,0.531496062992126,0.3755264322526304,0.3755264322526304
85,1,temporal_mean,1.1844042152786105,1,0.08,0.6,-0.510185484711649,0.6916968385304832,True,False,False,True,True,21,savgol,mean,0.2827835776609193,0.14139178883045966,0.9141858946240858,0.9645669291338582,0.9763544963693912,0.9645317445540867
86,0,default,-0.2843236443033505,0,0.16024916849536988,0.34346905384255916,0.16024916849536988,0.34346905384255916,False,False,False,False,False,21,savgol,median,0.28745576192112055,0.14372788096056027,0.9833489078726985,0.9744094488188977,0.9747245413219497,0.9747245413219497
86,0,no_smoothing,-0.26509612627173756,0,0.15142897032676647,0.015596536087639555,0.15142897032676647,0.015596536087639555,False,False,False,False,False,21,none,median,0.4516617621179625,0.22583088105898125,0.8971874940211572,0.8169291338582677,0.8175483069242556,0.8175483069242556
86,0,derivative_window_11,-0.286781319724316,0,0.15566683793239372,0.22783249427884947,0.15566683793239372,0.22783249427884947,False,False,False,False,False,11,savgol,median,0.29809970757254267,0.14904985378627134,0.978967217773245,0.9724409448818898,0.9726991185579289,0.9726991185579289
86,0,derivative_window_31,-0.2830381260938935,0,0.1649844160242247,0.3927661587832332,0.1649844160242247,0.3927661587832332,False,False,False,False,False,31,savgol,median,0.28513358081212137,0.14256679040606068,0.9836269415629846,0.9744094488188977,0.9747245413219497,0.9747245413219497
86,0,wider_coefficient_bounds,-0.2843236443033505,0,0.16024916849536988,0.34346905384255916,0.16024916849536988,0.34346905384255916,False,False,False,False,False,21,savgol,median,0.28745576192112055,0.14372788096056027,0.9833489078726985,0.9744094488188977,0.9747245413219497,0.9747245413219497
86,0,temporal_mean,-0.28350584759032627,0,0.16024916849536988,0.34346905384255916,0.16024916849536988,0.34346905384255916,False,False,False,False,False,21,savgol,mean,0.28616154055473353,0.14308077027736676,0.9832105749318532,0.9744094488188977,0.9747245413219497,0.9747245413219497
87,0,default,-0.2744366360475956,0,0.14776526832163991,0.2916525342050927,0.14776526832163991,0.2916525342050927,False,False,False,False,False,21,savgol,median,0.2746989898344245,0.13734949491721224,0.9837717332958145,0.9744094488188977,0.9747245413219497,0.9747245413219497
87,0,no_smoothing,-0.24730320899230882,0,0.17026750678198505,0.0,0.17026750678198505,-0.03123512161018309,False,False,True,False,True,21,none,median,0.4198487791697194,0.2099243895848597,0.9135486431207557,0.844488188976378,0.8457536762266903,0.8457536762266903
87,0,derivative_window_11,-0.2674548923531323,0,0.16258804317504993,0.19982146792921665,0.16258804317504993,0.19982146792921665,False,False,False,False,False,11,savgol,median,0.2722631775852571,0.13613158879262854,0.9821372538074645,0.9744094488188977,0.9747245413219497,0.9747245413219497
87,0,derivative_window_31,-0.2842729191654483,0,0.12745379747569827,0.36537333442591996,0.12745379747569827,0.36537333442591996,False,False,False,False,False,31,savgol,median,0.29199127354169135,0.14599563677084568,0.9810929289692231,0.9744094488188977,0.9747245413219497,0.9747245413219497
87,0,wider_coefficient_bounds,-0.2744366360475956,0,0.14776526832163991,0.2916525342050927,0.14776526832163991,0.2916525342050927,False,False,False,False,False,21,savgol,median,0.2746989898344245,0.13734949491721224,0.9837717332958145,0.9744094488188977,0.9747245413219497,0.9747245413219497
87,0,temporal_mean,-0.27515775666402587,0,0.14776526832163991,0.2916525342050927,0.14776526832163991,0.2916525342050927,False,False,False,False,False,21,savgol,mean,0.27627237828344037,0.13813618914172018,0.9833355027615694,0.9724409448818898,0.972833026674308,0.972833026674308
88,0,default,-0.2702856872216211,0,0.08,0.37727586428786114,0.02833405336867429,0.37727586428786114,True,False,False,False,True,21,savgol,median,0.3230503537378759,0.16152517686893794,0.9707174761381486,0.9566929133858267,0.9575446940240152,0.9575446940240152
88,0,no_smoothing,-0.1857003521876208,0,0.08,0.05318768500208425,0.04143917547789117,0.05318768500208425,True,False,False,False,True,21,none,median,0.718977175784276,0.359488587892138,0.713118336239044,0.6023622047244095,0.6078841856906575,0.6078841856906575
88,0,derivative_window_11,-0.2655565570920171,0,0.08,0.24142529822796008,0.04877888889808703,0.24142529822796008,True,False,False,False,True,11,savgol,median,0.3431560862220232,0.1715780431110116,0.9608234667484331,0.9448818897637795,0.9456196934846388,0.9456196934846388
88,0,derivative_window_31,-0.2682992338110282,0,0.08,0.4388103587908145,0.02024589506784005,0.4388103587908145,True,False,False,False,True,31,savgol,median,0.31695846320155213,0.15847923160077607,0.9735013397898482,0.9645669291338582,0.9651633833610073,0.9651633833610073
88,0,wider_coefficient_bounds,-0.3085042347206537,0,0.02833405336867429,0.37727586428786114,0.02833405336867429,0.37727586428786114,False,False,False,False,False,21,savgol,median,0.5615035766884866,0.2807517883442433,0.8888901613782718,0.7913385826771654,0.7995006913829689,0.7995006913829689
88,0,temporal_mean,-0.26772725021446925,0,0.08,0.37727586428786114,0.02833405336867429,0.37727586428786114,True,False,False,False,True,21,savgol,mean,0.31478137764942177,0.15739068882471088,0.9731480520478333,0.9606299212598425,0.9612658499608978,0.9612658499608978
89,1,default,1.1528357519392562,1,0.08,0.6,-0.6155920625886303,0.8516052185341381,True,False,False,True,True,21,savgol,median,0.24485600968794752,0.12242800484397376,0.9317148532672841,0.9822834645669292,0.6555099757598359,0.6555099757598359
89,1,no_smoothing,1.0438057231622757,1,0.08,0.49927032274053157,-0.5197941364642304,0.49927032274053157,True,False,False,False,True,21,none,median,0.7142299149828611,0.3571149574914306,0.5023702411955578,0.6023622047244095,0.42248853885563675,0.42248853885563675
89,1,derivative_window_11,1.157393021432693,1,0.08,0.6,-0.6131226241282329,0.7814588888026335,True,False,False,True,True,11,savgol,median,0.2770058943376087,0.13850294716880435,0.9087950528639845,0.9665354330708661,0.6475989142916797,0.6475989142916797
89,1,derivative_window_31,1.1530773920903632,1,0.08,0.6,-0.6315208765899367,0.9064227185992944,True,False,False,True,True,31,savgol,median,0.24278752663580885,0.12139376331790443,0.934727698648588,0.9803149606299213,0.9868693134822167,0.980303970223325
89,1,wider_coefficient_bounds,1.298931831437122,1,0.01,0.8516052185341381,-0.6155920625886303,0.8516052185341381,True,False,False,False,True,21,savgol,median,0.9481315884481845,0.47406579422409223,0.5541123418257352,0.531496062992126,0.3653206467084397,0.3653206467084397
89,1,temporal_mean,1.1588465134903296,1,0.08,0.6,-0.6155920625886303,0.8516052185341381,True,False,False,True,True,21,savgol,mean,0.2402673926852645,0.12013369634263225,0.9363702059556828,0.9822834645669292,0.6555103986157628,0.6555103986157628
90,0,default,-0.17064849417560518,0,0.08,0.6,0.03179415739104714,0.6378632652202112,True,False,False,True,True,21,savgol,median,0.2718603709678436,0.1359301854839218,0.9610755241452792,0.9724409448818898,0.97231561392537,0.97231561392537
90,0,no_smoothing,-0.02617219241847756,0,0.08,0.18576699158983936,-0.010870929615074212,0.18576699158983936,True,False,False,False,True,21,none,median,0.7044798861721354,0.3522399430860677,0.6727758012066227,0.594488188976378,0.6020863131115761,0.6020863131115761
90,0,derivative_window_11,-0.15383938335384714,0,0.08,0.49688379673651073,0.01938470754501827,0.49688379673651073,True,False,False,False,True,11,savgol,median,0.30034112244577604,0.15017056122288802,0.9450725849673612,0.9429133858267716,0.9428791336694395,0.9428791336694395
90,0,derivative_window_31,-0.18250950405899677,0,0.08,0.6,0.06472036515000414,0.6724443052622688,True,False,False,True,True,31,savgol,median,0.2713966705577646,0.1356983352788823,0.9634270964004643,0.9763779527559056,0.9764146753351803,0.9764146753351803
90,0,wider_coefficient_bounds,-0.28201537786748226,0,0.03179415739104714,0.6378632652202112,0.03179415739104714,0.6378632652202112,False,False,False,False,False,21,savgol,median,0.5341806439458358,0.2670903219729179,0.8811131847736231,0.7933070866141733,0.7993790656416322,0.7993790656416322
90,0,temporal_mean,-0.17363141543872337,0,0.08,0.6,0.03179415739104714,0.6378632652202112,True,False,False,True,True,21,savgol,mean,0.27305036567650043,0.13652518283825021,0.9616749068460951,0.9704724409448819,0.9705877709833638,0.9705877709833638
91,0,default,-0.0922036077868727,0,0.08,0.6,-0.20432141192168432,0.6059578856909281,True,False,False,True,True,21,savgol,median,0.3783694376430692,0.1891847188215346,0.8900310005381851,0.9350393700787402,0.9287331628455577,0.9287331628455577
91,0,no_smoothing,0.015888669710948856,0,0.08,0.22777650779205708,-0.15013697665842082,0.22777650779205708,True,False,False,False,True,21,none,median,0.7880819977237338,0.3940409988618669,0.6096066923630341,0.59251968503937,0.5972444977697245,0.5972444977697245
91,0,derivative_window_11,-0.07697988560169793,0,0.08,0.4843742537121243,-0.17872472753760257,0.4843742537121243,True,False,False,False,True,11,savgol,median,0.4018229845089801,0.20091149225449004,0.8696602533513572,0.9173228346456693,0.9064565340178037,0.9064565340178037
91,0,derivative_window_31,-0.08736611885070744,0,0.08,0.6,-0.22728478339976152,0.7073419570300974,True,False,False,True,True,31,savgol,median,0.37553919450488615,0.18776959725244308,0.8898238358049153,0.9330708661417323,0.9258103949043358,0.9258103949043358
91,0,wider_coefficient_bounds,-0.016237260784012567,0,0.01,0.6059578856909281,-0.20432141192168432,0.6059578856909281,True,False,False,False,True,21,savgol,median,1.0797639572528035,0.5398819786264017,0.45256421979630856,0.468503937007874,0.4707745352819357,0.4707745352819357
91,0,temporal_mean,-0.06344755244739891,0,0.08,0.6,-0.20432141192168432,0.6059578856909281,True,False,False,True,True,21,savgol,mean,0.41195859836271054,0.20597929918135527,0.8657257370224187,0.9311023622047244,0.918871893986747,0.918871893986747
92,0,default,-0.2560542830822751,0,0.08,0.5073824206844292,-0.10954221625005828,0.5073824206844292,True,False,False,False,True,21,savgol,median,0.2991137397520502,0.1495568698760251,0.9719203339364642,0.9783464566929134,0.9782714884283835,0.9782714884283835
92,0,no_smoothing,-0.15637934906199547,0,0.08,0.20160473267523138,-0.11822551684648816,0.20160473267523138,True,False,False,False,True,21,none,median,0.6996619167290783,0.34983095836453915,0.7336936704975496,0.5846456692913385,0.5949854953673569,0.5949854953673569
92,0,derivative_window_11,-0.2536831717050623,0,0.08,0.4200537109327424,-0.12821177510422674,0.4200537109327424,True,False,False,False,True,11,savgol,median,0.32721608818300335,0.16360804409150168,0.9594488901480998,0.9566929133858267,0.9567883196710806,0.9567883196710806
92,0,derivative_window_31,-0.25467278224941986,0,0.08,0.5488857193436086,-0.09461835673793537,0.5488857193436086,True,False,False,False,True,31,savgol,median,0.2973941405497994,0.1486970702748997,0.9722702310569803,0.9783464566929134,0.9783451837164154,0.9783451837164154
92,0,wider_coefficient_bounds,-0.3082268721508697,0,0.01,0.5073824206844292,-0.10954221625005828,0.5073824206844292,True,False,False,False,True,21,savgol,median,0.9444490573261782,0.4722245286630891,0.67938318337453,0.5452755905511811,0.5468754887968991,0.5468754887968991
92,0,temporal_mean,-0.25598697022516126,0,0.08,0.5073824206844292,-0.10954221625005828,0.5073824206844292,True,False,False,False,True,21,savgol,mean,0.296920123118025,0.1484600615590125,0.9731880100330864,0.9803149606299213,0.9803467418374251,0.9803467418374251
93,0,default,-0.25295976010865723,0,0.08,0.6,-0.0736730765187293,0.6368975372899482,True,False,False,True,True,21,savgol,median,0.29745342247043005,0.14872671123521503,0.971335607851457,0.9881889763779528,0.9881685823754789,0.9881685823754789
93,0,no_smoothing,-0.20719036031970328,0,0.08,0.18307737995996287,-0.04241141564491775,0.18307737995996287,True,False,False,False,True,21,none,median,0.6772017064733848,0.3386008532366924,0.770066208271732,0.6633858267716536,0.6702517166351177,0.6702517166351177
93,0,derivative_window_11,-0.24143794254009887,0,0.08,0.48481706236911837,-0.056547618656260984,0.48481706236911837,True,False,False,False,True,11,savgol,median,0.31660316269010536,0.15830158134505268,0.9596828660633582,0.9803149606299213,0.9800905155470554,0.9800905155470554
93,0,derivative_window_31,-0.25418045697999836,0,0.08,0.6,-0.08644750329663453,0.7021210754183054,True,False,False,True,True,31,savgol,median,0.29202310329575465,0.14601155164787732,0.9729228824991367,0.9940944881889764,0.9940466550992867,0.9940466550992867
93,0,wider_coefficient_bounds,-0.2634383564135749,0,0.01,0.6368975372899482,-0.0736730765187293,0.6368975372899482,True,False,False,False,True,21,savgol,median,0.879372598332981,0.4396862991664905,0.7019339204070848,0.6082677165354331,0.6141155894393457,0.6141155894393457
93,0,temporal_mean,-0.22885666104608787,0,0.08,0.6,-0.0736730765187293,0.6368975372899482,True,False,False,True,True,21,savgol,mean,0.2921695353044255,0.14608476765221276,0.9649523438094694,0.984251968503937,0.9838004096532654,0.9838004096532654
94,0,default,-0.24357640691940893,0,0.08,0.6,-0.3691103677013517,0.6151488661574637,True,False,False,True,True,21,savgol,median,0.2896159540677627,0.14480797703388135,0.9743652748453618,0.9744094488188977,0.9745069853627683,0.9745069853627683
94,0,no_smoothing,-0.12126680131335131,0,0.08,0.3308050643083087,-0.34078408326297877,0.3308050643083087,True,False,False,False,True,21,none,median,0.6759515733792214,0.3379757866896107,0.7355022171234818,0.6377952755905512,0.6456390341654364,0.6456390341654364
94,0,derivative_window_11,-0.24360516620748715,0,0.08,0.5502005428255197,-0.3804220789000418,0.5502005428255197,True,False,False,False,True,11,savgol,median,0.30898969147856603,0.15449484573928302,0.9677342372773944,0.968503937007874,0.9686810132613356,0.9686810132613356
94,0,derivative_window_31,-0.2424728856399389,0,0.08,0.6,-0.34654055643496506,0.6309698208312573,True,False,False,True,True,31,savgol,median,0.2830273917312515,0.14151369586562576,0.9767637991456407,0.9763779527559056,0.9765084328304966,0.9765084328304966
94,0,wider_coefficient_bounds,-0.3137283480139827,0,0.01,0.6151488661574637,-0.3691103677013517,0.6151488661574637,True,False,False,False,True,21,savgol,median,0.9308003248909195,0.46540016244545973,0.6905313110835377,0.5531496062992126,0.5566748316926252,0.5566748316926252
94,0,temporal_mean,-0.2445881386177125,0,0.08,0.6,-0.3691103677013517,0.6151488661574637,True,False,False,True,True,21,savgol,mean,0.2866928513638006,0.1433464256819003,0.9750955844083101,0.9744094488188977,0.9746002163001123,0.9746002163001123
95,1,default,0.4387180518406781,0,0.22655282384842754,0.3006668129151566,0.22655282384842754,0.3006668129151566,False,False,False,False,False,21,savgol,median,0.529946734918096,0.264973367459048,0.47351551755364546,0.7598425196850394,0.8263247863247862,0.7394871794871795
95,1,no_smoothing,0.34701730946285325,0,0.08717726420566424,0.06609522987569255,0.08717726420566424,0.06609522987569255,False,False,False,False,False,21,none,median,0.9673959358887042,0.4836979679443521,0.1415495110226158,0.44291338582677164,0.33433179147393427,0.33433179147393427
95,1,derivative_window_11,0.4411635664941606,0,0.23025932375556415,0.19447364879204182,0.23025932375556415,0.19447364879204182,False,False,False,False,False,11,savgol,median,0.5310658463078748,0.2655329231539374,0.4671785086130158,0.7598425196850394,0.8263247863247862,0.7394871794871795
95,1,derivative_window_31,0.4335444947013286,0,0.23279547699141062,0.3761854411474595,0.23279547699141062,0.3761854411474595,False,False,False,False,False,31,savgol,median,0.5337261418004169,0.26686307090020844,0.46642127928968075,0.7598425196850394,0.8263247863247862,0.7394871794871795
95,1,wider_coefficient_bounds,0.4387180518406781,0,0.22655282384842754,0.3006668129151566,0.22655282384842754,0.3006668129151566,False,False,False,False,False,21,savgol,median,0.529946734918096,0.264973367459048,0.47351551755364546,0.7598425196850394,0.8263247863247862,0.7394871794871795
95,1,temporal_mean,0.43989702482277404,0,0.22655282384842754,0.3006668129151566,0.22655282384842754,0.3006668129151566,False,False,False,False,False,21,savgol,mean,0.5286437200324435,0.26432186001622177,0.4748369007886489,0.7598425196850394,0.8263247863247862,0.7394871794871795
96,0,default,0.44120894640095787,0,0.948887814981944,0.0,0.948887814981944,-0.22260783672244228,False,False,True,False,True,21,savgol,median,0.41351257003757264,0.20675628501878632,0.8785240793934489,0.7598425196850394,0.604102564102564,0.604102564102564
96,0,no_smoothing,0.43964847732511203,0,0.796742112869061,0.0,0.796742112869061,-0.4929795307903107,False,False,True,False,True,21,none,median,0.4205409448306509,0.21027047241532545,0.8627548020719387,0.7598425196850394,0.604102564102564,0.604102564102564
96,0,derivative_window_11,0.44211372165034285,0,0.9285801759811301,0.0,0.9285801759811301,-0.3215685540076166,False,False,True,False,True,11,savgol,median,0.414506369456698,0.207253184728349,0.8775794781707302,0.7598425196850394,0.604102564102564,0.604102564102564
96,0,derivative_window_31,0.4412843134882084,0,0.9240461095250748,0.0,0.9240461095250748,-0.11680156777663239,False,False,True,False,True,31,savgol,median,0.41359433950083463,0.20679716975041731,0.8784732137036758,0.7598425196850394,0.604102564102564,0.604102564102564
96,0,wider_coefficient_bounds,0.44120894640095787,0,0.948887814981944,0.0,0.948887814981944,-0.22260783672244228,False,False,True,False,True,21,savgol,median,0.41351257003757264,0.20675628501878632,0.8785240793934489,0.7598425196850394,0.604102564102564,0.604102564102564
96,0,temporal_mean,0.44436508848959677,0,0.948887814981944,0.0,0.948887814981944,-0.22260783672244228,False,False,True,False,True,21,savgol,mean,0.41631022662540446,0.20815511331270223,0.8761623291046772,0.7598425196850394,0.604102564102564,0.604102564102564
97,0,default,-0.2882965835340948,0,0.08,0.589143434705221,-0.24274793369330583,0.589143434705221,True,False,False,False,True,21,savgol,median,0.3317292905760604,0.1658646452880302,0.9687780464993997,0.9724409448818898,0.9727231110430887,0.9727231110430887
97,0,no_smoothing,-0.2537051388136342,0,0.08,0.24926568213852912,-0.21245813750459405,0.24926568213852912,True,False,False,False,True,21,none,median,0.6905758555904216,0.3452879277952108,0.7750717703285777,0.6358267716535433,0.644389627120363,0.644389627120363
97,0,derivative_window_11,-0.28514843257089517,0,0.08,0.45267915727378655,-0.22660162898783362,0.45267915727378655,True,False,False,False,True,11,savgol,median,0.34728723549264745,0.17364361774632373,0.9605317726438813,0.9566929133858267,0.9568884685571907,0.9568884685571907
97,0,derivative_window_31,-0.2895979131151614,0,0.08,0.6,-0.2432518293642062,0.6617919028588507,True,False,False,True,True,31,savgol,median,0.33063681162968706,0.16531840581484353,0.9715877312321433,0.9724409448818898,0.972833026674308,0.972833026674308
97,0,wider_coefficient_bounds,-0.30018674951303737,0,0.01,0.589143434705221,-0.24274793369330583,0.589143434705221,True,False,False,False,True,21,savgol,median,0.8823286562972477,0.44116432814862383,0.7068823650396311,0.5846456692913385,0.5890783433582881,0.5890783433582881
97,0,temporal_mean,-0.28698641390582597,0,0.08,0.589143434705221,-0.24274793369330583,0.589143434705221,True,False,False,False,True,21,savgol,mean,0.32459692519267325,0.16229846259633662,0.9723127054651723,0.9724409448818898,0.972833026674308,0.972833026674308
98,1,default,0.48471094540726933,0,1.1574066618643568,0.0,1.1574066618643568,-0.33041446054786633,False,False,True,False,True,21,savgol,median,0.4826380744738452,0.2413190372369226,0.543670660726009,0.7598425196850394,0.8263247863247862,0.7394871794871795
98,1,no_smoothing,0.49662013132330984,0,0.7187756304788687,0.0,0.7187756304788687,-0.41383484836998896,False,False,True,False,True,21,none,median,0.48085179427205005,0.24042589713602502,0.5480103684940961,0.7539370078740157,0.8222655129319332,0.7333982693979
98,1,derivative_window_11,0.48748450737462545,0,1.0889479243183138,0.0,1.0889479243183138,-0.4335791240169526,False,False,True,False,True,11,savgol,median,0.48015831489266053,0.24007915744633027,0.547047038995681,0.7598425196850394,0.8263247863247862,0.7394871794871795
98,1,derivative_window_31,0.48402214862325627,0,1.1409128266895292,0.0,1.1409128266895292,-0.23354564249724324,False,False,True,False,True,31,savgol,median,0.48327773275151725,0.24163886637575863,0.5424967287375391,0.7598425196850394,0.8263247863247862,0.7394871794871795
98,1,wider_coefficient_bounds,0.48471094540726933,0,1.1574066618643568,0.0,1.1574066618643568,-0.33041446054786633,False,False,True,False,True,21,savgol,median,0.4826380744738452,0.2413190372369226,0.543670660726009,0.7598425196850394,0.8263247863247862,0.7394871794871795
98,1,temporal_mean,0.48605570950594595,0,1.1574066618643568,0.0,1.1574066618643568,-0.33041446054786633,False,False,True,False,True,21,savgol,mean,0.4813656888636311,0.24068284443181556,0.5456349782761993,0.7598425196850394,0.8263247863247862,0.7394871794871795
99,1,default,1.0417713627094063,1,0.5888869239260299,0.0,0.5888869239260299,-0.005175558337898846,False,False,True,False,True,21,savgol,median,0.053164541894422164,0.026582270947211082,0.99540983389214,1.0,1.0,1.0
99,1,no_smoothing,1.0506228909322972,1,0.5589864738446996,0.0,0.5589864738446996,-0.3181811276433262,False,False,True,False,True,21,none,median,0.13442703441660464,0.06721351720830232,0.9646724931186952,0.9940944881889764,0.996056252741409,0.9940843791121134
99,1,derivative_window_11,1.043090606068848,1,0.5785243494739228,0.0,0.5785243494739228,-0.10187136703995182,False,False,True,False,True,11,savgol,median,0.059037059336770004,0.029518529668385002,0.9941101943420123,1.0,1.0,1.0
99,1,derivative_window_31,1.0426074878834712,1,0.5960064125109537,0.042118394490977616,0.5960064125109537,0.042118394490977616,False,False,False,False,False,31,savgol,median,0.053693373092321785,0.026846686546160892,0.9954050971135071,1.0,1.0,1.0
99,1,wider_coefficient_bounds,1.0417713627094063,1,0.5888869239260299,0.0,0.5888869239260299,-0.005175558337898846,False,False,True,False,True,21,savgol,median,0.053164541894422164,0.026582270947211082,0.99540983389214,1.0,1.0,1.0
99,1,temporal_mean,1.0395897357243555,1,0.5888869239260299,0.0,0.5888869239260299,-0.005175558337898846,False,False,True,False,True,21,savgol,mean,0.05257577949429684,0.02628788974714842,0.9953539074362195,1.0,1.0,1.0
100,0,default,-0.2967547115364737,0,0.08,0.47262871704521764,-0.02709260159563024,0.47262871704521764,True,False,False,False,True,21,savgol,median,0.3437593929088356,0.1718796964544178,0.967392848798083,0.952755905511811,0.9536633067914101,0.9536633067914101
100,0,no_smoothing,-0.2871005477885043,0,0.08,0.10762003430967008,-0.015462293065879896,0.10762003430967008,True,False,False,False,True,21,none,median,0.7031481078189226,0.3515740539094613,0.7739757370519332,0.6259842519685039,0.6316981751396306,0.6316981751396306
100,0,derivative_window_11,-0.2965992473967443,0,0.08,0.347862247469573,-0.02035147028755374,0.347862247469573,True,False,False,False,True,11,savgol,median,0.3601096164048662,0.1800548082024331,0.9592738992301046,0.9173228346456693,0.9190176805817977,0.9190176805817977
100,0,derivative_window_31,-0.29676489034926307,0,0.08,0.5377644183127737,-0.03454880787197658,0.5377644183127737,True,False,False,False,True,31,savgol,median,0.3396306815526697,0.16981534077633484,0.9701443299077795,0.9586614173228346,0.9592439475308715,0.9592439475308715
100,0,wider_coefficient_bounds,-0.31370320619996234,0,0.01,0.47262871704521764,-0.02709260159563024,0.47262871704521764,True,False,False,False,True,21,savgol,median,0.9196632095072143,0.4598316047536071,0.692419569894285,0.547244094488189,0.5497937290943153,0.5497937290943153
100,0,temporal_mean,-0.2960634870452402,0,0.08,0.47262871704521764,-0.02709260159563024,0.47262871704521764,True,False,False,False,True,21,savgol,mean,0.34227481334538684,0.17113740667269342,0.9683062962185605,0.952755905511811,0.9536633067914101,0.9536633067914101
101,0,default,-0.23317389205329647,0,0.08,0.5577051694342544,-0.2550189869656307,0.5577051694342544,True,False,False,False,True,21,savgol,median,0.2842557259396358,0.1421278629698179,0.9725099761691219,0.9803149606299213,0.9802754925705744,0.9802754925705744
101,0,no_smoothing,-0.09291857528703587,0,0.08,0.2871371016954274,-0.23061287873062228,0.2871371016954274,True,False,False,False,True,21,none,median,0.7184571890518454,0.3592285945259227,0.6896831578460123,0.5688976377952756,0.5778579587891569,0.5778579587891569
101,0,derivative_window_11,-0.22913466680565517,0,0.08,0.48187320390667787,-0.252636905804033,0.48187320390667787,True,False,False,False,True,11,savgol,median,0.30749354468265105,0.15374677234132553,0.9627269392177052,0.9606299212598425,0.9607757331489735,0.9607757331489735
101,0,derivative_window_31,-0.23716528695153288,0,0.08,0.6,-0.2641719378894029,0.6055692294271335,True,False,False,True,True,31,savgol,median,0.28576872981162965,0.14288436490581483,0.9734187331517777,0.984251968503937,0.984215101915728,0.984215101915728
101,0,wider_coefficient_bounds,-0.3158900869122105,0,0.01,0.5577051694342544,-0.2550189869656307,0.5577051694342544,True,False,False,False,True,21,savgol,median,0.9347205945189185,0.46736029725945927,0.7000609093381169,0.5570866141732284,0.5600631187258652,0.5600631187258652
101,0,temporal_mean,-0.23483537699986848,0,0.08,0.5577051694342544,-0.2550189869656307,0.5577051694342544,True,False,False,False,True,21,savgol,mean,0.2799720204277536,0.1399860102138768,0.9751166391467424,0.9763779527559056,0.9765084328304966,0.9765084328304966
102,0,default,0.44032573097263245,0,0.4739713706701404,0.008961011151189795,0.4739713706701404,0.008961011151189795,False,False,False,False,False,21,savgol,median,0.4134430601961671,0.20672153009808356,0.8791471244325483,0.7598425196850394,0.604102564102564,0.604102564102564
102,0,no_smoothing,0.40765296817277497,0,0.24277859240515923,0.0,0.24277859240515923,-0.09893372891694528,False,False,True,False,True,21,none,median,0.4717847067606134,0.2358923533803067,0.7642310967127572,0.7440944881889764,0.6546599569071478,0.6546599569071478
102,0,derivative_window_11,0.43780708267121354,0,0.43548883241647574,0.0,0.43548883241647574,-0.04478518729724055,False,False,True,False,True,11,savgol,median,0.4123438867587613,0.20617194337938066,0.8787787299225372,0.7598425196850394,0.604102564102564,0.604102564102564
102,0,derivative_window_31,0.4434552838391316,0,0.5344761441078575,0.009347590655969209,0.5344761441078575,0.009347590655969209,False,False,False,False,False,31,savgol,median,0.415941747068645,0.2079708735343225,0.8765853014677466,0.7598425196850394,0.604102564102564,0.604102564102564
102,0,wider_coefficient_bounds,0.44032573097263245,0,0.4739713706701404,0.008961011151189795,0.4739713706701404,0.008961011151189795,False,False,False,False,False,21,savgol,median,0.4134430601961671,0.20672153009808356,0.8791471244325483,0.7598425196850394,0.604102564102564,0.604102564102564
102,0,temporal_mean,0.43992981164675393,0,0.4739713706701404,0.008961011151189795,0.4739713706701404,0.008961011151189795,False,False,False,False,False,21,savgol,mean,0.4129707680589783,0.20648538402948916,0.8792557946691799,0.7598425196850394,0.604102564102564,0.604102564102564
103,0,default,-0.15218021222066322,0,0.08,0.5987912692666202,-0.3716003631583697,0.5987912692666202,True,False,False,False,True,21,savgol,median,0.25134522808780624,0.12567261404390312,0.9633426905217437,0.9881889763779528,0.988118689977838,0.988118689977838
103,0,no_smoothing,-0.03760939518469662,0,0.08,0.3041980654251503,-0.32019021813900145,0.3041980654251503,True,False,False,False,True,21,none,median,0.6987024237078466,0.3493512118539233,0.6843303794450502,0.6338582677165354,0.6403209944359783,0.6403209944359783
103,0,derivative_window_11,-0.1588999800299979,0,0.08,0.48651847452073305,-0.3822858534673486,0.48651847452073305,True,False,False,False,True,11,savgol,median,0.28156937072255206,0.14078468536127603,0.953034484362896,0.9645669291338582,0.9643492222261916,0.9643492222261916
103,0,derivative_window_31,-0.15340692249896037,0,0.08,0.6,-0.3803251716845558,0.6598797271526271,True,False,False,True,True,31,savgol,median,0.24339775249960124,0.12169887624980062,0.9675176778466439,0.9881889763779528,0.988118689977838,0.988118689977838
103,0,wider_coefficient_bounds,-0.29685759290064195,0,0.01,0.5987912692666202,-0.3716003631583697,0.5987912692666202,True,False,False,False,True,21,savgol,median,0.9192883966542695,0.45964419832713477,0.6741342335265205,0.5826771653543307,0.5861745046344146,0.5861745046344146
103,0,temporal_mean,-0.1638683657075311,0,0.08,0.5987912692666202,-0.3716003631583697,0.5987912692666202,True,False,False,False,True,21,savgol,mean,0.25090630745664416,0.12545315372832208,0.96746615488544,0.9901574803149606,0.9900763685477892,0.9900763685477892
104,1,default,0.544456202628313,1,0.3954992743470501,0.19989405605839541,0.3954992743470501,0.19989405605839541,False,False,False,False,False,21,savgol,median,0.4283748298155961,0.21418741490779805,0.6316561681465734,0.7598425196850394,0.8263247863247862,0.7394871794871795
104,1,no_smoothing,0.6540648062286056,1,0.08,0.05708609642189291,0.06126962406776194,0.05708609642189291,True,False,False,False,True,21,none,median,0.8105150253519243,0.40525751267596216,0.3271695174167509,0.5137795275590551,0.37396223098945924,0.37396223098945924
104,1,derivative_window_11,0.5645049516550878,1,0.22542734010253526,0.20828001019025008,0.22542734010253526,0.20828001019025008,False,False,False,False,False,11,savgol,median,0.41776055215077507,0.20888027607538753,0.6407202309001926,0.7598425196850394,0.8263247863247862,0.7394871794871795
104,1,derivative_window_31,0.5375654141837235,1,0.5158045655855035,0.18216666534147663,0.5158045655855035,0.18216666534147663,False,False,False,False,False,31,savgol,median,0.4337874924337572,0.2168937462168786,0.6231725075130176,0.7598425196850394,0.8263247863247862,0.7394871794871795
104,1,wider_coefficient_bounds,0.544456202628313,1,0.3954992743470501,0.19989405605839541,0.3954992743470501,0.19989405605839541,False,False,False,False,False,21,savgol,median,0.4283748298155961,0.21418741490779805,0.6316561681465734,0.7598425196850394,0.8263247863247862,0.7394871794871795
104,1,temporal_mean,0.5498691575040178,1,0.3954992743470501,0.19989405605839541,0.3954992743470501,0.19989405605839541,False,False,False,False,False,21,savgol,mean,0.423284481811308,0.211642240905654,0.638917247537337,0.7598425196850394,0.8263247863247862,0.7394871794871795
105,0,default,-0.2935217775474024,0,0.08094589081397335,0.2620965606137524,0.08094589081397335,0.2620965606137524,False,False,False,False,False,21,savgol,median,0.32152772845625416,0.16076386422812708,0.9723451799028143,0.968503937007874,0.9687854509359046,0.9687854509359046
105,0,no_smoothing,-0.2617257030922033,0,0.08,0.014549390156309615,0.0783370641785726,0.014549390156309615,True,False,False,False,True,21,none,median,0.7086583756739508,0.3543291878369754,0.7553159059797355,0.639763779527559,0.6460128597458734,0.6460128597458734
105,0,derivative_window_11,-0.29231873474613673,0,0.08,0.16575036010905478,0.07891204004306315,0.16575036010905478,True,False,False,False,True,11,savgol,median,0.34847429824401543,0.17423714912200772,0.9597621689562241,0.952755905511811,0.9527370092014874,0.9527370092014874
105,0,derivative_window_31,-0.2933733746087523,0,0.08,0.32250614808115463,0.07769874437171295,0.32250614808115463,True,False,False,False,True,31,savgol,median,0.3186012991940939,0.15930064959704696,0.9732098552127607,0.9704724409448819,0.9708050117911982,0.9708050117911982
105,0,wider_coefficient_bounds,-0.2935217775474024,0,0.08094589081397335,0.2620965606137524,0.08094589081397335,0.2620965606137524,False,False,False,False,False,21,savgol,median,0.32152772845625416,0.16076386422812708,0.9723451799028143,0.968503937007874,0.9687854509359046,0.9687854509359046
105,0,temporal_mean,-0.2931668868882588,0,0.08094589081397335,0.2620965606137524,0.08094589081397335,0.2620965606137524,False,False,False,False,False,21,savgol,mean,0.32178567913615175,0.16089283956807587,0.9714506469414658,0.9724409448818898,0.9726991185579289,0.9726991185579289
106,1,default,1.1275580605134632,1,0.08,0.6,-0.7576116362242337,1.1005595680041402,True,False,False,True,True,21,savgol,median,0.26111535725028684,0.13055767862514342,0.9105458771981343,0.9763779527559056,0.6515663736759071,0.6515663736759071
106,1,no_smoothing,1.1175064628123004,1,0.08,0.573173324360532,-0.5620806730859573,0.573173324360532,True,False,False,False,True,21,none,median,0.6881584795039735,0.34407923975198673,0.5690413800955246,0.639763779527559,0.44886905207750455,0.44886905207750455
106,1,derivative_window_11,1.2149389738390108,1,0.08,0.6,-0.6807276602363765,0.923123823285562,True,False,False,True,True,11,savgol,median,0.3092834266610616,0.1546417133305308,0.9054292122164438,0.968503937007874,0.6482662332249729,0.6482662332249729
106,1,derivative_window_31,1.097542723699101,1,0.08,0.6,-0.8098002550205075,1.2095945330677498,True,False,False,True,True,31,savgol,median,0.24386069082048775,0.12193034541024388,0.9145341144659666,0.9704724409448819,0.9802873850905888,0.9704310776358831
106,1,wider_coefficient_bounds,1.2982318819552234,1,0.01,1.1005595680041402,-0.7576116362242337,1.1005595680041402,True,False,False,False,True,21,savgol,median,0.9799165073168973,0.48995825365844864,0.535453567903433,0.5551181102362205,0.3868810833685992,0.3868810833685992
106,1,temporal_mean,1.2441637991572814,1,0.08,0.6,-0.7576116362242337,1.1005595680041402,True,False,False,True,True,21,savgol,mean,0.29163925730664964,0.14581962865332482,0.9290648965865493,0.9783464566929134,0.6528810276567262,0.6528810276567262
107,0,default,0.320453161247715,0,0.08,0.6,-0.9015494996566935,1.096652246608092,True,False,False,True,True,21,savgol,median,0.375268771891238,0.187634385945619,0.8525416935699712,0.8149606299212598,0.7572196067073923,0.7572196067073923
107,0,no_smoothing,0.26157049573263436,0,0.08,0.443200335111511,-0.4431582340875329,0.443200335111511,True,False,False,False,True,21,none,median,0.8418978372648432,0.4209489186324216,0.4378118521688023,0.4881889763779528,0.48523664721693743,0.48523664721693743
107,0,derivative_window_11,0.27305639754598665,0,0.08,0.6,-0.7613010582282436,0.8818109448878284,True,False,False,True,True,11,savgol,median,0.3717979676620315,0.18589898383101575,0.8477216002998534,0.8169291338582677,0.7784697395129679,0.7784697395129679
107,0,derivative_window_31,0.35659223997636114,0,0.08,0.6,-1.0042149414744583,1.2074222597883537,True,False,False,True,True,31,savgol,median,0.39761678197774475,0.19880839098887237,0.8363516800820887,0.7992125984251969,0.7208907916937338,0.7208907916937338
107,0,wider_coefficient_bounds,0.02794629540022775,0,0.01,1.096652246608092,-0.9015494996566935,1.096652246608092,True,False,False,False,True,21,savgol,median,1.0993318970471273,0.5496659485235637,0.4698492989214298,0.4645669291338583,0.4682382831344493,0.4682382831344493
107,0,temporal_mean,0.24771899196023553,0,0.08,0.6,-0.9015494996566935,1.096652246608092,True,False,False,True,True,21,savgol,mean,0.3071138338501465,0.15355691692507326,0.9017487404235345,0.860236220472441,0.8292985215436488,0.8292985215436488
108,1,default,1.1995860212419893,1,0.08,0.6,-0.5241118019403999,0.738593885721126,True,False,False,True,True,21,savgol,median,0.2611644568747553,0.13058222843737766,0.9359650545270531,0.9862204724409449,0.9908056319382768,0.9862084479074151
108,1,no_smoothing,1.1218767436391177,1,0.08,0.4075459417990118,-0.42036110687223277,0.4075459417990118,True,False,False,False,True,21,none,median,0.6698595690248543,0.33492978451242716,0.6217616210692676,0.655511811023622,0.4651072124756335,0.4651072124756335
108,1,derivative_window_11,1.2246993777027393,1,0.08,0.6,-0.482250204907292,0.6273682574511028,True,False,False,True,True,11,savgol,median,0.2969205128761286,0.1484602564380643,0.9174489051647404,0.9724409448818898,0.6495975489432414,0.6495975489432414
108,1,derivative_window_31,1.2052621923861018,1,0.08,0.6,-0.5613634832331501,0.8185483481285812,True,False,False,True,True,31,savgol,median,0.2620225650731305,0.13101128253656524,0.9357494105996429,0.984251968503937,0.9894933325060365,0.984239998759055
108,1,wider_coefficient_bounds,1.308364497932648,1,0.01,0.738593885721126,-0.5241118019403999,0.738593885721126,True,False,False,False,True,21,savgol,median,0.9325707398360783,0.46628536991803915,0.5791006675930692,0.5826771653543307,0.410901902234019,0.410901902234019
108,1,temporal_mean,1.2361335926287935,1,0.08,0.6,-0.5241118019403999,0.738593885721126,True,False,False,True,True,21,savgol,mean,0.2760694067653187,0.13803470338265936,0.938031578767625,0.9803149606299213,0.9868693134822167,0.980303970223325
109,0,default,0.18296746750386406,0,0.33902746002838613,0.37420969413922744,0.33902746002838613,0.37420969413922744,False,False,False,False,False,21,savgol,median,0.17912239123231016,0.08956119561615508,0.9834631332709532,0.9625984251968503,0.9602735459408219,0.9602735459408219
109,0,no_smoothing,0.1572731769828814,0,0.34932089102684166,0.0,0.34932089102684166,-0.1173536494487456,False,False,True,False,True,21,none,median,0.2425976497535449,0.12129882487677245,0.9386326536929644,0.9232283464566929,0.917285646159232,0.917285646159232
109,0,derivative_window_11,0.1924665619085333,0,0.3809606526285038,0.1862773339587077,0.3809606526285038,0.1862773339587077,False,False,False,False,False,11,savgol,median,0.18941135098926826,0.09470567549463413,0.9813963680623728,0.9566929133858267,0.9536336336336336,0.9536336336336336
109,0,derivative_window_31,0.164971135098539,0,0.30426308197369,0.4622736072040997,0.30426308197369,0.4622736072040997,False,False,False,False,False,31,savgol,median,0.16379939074117458,0.08189969537058729,0.9856143383325232,0.9724409448818898,0.9711000588266753,0.9711000588266753
109,0,wider_coefficient_bounds,0.18296746750386406,0,0.33902746002838613,0.37420969413922744,0.33902746002838613,0.37420969413922744,False,False,False,False,False,21,savgol,median,0.17912239123231016,0.08956119561615508,0.9834631332709532,0.9625984251968503,0.9602735459408219,0.9602735459408219
109,0,temporal_mean,0.17195979070763773,0,0.33902746002838613,0.37420969413922744,0.33902746002838613,0.37420969413922744,False,False,False,False,False,21,savgol,mean,0.1685855365961136,0.0842927682980568,0.9858294172507585,0.9763779527559056,0.9753512132822477,0.9753512132822477
110,1,default,1.2835108303190617,1,0.08,0.46332641692937987,-0.16248811229303825,0.46332641692937987,True,False,False,False,True,21,savgol,median,0.3204368004189454,0.1602184002094727,0.9222117105143006,0.9625984251968503,0.6436484979845783,0.6436484979845783
110,1,no_smoothing,1.2025393549611532,1,0.08,0.22026456029632982,-0.1516113870285512,0.22026456029632982,True,False,False,False,True,21,none,median,0.7302743450198035,0.36513717250990174,0.5699492166648223,0.6122047244094488,0.43036779459430013,0.43036779459430013
110,1,derivative_window_11,1.2771649137043575,1,0.08,0.3769697332995793,-0.16041346912660367,0.3769697332995793,True,False,False,False,True,11,savgol,median,0.34503703956819864,0.17251851978409932,0.8993952128782525,0.9389763779527559,0.6297180755048931,0.6297180755048931
110,1,derivative_window_31,1.2829019564765953,1,0.08,0.49873950554913515,-0.1632838534589489,0.49873950554913515,True,False,False,False,True,31,savgol,median,0.3161093460705004,0.1580546730352502,0.9264958814395717,0.968503937007874,0.6463104918567534,0.6463104918567534
110,1,wider_coefficient_bounds,1.3132552166176796,1,0.01,0.46332641692937987,-0.16248811229303825,0.46332641692937987,True,False,False,False,True,21,savgol,median,0.9181601744089984,0.4590800872044992,0.5600565357171206,0.5374015748031497,0.3715917464996315,0.3715917464996315
110,1,temporal_mean,1.2796116480793658,1,0.08,0.46332641692937987,-0.16248811229303825,0.46332641692937987,True,False,False,False,True,21,savgol,mean,0.31624871740410915,0.15812435870205457,0.9258830017272052,0.9724409448818898,0.6489387042819489,0.6489387042819489
111,1,default,1.0616155594337946,1,0.08,0.6,-0.42514371037797133,0.9763266949929922,True,False,False,True,True,21,savgol,median,0.23392409754412472,0.11696204877206236,0.9089293726831871,0.9645669291338582,0.6443323053920195,0.6443323053920195
111,1,no_smoothing,0.9599513727324555,1,0.08,0.48149893519570364,-0.36163934400488956,0.48149893519570364,True,False,False,False,True,21,none,median,0.7046579126860563,0.35232895634302813,0.5110680279775525,0.594488188976378,0.42819935749677845,0.42819935749677845
111,1,derivative_window_11,1.067139745073922,1,0.08,0.6,-0.4298982670132828,0.8632520347731468,True,False,False,True,True,11,savgol,median,0.27125411651563197,0.13562705825781599,0.8842297842850262,0.9488188976377953,0.6363645872557634,0.6363645872557634
111,1,derivative_window_31,1.0660303615281137,1,0.08,0.6,-0.4087554622076946,1.019146495951338,True,False,False,True,True,31,savgol,median,0.2347466679433081,0.11737333397165405,0.9090498037479213,0.9724409448818898,0.6495975489432414,0.6495975489432414
111,1,wider_coefficient_bounds,1.2894708307197658,1,0.01,0.9763266949929922,-0.42514371037797133,0.9763266949929922,True,False,False,False,True,21,savgol,median,0.9849096617418077,0.49245483087090386,0.518784352079699,0.5078740157480315,0.34912952880285003,0.34912952880285003
111,1,temporal_mean,1.050108508242342,1,0.08,0.6,-0.42514371037797133,0.9763266949929922,True,False,False,True,True,21,savgol,mean,0.23437131129966843,0.11718565564983421,0.9062991752287791,0.9724409448818898,0.6489352881122288,0.6489352881122288
112,1,default,1.2929579754008773,1,0.08,0.45569869598889884,-0.10249306682664336,0.45569869598889884,True,False,False,False,True,21,savgol,median,0.33258700825984466,0.16629350412992233,0.9150784323846024,0.968503937007874,0.6463104918567534,0.6463104918567534
112,1,no_smoothing,1.2642682782460293,1,0.08,0.15020626484370414,-0.07232701100940285,0.15020626484370414,True,False,False,False,True,21,none,median,0.7103176538168023,0.35515882690840117,0.5918892670781737,0.5984251968503937,0.42133899789442303,0.42133899789442303
112,1,derivative_window_11,1.2951583344551878,1,0.08,0.3656876143398743,-0.08428093226884738,0.3656876143398743,True,False,False,False,True,11,savgol,median,0.35064471356026383,0.17532235678013192,0.89968972178668,0.9625984251968503,0.6423687964192611,0.6423687964192611
112,1,derivative_window_31,1.2925337494051552,1,0.08,0.5053589997497913,-0.10977824570435679,0.5053589997497913,True,False,False,False,True,31,savgol,median,0.32896658628024505,0.16448329314012253,0.9186416655283239,0.9724409448818898,0.9816247332330859,0.9724370998496288
112,1,wider_coefficient_bounds,1.3068882066090313,1,0.01,0.45569869598889884,-0.10249306682664336,0.45569869598889884,True,False,False,False,True,21,savgol,median,0.8852372006199349,0.44261860030996747,0.5546354074893233,0.562992125984252,0.39020639444123373,0.39020639444123373
112,1,temporal_mean,1.2938215469095864,1,0.08,0.45569869598889884,-0.10249306682664336,0.45569869598889884,True,False,False,False,True,21,savgol,mean,0.32908487012930526,0.16454243506465263,0.9159425815484095,0.9704724409448819,0.9803130534531602,0.9704695801797403
113,1,default,1.2581533084312477,1,0.08,0.45649143232210054,-0.0751434916248386,0.45649143232210054,True,False,False,False,True,21,savgol,median,0.30407532885319155,0.15203766442659578,0.9262757593419457,0.9744094488188977,0.650252427184466,0.650252427184466
113,1,no_smoothing,1.146029283617092,1,0.08,0.1405251303735894,-0.05465908785906612,0.1405251303735894,True,False,False,False,True,21,none,median,0.696743013425491,0.3483715067127455,0.5253828354409652,0.610236220472441,0.423994707263699,0.423994707263699
113,1,derivative_window_11,1.2530558220767316,1,0.08,0.33429443852208934,-0.07329259407621086,0.33429443852208934,True,False,False,False,True,11,savgol,median,0.3240941946407652,0.1620470973203826,0.9082109243080689,0.952755905511811,0.6357970046643578,0.6357970046643578
113,1,derivative_window_31,1.2540182251663294,1,0.08,0.5038779891948841,-0.071115124007113,0.5038779891948841,True,False,False,False,True,31,savgol,median,0.29792368988438184,0.14896184494219092,0.9295630732945473,0.9783464566929134,0.9855597720263222,0.9783396580394832
113,1,wider_coefficient_bounds,1.3130389193325533,1,0.01,0.45649143232210054,-0.0751434916248386,0.45649143232210054,True,False,False,False,True,21,savgol,median,0.9233858853195483,0.4616929426597742,0.5442213181023589,0.5511811023622047,0.38045692265345443,0.38045692265345443
113,1,temporal_mean,1.257254617658668,1,0.08,0.45649143232210054,-0.0751434916248386,0.45649143232210054,True,False,False,False,True,21,savgol,mean,0.2980916939943958,0.1490458469971979,0.9302872884465261,0.9744094488188977,0.9829363925869942,0.9744045888804914
114,1,default,1.3095291003851293,1,0.08,0.42694120298896754,-0.005737413537249772,0.42694120298896754,True,False,False,False,True,21,savgol,median,0.3783987247309633,0.18919936236548165,0.8833272579272703,0.9488188976377953,0.9658745045757309,0.9488117568635962
114,1,no_smoothing,1.2822839246857682,1,0.08,0.08951876760490353,0.021210691415330753,0.08951876760490353,True,False,False,False,True,21,none,median,0.724218585701474,0.362109292850737,0.6059342636690968,0.6082677165354331,0.42458256599140576,0.42458256599140576
114,1,derivative_window_11,1.3089794458863513,1,0.08,0.2954540271733797,0.014069242945837203,0.2954540271733797,True,False,False,False,True,11,savgol,median,0.38897914703673975,0.19448957351836987,0.8708834173607468,0.9330708661417323,0.6238570500324886,0.6238570500324886
114,1,derivative_window_31,1.3088031241027538,1,0.08,0.49359338517329737,-0.02132798048831346,0.49359338517329737,True,False,False,False,True,31,savgol,median,0.3756702171231138,0.1878351085615569,0.8882934383363965,0.9507874015748031,0.9671884224219336,0.9507826336329004
114,1,wider_coefficient_bounds,1.3198131155056143,1,0.01,0.42694120298896754,-0.005737413537249772,0.42694120298896754,True,False,False,False,True,21,savgol,median,0.9028520896058119,0.45142604480290593,0.5281724473452197,0.5708661417322834,0.39561718542165475,0.39561718542165475
114,1,temporal_mean,1.3097289115596014,1,0.08,0.42694120298896754,-0.005737413537249772,0.42694120298896754,True,False,False,False,True,21,savgol,mean,0.37620846542423475,0.18810423271211738,0.8867190332765795,0.9448818897637795,0.9632454780361757,0.9448682170542635
115,1,default,0.5237203995174385,1,0.4499213568175878,0.1403007459428596,0.4499213568175878,0.1403007459428596,False,False,False,False,False,21,savgol,median,0.44730937881709537,0.22365468940854769,0.6009633285894009,0.7598425196850394,0.8263247863247862,0.7394871794871795
115,1,no_smoothing,0.5195477378094367,1,0.09385834838853523,0.06459127274279358,0.09385834838853523,0.06459127274279358,False,False,False,False,False,21,none,median,0.8332042245007473,0.41660211225037364,0.2590493270014273,0.5039370078740157,0.372424306476304,0.372424306476304
115,1,derivative_window_11,0.5297401927047338,1,0.28052146917990817,0.15882562292910712,0.28052146917990817,0.15882562292910712,False,False,False,False,False,11,savgol,median,0.44584635368721787,0.22292317684360893,0.5981127691542787,0.7598425196850394,0.8263247863247862,0.7394871794871795
115,1,derivative_window_31,0.5231804246655605,1,0.48947749210088715,0.15852587833505608,0.48947749210088715,0.15852587833505608,False,False,False,False,False,31,savgol,median,0.4474124740797232,0.2237062370398616,0.6002193948871543,0.7598425196850394,0.8263247863247862,0.7394871794871795
115,1,wider_coefficient_bounds,0.5237203995174385,1,0.4499213568175878,0.1403007459428596,0.4499213568175878,0.1403007459428596,False,False,False,False,False,21,savgol,median,0.44730937881709537,0.22365468940854769,0.6009633285894009,0.7598425196850394,0.8263247863247862,0.7394871794871795
115,1,temporal_mean,0.5230733395128526,1,0.4499213568175878,0.1403007459428596,0.4499213568175878,0.1403007459428596,False,False,False,False,False,21,savgol,mean,0.4476902565281942,0.2238451282640971,0.5996557569415161,0.7598425196850394,0.8263247863247862,0.7394871794871795
116,1,default,1.281826242545178,1,0.08,0.5636949292275543,-0.08006258762778123,0.5636949292275543,True,False,False,False,True,21,savgol,median,0.3221702033962693,0.16108510169813464,0.9204425686686678,0.9625984251968503,0.9750655201765976,0.9625982802648966
116,1,no_smoothing,1.1532535886065296,1,0.08,0.1868643307880153,-0.10105573947195687,0.1868643307880153,True,False,False,False,True,21,none,median,0.7159565895224322,0.3579782947612161,0.5424345802356985,0.594488188976378,0.41392724680753384,0.41392724680753384
116,1,derivative_window_11,1.2743933694382445,1,0.08,0.44401407703906765,-0.10230626384613227,0.44401407703906765,True,False,False,False,True,11,savgol,median,0.3445581052572547,0.17227905262862736,0.8981813750357329,0.9468503937007874,0.6318514204361613,0.6318514204361613
116,1,derivative_window_31,1.280486288714845,1,0.08,0.6,-0.0749890314396573,0.622383586847866,True,False,False,True,True,31,savgol,median,0.314589112849874,0.157294556424937,0.9256217826252872,0.9586614173228346,0.9724408380899238,0.9586612571348856
116,1,wider_coefficient_bounds,1.3183778088685105,1,0.01,0.5636949292275543,-0.08006258762778123,0.5636949292275543,True,False,False,False,True,21,savgol,median,0.8856174960489659,0.44280874802448295,0.5762170917414359,0.5846456692913385,0.4062326879050613,0.4062326879050613
116,1,temporal_mean,1.2762387185892297,1,0.08,0.5636949292275543,-0.08006258762778123,0.5636949292275543,True,False,False,False,True,21,savgol,mean,0.3129445313408166,0.1564722656704083,0.9243544586122671,0.9625984251968503,0.9750655201765976,0.9625982802648966
117,1,default,0.7385027515798622,1,0.39053291325230544,0.28847185155482596,0.39053291325230544,0.28847185155482596,False,False,False,False,False,21,savgol,median,0.2507500822884819,0.12537504114424095,0.8776929886018072,0.8169291338582677,0.8715995026396787,0.8073992539595181
117,1,no_smoothing,0.7553041204954957,1,0.35711232985517916,0.0,0.35711232985517916,-0.13540758145825746,False,False,True,False,True,21,none,median,0.30090216267303166,0.15045108133651583,0.7914894250874873,0.8523622047244095,0.5664448300933519,0.5664448300933519
117,1,derivative_window_11,0.7411961010382356,1,0.38335398517444835,0.13285742759977623,0.38335398517444835,0.13285742759977623,False,False,False,False,False,11,savgol,median,0.2517981197233161,0.12589905986165806,0.8756177723697696,0.8248031496062992,0.8775653341890653,0.816348001283598
117,1,derivative_window_31,0.738168038813515,1,0.3951223816639026,0.38517166565145305,0.3951223816639026,0.38517166565145305,False,False,False,False,False,31,savgol,median,0.25028521412569726,0.12514260706284863,0.8782474666082907,0.797244094488189,0.8564115229725372,0.7846172844588059
117,1,wider_coefficient_bounds,0.7385027515798622,1,0.39053291325230544,0.28847185155482596,0.39053291325230544,0.28847185155482596,False,False,False,False,False,21,savgol,median,0.2507500822884819,0.12537504114424095,0.8776929886018072,0.8169291338582677,0.8715995026396787,0.8073992539595181
117,1,temporal_mean,0.7408336429237423,1,0.39053291325230544,0.28847185155482596,0.39053291325230544,0.28847185155482596,False,False,False,False,False,21,savgol,mean,0.24908917764000985,0.12454458882000492,0.8793746772102681,0.812992125984252,0.8685939195416852,0.8028908793125278
118,0,default,-0.02019227730580211,0,0.08,0.4834802542432339,-0.057581523999750514,0.4834802542432339,True,False,False,False,True,21,savgol,median,0.1935943697018261,0.09679718485091306,0.9636929910940225,0.9763779527559056,0.9759401106407758,0.9759401106407758
118,0,no_smoothing,0.002529271584039847,0,0.08,0.15262947437037305,-0.07531058740400583,0.15262947437037305,True,False,False,False,True,21,none,median,0.7202129240621453,0.36010646203107266,0.6581508718569808,0.5866141732283464,0.5944315687410735,0.5944315687410735
118,0,derivative_window_11,-0.015780402962864908,0,0.08,0.3771144992942751,-0.0950318166170614,0.3771144992942751,True,False,False,False,True,11,savgol,median,0.24794014199379433,0.12397007099689716,0.941272072493036,0.9429133858267716,0.941780767989166,0.941780767989166
118,0,derivative_window_31,-0.0123517796270965,0,0.08,0.5083884743938797,-0.003745444249150761,0.5083884743938797,True,False,False,False,True,31,savgol,median,0.1943565434966131,0.09717827174830655,0.9625553193023672,0.9783464566929134,0.977832461349458,0.977832461349458
118,0,wider_coefficient_bounds,-0.28831578169559025,0,0.01,0.4834802542432339,-0.057581523999750514,0.4834802542432339,True,False,False,False,True,21,savgol,median,0.8413270205480015,0.42066351027400073,0.72788439361536,0.594488188976378,0.600475732609365,0.600475732609365
118,0,temporal_mean,-0.01700091256504633,0,0.08,0.4834802542432339,-0.057581523999750514,0.4834802542432339,True,False,False,False,True,21,savgol,mean,0.19334576525416855,0.09667288262708428,0.9637206406895311,0.984251968503937,0.9840235430964919,0.9840235430964919
119,0,default,-0.17881430044664942,0,0.08,0.6,-0.3840115203382734,0.7908449673923224,True,False,False,True,True,21,savgol,median,0.2521923658788396,0.1260961829394198,0.9697267965404278,0.9822834645669292,0.9822896513753049,0.9822896513753049
119,0,no_smoothing,-0.049720402050579024,0,0.08,0.3493900766188232,-0.30352615535351907,0.3493900766188232,True,False,False,False,True,21,none,median,0.7128634119538763,0.35643170597693813,0.665550197083368,0.6023622047244095,0.6080498128728634,0.6080498128728634
119,0,derivative_window_11,-0.16792563287422557,0,0.08,0.6,-0.36614947479049836,0.6643298857002692,True,False,False,True,True,11,savgol,median,0.27681002158624735,0.13840501079312367,0.9568113900055947,0.9665354330708661,0.9662937724713512,0.9662937724713512
119,0,derivative_window_31,-0.16588772369857532,0,0.08,0.6,-0.3956243440010612,0.8740289457148216,True,False,False,True,True,31,savgol,median,0.23790401526648156,0.11895200763324078,0.9718391689359768,0.9822834645669292,0.9823619456693092,0.9823619456693092
119,0,wider_coefficient_bounds,-0.3050528408204578,0,0.01,0.7908449673923224,-0.3840115203382734,0.7908449673923224,True,False,False,False,True,21,savgol,median,0.9541257812464323,0.47706289062321616,0.6629606460623984,0.531496062992126,0.5322364195484167,0.5322364195484167
119,0,temporal_mean,-0.17824270531782763,0,0.08,0.6,-0.3840115203382734,0.7908449673923224,True,False,False,True,True,21,savgol,mean,0.24777535883571047,0.12388767941785524,0.9712831418979634,0.9881889763779528,0.988118689977838,0.988118689977838
120,0,default,-0.21124100069696536,0,0.08,0.5599383738995893,-0.23730327887820016,0.5599383738995893,True,False,False,False,True,21,savgol,median,0.2673765484228004,0.1336882742114002,0.9721091663298046,0.9783464566929134,0.9784238976207001,0.9784238976207001
120,0,no_smoothing,-0.08385293952139712,0,0.08,0.23598900287956465,-0.21336204268326306,0.23598900287956465,True,False,False,False,True,21,none,median,0.7192178595758384,0.3596089297879192,0.6681356585316847,0.594488188976378,0.601598786508018,0.601598786508018
120,0,derivative_window_11,-0.2193429342568612,0,0.08,0.4803031791652561,-0.25003047386330224,0.4803031791652561,True,False,False,False,True,11,savgol,median,0.2918653792976639,0.14593268964883194,0.9626704580182444,0.9625984251968503,0.9627463541942426,0.9627463541942426
120,0,derivative_window_31,-0.2045538237951045,0,0.08,0.6,-0.2246156625472821,0.6089391004126274,True,False,False,True,True,31,savgol,median,0.26252908291249055,0.13126454145624528,0.9729275205535006,0.9822834645669292,0.9823619456693092,0.9823619456693092
120,0,wider_coefficient_bounds,-0.309827753104404,0,0.01,0.5599383738995893,-0.23730327887820016,0.5599383738995893,True,False,False,False,True,21,savgol,median,0.9186729331727924,0.4593364665863962,0.6857449763007796,0.5511811023622047,0.556947975324841,0.556947975324841
120,0,temporal_mean,-0.2202192107497925,0,0.08,0.5599383738995893,-0.23730327887820016,0.5599383738995893,True,False,False,False,True,21,savgol,mean,0.2655940026035093,0.13279700130175465,0.975132033387742,0.9803149606299213,0.9803602939673793,0.9803602939673793
121,0,default,0.3016502344805562,0,0.08,0.6,-0.5299472825718347,0.8154090588884462,True,False,False,True,True,21,savgol,median,0.3350974797211758,0.1675487398605879,0.8934400380731536,0.8169291338582677,0.7516517551360756,0.7516517551360756
121,0,no_smoothing,0.29085381693771073,0,0.08,0.29234692382784755,-0.25360765832456583,0.29234692382784755,True,False,False,False,True,21,none,median,0.7597912209637352,0.3798956104818676,0.5127361542878845,0.5118110236220472,0.5071502535342374,0.5071502535342374
121,0,derivative_window_11,0.28486695220033087,0,0.08,0.6,-0.47884015384298745,0.6765738061296601,True,False,False,True,True,11,savgol,median,0.35621896433702277,0.17810948216851138,0.8680487831025464,0.8267716535433071,0.7856627592046768,0.7856627592046768
121,0,derivative_window_31,0.30254812765589373,0,0.08,0.6,-0.48482723769164876,0.8412311380163292,True,False,False,True,True,31,savgol,median,0.331628890509137,0.1658144452545685,0.8984006529120002,0.8090551181102362,0.7364362366738115,0.7364362366738115
121,0,wider_coefficient_bounds,-0.1549394932303744,0,0.01,0.8154090588884462,-0.5299472825718347,0.8154090588884462,True,False,False,False,True,21,savgol,median,0.9468759512318071,0.47343797561590356,0.6293177732269802,0.5334645669291339,0.5392756365135758,0.5392756365135758
121,0,temporal_mean,0.27744847047621,0,0.08,0.6,-0.5299472825718347,0.8154090588884462,True,False,False,True,True,21,savgol,mean,0.3160483601775811,0.15802418008879054,0.9059832322756388,0.8307086614173228,0.7780541292255028,0.7780541292255028
122,0,default,-0.16390107760871017,0,0.08,0.6,-0.641582573243704,1.0404955160833227,True,False,False,True,True,21,savgol,median,0.2634508646255478,0.1317254323127739,0.964504373557639,0.9803149606299213,0.9802809706257981,0.9802809706257981
122,0,no_smoothing,0.035098399676616106,0,0.08,0.5382940986871829,-0.47555203454713807,0.5382940986871829,True,False,False,False,True,21,none,median,0.7411998998174151,0.37059994990870754,0.6405849175926104,0.5885826771653543,0.5949916577570179,0.5949916577570179
122,0,derivative_window_11,-0.09025604619631179,0,0.08,0.6,-0.5831963899354047,0.8970380676717395,True,False,False,True,True,11,savgol,median,0.2682737663315073,0.13413688316575365,0.9463149333765734,0.9468503937007874,0.946891448360225,0.946891448360225
122,0,derivative_window_31,-0.18445151049589,0,0.08,0.6,-0.6741726557820383,1.1075878286677439,True,False,False,True,True,31,savgol,median,0.2655737958297555,0.13278689791487774,0.9684426139802483,0.9803149606299213,0.9802770081369968,0.9802770081369968
122,0,wider_coefficient_bounds,-0.2938417443441396,0,0.01,1.0404955160833227,-0.641582573243704,1.0404955160833227,True,False,False,False,True,21,savgol,median,1.0111692988929861,0.5055846494464931,0.6641371652322301,0.5196850393700787,0.5195409672400896,0.5195409672400896
122,0,temporal_mean,-0.0751821373806427,0,0.08,0.6,-0.641582573243704,1.0404955160833227,True,False,False,True,True,21,savgol,mean,0.22129858011524386,0.11064929005762193,0.9619244810059399,0.9724409448818898,0.97215782043752,0.97215782043752
123,1,default,1.2970410354650463,1,0.08,0.6,-0.3446344777482828,0.7969237449261904,True,False,False,True,True,21,savgol,median,0.349601562759342,0.174800781379671,0.9091813890364522,0.952755905511811,0.9685034488103542,0.9527551732155313
123,1,no_smoothing,1.2399555755400102,1,0.08,0.381044689574964,-0.3129148680895196,0.381044689574964,True,False,False,False,True,21,none,median,0.6644322297613942,0.3322161148806971,0.6651296083421409,0.6496062992125984,0.45888784783182174,0.45888784783182174
123,1,derivative_window_11,1.2969173225853623,1,0.08,0.6,-0.3311141550334216,0.6518317874006734,True,False,False,True,True,11,savgol,median,0.37235621724041473,0.18617810862020737,0.8886741963165286,0.937007874015748,0.6264774307586333,0.6264774307586333
123,1,derivative_window_31,1.2972241049333417,1,0.08,0.6,-0.3532508739580947,0.8656020965081926,True,False,False,True,True,31,savgol,median,0.34659455772039904,0.17329727886019952,0.9121588181795697,0.9606299212598425,0.6410515253640633,0.6410515253640633
123,1,wider_coefficient_bounds,1.3167118709795367,1,0.01,0.7969237449261904,-0.3446344777482828,0.7969237449261904,True,False,False,False,True,21,savgol,median,0.9425127899882586,0.4712563949941293,0.5641127810909522,0.5216535433070866,0.35276516239279876,0.35276516239279876
123,1,temporal_mean,1.2963838568081771,1,0.08,0.6,-0.3446344777482828,0.7969237449261904,True,False,False,True,True,21,savgol,mean,0.347671553780366,0.173835776890183,0.9099196698178998,0.9566929133858267,0.9711281614094913,0.956692242114237
124,0,default,0.4098386008609096,0,0.2099256874611823,0.340839382716183,0.2099256874611823,0.340839382716183,False,False,False,False,False,21,savgol,median,0.3909618016126092,0.1954809008063046,0.8902958521337809,0.7598425196850394,0.604102564102564,0.604102564102564
124,0,no_smoothing,0.35359976034075824,0,0.1176583290716626,0.029005403061507784,0.1176583290716626,0.029005403061507784,False,False,False,False,False,21,none,median,0.6593917461334813,0.32969587306674064,0.5670283219531983,0.5708661417322834,0.5487679137407795,0.5487679137407795
124,0,derivative_window_11,0.41962608124051776,0,0.21826261831056215,0.20994970400235022,0.21826261831056215,0.20994970400235022,False,False,False,False,False,11,savgol,median,0.4028168140499288,0.2014084070249644,0.8801787179862124,0.7598425196850394,0.604102564102564,0.604102564102564
124,0,derivative_window_31,0.4006923876541051,0,0.19492534193455327,0.43266843193163623,0.19492534193455327,0.43266843193163623,False,False,False,False,False,31,savgol,median,0.3820052994588682,0.1910026497294341,0.8950702166203843,0.7598425196850394,0.604102564102564,0.604102564102564
124,0,wider_coefficient_bounds,0.4098386008609096,0,0.2099256874611823,0.340839382716183,0.2099256874611823,0.340839382716183,False,False,False,False,False,21,savgol,median,0.3909618016126092,0.1954809008063046,0.8902958521337809,0.7598425196850394,0.604102564102564,0.604102564102564
124,0,temporal_mean,0.4166777095613623,0,0.2099256874611823,0.340839382716183,0.2099256874611823,0.340839382716183,False,False,False,False,False,21,savgol,mean,0.396595323956656,0.198297661978328,0.8875041178248514,0.7598425196850394,0.604102564102564,0.604102564102564
125,1,default,0.7816355365222634,1,0.08,0.6,-0.5021013666642837,0.8629522918068138,True,False,False,True,True,21,savgol,median,0.29022954468043566,0.14511477234021783,0.8225388690505949,0.8858267716535433,0.5896551724137931,0.5896551724137931
125,1,no_smoothing,0.7950860740040282,1,0.08,0.323502065512173,-0.23129072208212387,0.323502065512173,True,False,False,False,True,21,none,median,0.7545528843487762,0.3772764421743881,0.41038293094637407,0.5137795275590551,0.37284160896557683,0.37284160896557683
125,1,derivative_window_11,0.7761879121747459,1,0.08,0.6,-0.44118907414770664,0.7301016492822118,True,False,False,True,True,11,savgol,median,0.3296981232320977,0.16484906161604884,0.7763993278632613,0.844488188976378,0.5633378725375483,0.5633378725375483
125,1,derivative_window_31,0.778065534763327,1,0.08,0.6,-0.5449514205432303,0.9369058703094907,True,False,False,True,True,31,savgol,median,0.2865937785006804,0.1432968892503402,0.8278451979201836,0.8700787401574803,0.5785100925616148,0.5785100925616148
125,1,wider_coefficient_bounds,1.229836836102563,1,0.01,0.8629522918068138,-0.5021013666642837,0.8629522918068138,True,False,False,False,True,21,savgol,median,0.9744957447215239,0.48724787236076195,0.5388253450859604,0.515748031496063,0.3615691424680189,0.3615691424680189
125,1,temporal_mean,0.7751376635833352,1,0.08,0.6,-0.5021013666642837,0.8629522918068138,True,False,False,True,True,21,savgol,mean,0.2860628424513485,0.14303142122567425,0.8236500366662314,0.8700787401574803,0.5786189540455752,0.5786189540455752
126,0,default,-0.2523112509252032,0,0.08,0.6,-0.5638318680890312,0.7495551444567464,True,False,False,True,True,21,savgol,median,0.29243067251986643,0.14621533625993322,0.9727617076785126,0.9783464566929134,0.9785287164511195,0.9785287164511195
126,0,no_smoothing,-0.12693819321035665,0,0.08,0.4453834838618115,-0.508345848477012,0.4453834838618115,True,False,False,False,True,21,none,median,0.6540085983668119,0.32700429918340596,0.731074515772175,0.6318897637795275,0.6364453991904973,0.6364453991904973
126,0,derivative_window_11,-0.2291816501585452,0,0.08,0.6,-0.5740925863437325,0.6790150009629649,True,False,False,True,True,11,savgol,median,0.3030903000063128,0.1515451500031564,0.9623901434704493,0.9763779527559056,0.9763347584603622,0.9763347584603622
126,0,derivative_window_31,-0.2527666910667582,0,0.08,0.6,-0.5713433445324149,0.7989541189919087,True,False,False,True,True,31,savgol,median,0.2887014196328562,0.1443507098164281,0.975371032384257,0.9744094488188977,0.9746215686547641,0.9746215686547641
126,0,wider_coefficient_bounds,-0.31139223649024617,0,0.01,0.7495551444567464,-0.5638318680890312,0.7495551444567464,True,False,False,False,True,21,savgol,median,0.931052447516082,0.465526223758041,0.6675321853523107,0.5590551181102362,0.5627242171712997,0.5627242171712997
126,0,temporal_mean,-0.24153484626207472,0,0.08,0.6,-0.5638318680890312,0.7495551444567464,True,False,False,True,True,21,savgol,mean,0.2816001934088205,0.14080009670441024,0.974180218095704,0.9783464566929134,0.97844002997092,0.97844002997092
127,0,default,-0.1386372296930172,0,0.3381039317090708,0.21522720621262453,0.3381039317090708,0.21522720621262453,False,False,False,False,False,21,savgol,median,0.14359216735900118,0.07179608367950059,0.9929058455376989,0.9940944881889764,0.9940466550992867,0.9940466550992867
127,0,no_smoothing,-0.11632191040032527,0,0.34169172131947645,0.0,0.34169172131947645,-0.16326086524958425,False,False,True,False,True,21,none,median,0.22442192729534577,0.11221096364767288,0.9634805434211161,0.9724409448818898,0.9721239578808002,0.9721239578808002
127,0,derivative_window_11,-0.1275958002120978,0,0.3462853892752702,0.07747755562415547,0.3462853892752702,0.07747755562415547,False,False,False,False,False,11,savgol,median,0.13691686849959742,0.06845843424979871,0.9923098281699109,0.9940944881889764,0.9940466550992867,0.9940466550992867
127,0,derivative_window_31,-0.1516462474648328,0,0.32819035341257163,0.2956612475710116,0.32819035341257163,0.2956612475710116,False,False,False,False,False,31,savgol,median,0.15542004427401307,0.07771002213700653,0.9922566897104064,0.9921259842519685,0.992079126651892,0.992079126651892
127,0,wider_coefficient_bounds,-0.1386372296930172,0,0.3381039317090708,0.21522720621262453,0.3381039317090708,0.21522720621262453,False,False,False,False,False,21,savgol,median,0.14359216735900118,0.07179608367950059,0.9929058455376989,0.9940944881889764,0.9940466550992867,0.9940466550992867
127,0,temporal_mean,-0.1377976571746614,0,0.3381039317090708,0.21522720621262453,0.3381039317090708,0.21522720621262453,False,False,False,False,False,21,savgol,mean,0.14304453174329587,0.07152226587164794,0.9928985955699935,0.9940944881889764,0.9940466550992867,0.9940466550992867
128,1,default,1.2640419942444692,1,0.08,0.5044448414054588,-0.0750305095394153,0.5044448414054588,True,False,False,False,True,21,savgol,median,0.29005870067082334,0.14502935033541167,0.9349825791823785,0.9744094488188977,0.9829316295977536,0.9743974443966303
128,1,no_smoothing,1.1285899135405646,1,0.08,0.17629114730585474,-0.06485297283832442,0.17629114730585474,True,False,False,False,True,21,none,median,0.7328247858114024,0.3664123929057012,0.5856632260956118,0.5885826771653543,0.4259356143838722,0.4259356143838722
128,1,derivative_window_11,1.2563004683046282,1,0.08,0.4149901840698826,-0.0747521744320225,0.4149901840698826,True,False,False,False,True,11,savgol,median,0.31340496312747135,0.15670248156373567,0.9115993100107992,0.9625984251968503,0.6430069290713644,0.6430069290713644
128,1,derivative_window_31,1.2678039306629332,1,0.08,0.5449862362460638,-0.07540964864481788,0.5449862362460638,True,False,False,False,True,31,savgol,median,0.2867684865369905,0.14338424326849525,0.9374399202466415,0.9704724409448819,0.6476245954692557,0.6476245954692557
128,1,wider_coefficient_bounds,1.3129505285768661,1,0.01,0.5044448414054588,-0.0750305095394153,0.5044448414054588,True,False,False,False,True,21,savgol,median,0.8761071838109119,0.43805359190545595,0.578750645648363,0.5748031496062992,0.4025828186412128,0.4025828186412128
128,1,temporal_mean,1.261514500424147,1,0.08,0.5044448414054588,-0.0750305095394153,0.5044448414054588,True,False,False,False,True,21,savgol,mean,0.2822427565358483,0.14112137826792415,0.9392153579740886,0.9724409448818898,0.9816247332330859,0.9724370998496288
129,0,default,0.20993604739765184,0,0.08,0.6,-0.8004154572575816,1.1235540509880397,True,False,False,True,True,21,savgol,median,0.290362660368565,0.1451813301842825,0.915235067779025,0.8877952755905512,0.8668808480129234,0.8668808480129234
129,0,no_smoothing,0.23134379311410108,0,0.08,0.4440241451075431,-0.415653997126984,0.4440241451075431,True,False,False,False,True,21,none,median,0.7790917272457791,0.38954586362288957,0.5426231827865623,0.5551181102362205,0.553297264458046,0.553297264458046
129,0,derivative_window_11,0.2076697153879891,0,0.08,0.6,-0.678305132665519,0.9040516445456187,True,False,False,True,True,11,savgol,median,0.32162865673769464,0.16081432836884732,0.8924634304533332,0.8996062992125984,0.8841403663650409,0.8841403663650409
129,0,derivative_window_31,0.23319228327745514,0,0.08,0.6,-0.8348899447152257,1.2261300411817484,True,False,False,True,True,31,savgol,median,0.3011803625519125,0.15059018127595625,0.9113050627526292,0.8838582677165354,0.8601900026090826,0.8601900026090826
129,0,wider_coefficient_bounds,-0.1925751924686557,0,0.01,1.1235540509880397,-0.8004154572575816,1.1235540509880397,True,False,False,False,True,21,savgol,median,1.0064769545300052,0.5032384772650026,0.6000027812855374,0.531496062992126,0.5350402063518774,0.5350402063518774
129,0,temporal_mean,0.22220716847308156,0,0.08,0.6,-0.8004154572575816,1.1235540509880397,True,False,False,True,True,21,savgol,mean,0.2871430167084926,0.1435715083542463,0.9189951835670034,0.8937007874015748,0.8760746263332502,0.8760746263332502
130,0,default,-0.2598011528667994,0,0.18291341749933646,0.153844653840293,0.18291341749933646,0.153844653840293,False,False,False,False,False,21,savgol,median,0.2530223857095765,0.12651119285478826,0.9865897921398259,0.9822834645669292,0.9823619456693092,0.9823619456693092
130,0,no_smoothing,-0.22308467953796185,0,0.17498209224497047,0.0,0.17498209224497047,-0.07633423404852516,False,False,True,False,True,21,none,median,0.3982162139208566,0.1991081069604283,0.9168654197376069,0.8523622047244095,0.8539696699011202,0.8539696699011202
130,0,derivative_window_11,-0.259325225667333,0,0.1785270652967352,0.07803552062265696,0.1785270652967352,0.07803552062265696,False,False,False,False,False,11,savgol,median,0.2609915191324081,0.13049575956620404,0.9831227893855886,0.9822834645669292,0.9823619456693092,0.9823619456693092
130,0,derivative_window_31,-0.2615239434530599,0,0.1838447419855181,0.2077756205018055,0.1838447419855181,0.2077756205018055,False,False,False,False,False,31,savgol,median,0.25373161888470563,0.12686580944235282,0.9874828886024707,0.9822834645669292,0.9823619456693092,0.9823619456693092
130,0,wider_coefficient_bounds,-0.2598011528667994,0,0.18291341749933646,0.153844653840293,0.18291341749933646,0.153844653840293,False,False,False,False,False,21,savgol,median,0.2530223857095765,0.12651119285478826,0.9865897921398259,0.9822834645669292,0.9823619456693092,0.9823619456693092
130,0,temporal_mean,-0.2607024317468548,0,0.18291341749933646,0.153844653840293,0.18291341749933646,0.153844653840293,False,False,False,False,False,21,savgol,mean,0.25334461067511094,0.12667230533755547,0.9868873743780558,0.9783464566929134,0.9785287164511195,0.9785287164511195
131,1,default,1.1458129935832528,1,0.08,0.6,-0.2460609220651574,0.6359420623709193,True,False,False,True,True,21,savgol,median,0.3171194490801012,0.1585597245400506,0.8587381370848844,0.952755905511811,0.9685034488103542,0.9527551732155313
131,1,no_smoothing,1.0808239774225301,1,0.08,0.24928582183219553,-0.1964896450061289,0.24928582183219553,True,False,False,False,True,21,none,median,0.7294406117700878,0.3647203058850439,0.5261492954510402,0.5866141732283464,0.41439518336070064,0.41439518336070064
131,1,derivative_window_11,1.1765972377526088,1,0.08,0.4982871601430413,-0.2339178976321406,0.4982871601430413,True,False,False,False,True,11,savgol,median,0.3466415234599742,0.1733207617299871,0.845827560821894,0.9389763779527559,0.6271883572971185,0.6271883572971185
131,1,derivative_window_31,1.123348457400403,1,0.08,0.6,-0.2566640058432469,0.7013419882661174,True,False,False,True,True,31,savgol,median,0.31345436003919047,0.15672718001959524,0.8564773239869877,0.9507874015748031,0.9671904568147617,0.9507856852221426
131,1,wider_coefficient_bounds,1.3188984235442323,1,0.01,0.6359420623709193,-0.2460609220651574,0.6359420623709193,True,False,False,False,True,21,savgol,median,0.908616062682123,0.4543080313410615,0.4941400752852407,0.5748031496062992,0.3981570686118375,0.3981570686118375
131,1,temporal_mean,1.1995639542982415,1,0.08,0.6,-0.2460609220651574,0.6359420623709193,True,False,False,True,True,21,savgol,mean,0.3258477140843532,0.1629238570421766,0.873189506565273,0.9566929133858267,0.9711281614094913,0.956692242114237
132,0,default,-0.2534367728646862,0,0.08,0.6,-0.4784377684283124,0.7817248324310401,True,False,False,True,True,21,savgol,median,0.2971803234122955,0.14859016170614775,0.9746689210476713,0.9822834645669292,0.9822770983794932,0.9822770983794932
132,0,no_smoothing,-0.14337659820174636,0,0.08,0.4246479239018184,-0.393223163831366,0.4246479239018184,True,False,False,False,True,21,none,median,0.6848131672379419,0.34240658361897097,0.7357746902477658,0.6338582677165354,0.6421037055042461,0.6421037055042461
132,0,derivative_window_11,-0.2568695451605125,0,0.08,0.6,-0.44015380927575454,0.6721937696057109,True,False,False,True,True,11,savgol,median,0.3243129557308955,0.16215647786544776,0.9632809150180882,0.968503937007874,0.9686810132613356,0.9686810132613356
132,0,derivative_window_31,-0.25262124092170046,0,0.08,0.6,-0.5205011780696626,0.8850044591070071,True,False,False,True,True,31,savgol,median,0.2948139467531959,0.14740697337659794,0.9746358547383176,0.9822834645669292,0.9822880899158712,0.9822880899158712
132,0,wider_coefficient_bounds,-0.3048223166319904,0,0.01,0.7817248324310401,-0.4784377684283124,0.7817248324310401,True,False,False,False,True,21,savgol,median,0.8893143154429268,0.4446571577214634,0.7231813327521545,0.5866141732283464,0.5915666358879655,0.5915666358879655
132,0,temporal_mean,-0.2669034214643758,0,0.08,0.6,-0.4784377684283124,0.7817248324310401,True,False,False,True,True,21,savgol,mean,0.30576757955739725,0.15288378977869863,0.9742903646954542,0.9822834645669292,0.9822770983794932,0.9822770983794932
133,1,default,1.1241590933701713,1,0.1289004852148384,0.33856367670410975,0.1289004852148384,0.33856367670410975,False,False,False,False,False,21,savgol,median,0.1850594193142064,0.0925297096571032,0.9549927932194442,0.9881889763779528,0.9921160859781174,0.9881741289671762
133,1,no_smoothing,1.0658379030772585,1,0.10775534434321475,0.0,0.10775534434321475,-0.001035744986254719,False,False,True,False,True,21,none,median,0.5314459021799015,0.26572295108995075,0.688749275187793,0.6988188976377953,0.49033582252500113,0.49033582252500113
133,1,derivative_window_11,1.1576545572084869,1,0.11421648198285367,0.2191049308520484,0.11421648198285367,0.2191049308520484,False,False,False,False,False,11,savgol,median,0.23413839128016636,0.11706919564008318,0.9330551720234973,0.9763779527559056,0.65156380808717,0.65156380808717
133,1,derivative_window_31,1.0929604322706903,1,0.14073843207854378,0.39924954848287925,0.14073843207854378,0.39924954848287925,False,False,False,False,False,31,savgol,median,0.1623531747625168,0.0811765873812584,0.9603977938608755,0.9901574803149606,0.9934291283635296,0.9901436925452944
133,1,wider_coefficient_bounds,1.1241590933701713,1,0.1289004852148384,0.33856367670410975,0.1289004852148384,0.33856367670410975,False,False,False,False,False,21,savgol,median,0.1850594193142064,0.0925297096571032,0.9549927932194442,0.9881889763779528,0.9921160859781174,0.9881741289671762
133,1,temporal_mean,1.1142333954840056,1,0.1289004852148384,0.33856367670410975,0.1289004852148384,0.33856367670410975,False,False,False,False,False,21,savgol,mean,0.1795475997944491,0.08977379989722455,0.9553696008146436,0.9862204724409449,0.9908033491740214,0.9862050237610319
134,1,default,1.0435021547878207,1,0.08,0.6,-0.592471410296007,0.910265432976102,True,False,False,True,True,21,savgol,median,0.26008515914756586,0.13004257957378293,0.8775351810220365,0.952755905511811,0.9684961240310077,0.9527441860465116
134,1,no_smoothing,1.0950220859319657,1,0.08,0.42002668580547914,-0.4157646910480288,0.42002668580547914,True,False,False,False,True,21,none,median,0.6780264421002713,0.33901322105013565,0.554950787945164,0.6338582677165354,0.44996834951688225,0.44996834951688225
134,1,derivative_window_11,1.119815022281372,1,0.08,0.6,-0.5310498039851083,0.745298960988373,True,False,False,True,True,11,savgol,median,0.3068406531289201,0.15342032656446006,0.8639344053269202,0.9350393700787402,0.6239752957955743,0.6239752957955743
134,1,derivative_window_31,1.0178565290116985,1,0.08,0.6,-0.6759742976198436,1.0524283749439967,True,False,False,True,True,31,savgol,median,0.25486956717655557,0.12743478358827778,0.8744357235745588,0.952755905511811,0.968491727527872,0.9527375912918081
134,1,wider_coefficient_bounds,1.3190021477820995,1,0.01,0.910265432976102,-0.592471410296007,0.910265432976102,True,False,False,False,True,21,savgol,median,0.9703654714357934,0.4851827357178967,0.5047428146970999,0.5334645669291339,0.36151945086344855,0.36151945086344855
134,1,temporal_mean,1.151325494435821,1,0.08,0.6,-0.592471410296007,0.910265432976102,True,False,False,True,True,21,savgol,mean,0.2791366458382222,0.1395683229191111,0.8981987300291048,0.9566929133858267,0.9711281614094913,0.956692242114237
135,1,default,0.5998621069564295,1,0.08,0.6,-0.14366242357347464,0.6134227996908287,True,False,False,True,True,21,savgol,median,0.4349369588523793,0.21746847942618966,0.6560752654838801,0.7834645669291339,0.5147156084656085,0.5147156084656085
135,1,no_smoothing,0.5539786610386922,1,0.08,0.10369158228801725,0.02983574204556797,0.10369158228801725,True,False,False,False,True,21,none,median,0.8678526869532689,0.43392634347663445,0.3279851681304156,0.4763779527559055,0.36152093919747674,0.36152093919747674
135,1,derivative_window_11,0.6088423277142104,1,0.08,0.4341781660934032,-0.06618762915425393,0.4341781660934032,True,False,False,False,True,11,savgol,median,0.4498625864155006,0.2249312932077503,0.6324094511600704,0.7755905511811023,0.5149248697352028,0.5149248697352028
135,1,derivative_window_31,0.6001774993878872,1,0.08,0.6,-0.21523499413735928,0.7309171645390791,True,False,False,True,True,31,savgol,median,0.4318561185744054,0.2159280592872027,0.6633434444037724,0.765748031496063,0.5038034865293185,0.5038034865293185
135,1,wider_coefficient_bounds,0.8820817328307151,1,0.01,0.6134227996908287,-0.14366242357347464,0.6134227996908287,True,False,False,False,True,21,savgol,median,1.0422940604883688,0.5211470302441844,0.48482264784062556,0.5039370078740157,0.37898156624127227,0.37898156624127227
135,1,temporal_mean,0.5917234175691748,1,0.08,0.6,-0.14366242357347464,0.6134227996908287,True,False,False,True,True,21,savgol,mean,0.4388467684595746,0.2194233842297873,0.6482747594346348,0.7795275590551181,0.5112900547899718,0.5112900547899718
136,0,default,0.09563873821644173,0,0.08,0.6,-0.742034504771666,0.9654190596368704,True,False,False,True,True,21,savgol,median,0.2439945472229378,0.1219972736114689,0.9382027940860644,0.9429133858267716,0.9386522056729686,0.9386522056729686
136,0,no_smoothing,0.16105993451294487,0,0.08,0.48383833227146583,-0.5069378762571465,0.48383833227146583,True,False,False,False,True,21,none,median,0.7406435213277938,0.3703217606638969,0.5683478051784537,0.5649606299212598,0.5685590891244602,0.5685590891244602
136,0,derivative_window_11,0.11507267813086466,0,0.08,0.6,-0.7196390888972353,0.8665853383014777,True,False,False,True,True,11,savgol,median,0.28229347524142007,0.14114673762071003,0.9149042469498456,0.9251968503937008,0.9187993478294461,0.9187993478294461
136,0,derivative_window_31,0.08269731245905676,0,0.08,0.6,-0.7213632440424734,1.002915454014086,True,False,False,True,True,31,savgol,median,0.24557027929526243,0.12278513964763121,0.9372310991719668,0.9468503937007874,0.9437597650706969,0.9437597650706969
136,0,wider_coefficient_bounds,-0.2020335270377678,0,0.01,0.9654190596368704,-0.742034504771666,0.9654190596368704,True,False,False,False,True,21,savgol,median,0.9695209554235446,0.4847604777117723,0.6431362671133188,0.5708661417322834,0.5759887592076468,0.5759887592076468
136,0,temporal_mean,0.11582949505299464,0,0.08,0.6,-0.742034504771666,0.9654190596368704,True,False,False,True,True,21,savgol,mean,0.23484301263357915,0.11742150631678958,0.9427796070177051,0.9586614173228346,0.9560804760661119,0.9560804760661119
137,0,default,0.08734779339349406,0,0.08,0.6,-0.7217852827237189,0.952857937994514,True,False,False,True,True,21,savgol,median,0.21440062637254967,0.10720031318627483,0.9498060094279505,0.9547244094488189,0.952140804454168,0.952140804454168
137,0,no_smoothing,0.1491090119645152,0,0.08,0.38376297517428654,-0.3975362206038848,0.38376297517428654,True,False,False,False,True,21,none,median,0.7366948985841704,0.3683474492920852,0.5968383875227901,0.5551181102362205,0.5609709793073336,0.5609709793073336
137,0,derivative_window_11,0.1455876449023312,0,0.08,0.6,-0.6110967679911334,0.7359228754467358,True,False,False,True,True,11,savgol,median,0.28086431260765465,0.14043215630382733,0.9123864662707262,0.9133858267716536,0.9067148377003487,0.9067148377003487
137,0,derivative_window_31,0.06002913172855202,0,0.08,0.6,-0.7537811882410033,1.0502996829265054,True,False,False,True,True,31,savgol,median,0.19655260052856324,0.09827630026428162,0.9574503675890659,0.9744094488188977,0.9734759166522933,0.9734759166522933
137,0,wider_coefficient_bounds,-0.2724326029796412,0,0.01,0.952857937994514,-0.7217852827237189,0.952857937994514,True,False,False,False,True,21,savgol,median,0.950298636012339,0.4751493180061695,0.6532219115366026,0.5413385826771654,0.5424620713567521,0.5424620713567521
137,0,temporal_mean,0.13163106477418496,0,0.08,0.6,-0.7217852827237189,0.952857937994514,True,False,False,True,True,21,savgol,mean,0.22379425012355678,0.11189712506177839,0.9471720961225886,0.9547244094488189,0.9521640363088338,0.9521640363088338
138,0,default,-0.27139100607615496,0,0.08,0.6,-0.40464190283617846,0.72044028727892,True,False,False,True,True,21,savgol,median,0.31438282240093995,0.15719141120046998,0.9728945819320529,0.9724409448818898,0.9726991185579289,0.9726991185579289
138,0,no_smoothing,-0.2086001836629162,0,0.08,0.4003628502689778,-0.3897549054423607,0.4003628502689778,True,False,False,False,True,21,none,median,0.7145521066898785,0.3572760533449392,0.7423471141660867,0.6338582677165354,0.6398937232533198,0.6398937232533198
138,0,derivative_window_11,-0.27217206118957854,0,0.08,0.6,-0.40792233500169894,0.6210994158100878,True,False,False,True,True,11,savgol,median,0.33171886668371536,0.16585943334185768,0.9660766502519623,0.9606299212598425,0.9609952298618009,0.9609952298618009
138,0,derivative_window_31,-0.26051931636382997,0,0.08,0.6,-0.38439250714935286,0.7761626578023528,True,False,False,True,True,31,savgol,median,0.30123651271294727,0.15061825635647363,0.9745133727971667,0.9763779527559056,0.9766230620155039,0.9766230620155039
138,0,wider_coefficient_bounds,-0.316324120316095,0,0.01,0.72044028727892,-0.40464190283617846,0.72044028727892,True,False,False,False,True,21,savgol,median,0.9212385099778262,0.4606192549889131,0.7076454004646051,0.5807086614173228,0.5871750704834175,0.5871750704834175
138,0,temporal_mean,-0.27760645117967153,0,0.08,0.6,-0.40464190283617846,0.72044028727892,True,False,False,True,True,21,savgol,mean,0.3090761942424992,0.1545380971212496,0.9761423462312924,0.9763779527559056,0.9766230620155039,0.9766230620155039
139,0,default,-0.23149698209664296,0,0.08,0.6,-0.22865594214514334,0.7356455451138697,True,False,False,True,True,21,savgol,median,0.305435890470095,0.1527179452350475,0.9599624802094586,0.9763779527559056,0.9758472690992274,0.9758472690992274
139,0,no_smoothing,-0.18847465222401882,0,0.08,0.27495000180173557,-0.18254106935484027,0.27495000180173557,True,False,False,False,True,21,none,median,0.7048848656958232,0.3524424328479116,0.7388878470488927,0.594488188976378,0.6038200954287756,0.6038200954287756
139,0,derivative_window_11,-0.22403172059593696,0,0.08,0.5801393068841845,-0.21001304477112206,0.5801393068841845,True,False,False,False,True,11,savgol,median,0.3337244222430265,0.16686221112151325,0.9461581898724607,0.952755905511811,0.9519699054302183,0.9519699054302183
139,0,derivative_window_31,-0.2275064729812419,0,0.08,0.6,-0.2392178539468072,0.8295460109138302,True,False,False,True,True,31,savgol,median,0.299963664862392,0.149981832431196,0.9617979079110299,0.984251968503937,0.9838740802268703,0.9838740802268703
139,0,wider_coefficient_bounds,-0.233204167292602,0,0.01,0.7356455451138697,-0.22865594214514334,0.7356455451138697,True,False,False,False,True,21,savgol,median,0.9587204559608559,0.47936022798042793,0.6302035668381208,0.547244094488189,0.5493523937961359,0.5493523937961359
139,0,temporal_mean,-0.21813871629275045,0,0.08,0.6,-0.22865594214514334,0.7356455451138697,True,False,False,True,True,21,savgol,mean,0.3083841050821107,0.15419205254105536,0.9551166824258479,0.9744094488188977,0.9733584970038173,0.9733584970038173
140,1,default,1.2881675654557336,1,0.08,0.556793966600349,-0.1402474341366051,0.556793966600349,True,False,False,False,True,21,savgol,median,0.3291957940972297,0.16459789704861486,0.9207060081782418,0.9704724409448819,0.6476239292343298,0.6476239292343298
140,1,no_smoothing,1.2529417084203471,1,0.08,0.22498477239135042,-0.12115669001411217,0.22498477239135042,True,False,False,False,True,21,none,median,0.7103001173005122,0.3551500586502561,0.6095594537743504,0.6377952755905512,0.4439613526570048,0.4439613526570048
140,1,derivative_window_11,1.2890092273105227,1,0.08,0.46560473889942033,-0.13220065010349552,0.46560473889942033,True,False,False,False,True,11,savgol,median,0.3472884830384723,0.17364424151923616,0.9045403518675978,0.9625984251968503,0.6436543209876543,0.6436543209876543
140,1,derivative_window_31,1.2893941990053353,1,0.08,0.6,-0.13954112173687752,0.6055677764941363,True,False,False,True,True,31,savgol,median,0.3295479658043093,0.16477398290215464,0.9213304873257915,0.9665354330708661,0.6449963628267955,0.6449963628267955
140,1,wider_coefficient_bounds,1.31352260153243,1,0.01,0.556793966600349,-0.1402474341366051,0.556793966600349,True,False,False,False,True,21,savgol,median,0.959990056973911,0.4799950284869555,0.5523445333845787,0.5098425196850394,0.3548400147048218,0.3548400147048218
140,1,temporal_mean,1.2883404135473946,1,0.08,0.556793966600349,-0.1402474341366051,0.556793966600349,True,False,False,False,True,21,savgol,mean,0.32629958440601875,0.16314979220300938,0.9203229548470974,0.9763779527559056,0.9842480620155039,0.9763720930232558
141,0,default,-0.019970456444965597,0,0.7426843172686542,0.01678427027242567,0.7426843172686542,0.01678427027242567,False,False,False,False,False,21,savgol,median,0.03460604566445077,0.017303022832225384,0.998983466526746,1.0,1.0,1.0
141,0,no_smoothing,-0.026753104332342594,0,0.7034867994487577,0.0,0.7034867994487577,-0.3758810986033795,False,False,True,False,True,21,none,median,0.10005014949199378,0.05002507474599689,0.9896283395576003,0.9921259842519685,0.9920228782166897,0.9920228782166897
141,0,derivative_window_11,-0.018956874066479758,0,0.731670215958805,0.0,0.731670215958805,-0.09600839934470747,False,False,True,False,True,11,savgol,median,0.039803166134482225,0.019901583067241112,0.9985246092891352,1.0,1.0,1.0
141,0,derivative_window_31,-0.021758965523373728,0,0.7466191583030826,0.055882956761551916,0.7466191583030826,0.055882956761551916,False,False,False,False,False,31,savgol,median,0.03487329777453547,0.017436648887267734,0.9990216078263111,1.0,1.0,1.0
141,0,wider_coefficient_bounds,-0.019970456444965597,0,0.7426843172686542,0.01678427027242567,0.7426843172686542,0.01678427027242567,False,False,False,False,False,21,savgol,median,0.03460604566445077,0.017303022832225384,0.998983466526746,1.0,1.0,1.0
141,0,temporal_mean,-0.01893221106728271,0,0.7426843172686542,0.01678427027242567,0.7426843172686542,0.01678427027242567,False,False,False,False,False,21,savgol,mean,0.03585146994589789,0.017925734972948946,0.9988484273150674,1.0,1.0,1.0
142,0,default,-0.2381776140473721,0,0.08,0.6,0.0026968603406275905,0.608503587525169,True,False,False,True,True,21,savgol,median,0.297141718797335,0.1485708593986675,0.9669696878490417,0.9901574803149606,0.989945168274466,0.989945168274466
142,0,no_smoothing,-0.20090570748300554,0,0.08,0.15096350076171347,0.018006284545899236,0.15096350076171347,True,False,False,False,True,21,none,median,0.7361523450246831,0.36807617251234154,0.7278156380284174,0.6161417322834646,0.6224991603715956,0.6224991603715956
142,0,derivative_window_11,-0.22336875788950594,0,0.08,0.4602344169980371,0.012576807623428308,0.4602344169980371,True,False,False,False,True,11,savgol,median,0.3123978060292475,0.15619890301462375,0.9561182808876012,0.9645669291338582,0.9641094153806019,0.9641094153806019
142,0,derivative_window_31,-0.24129608872859162,0,0.08,0.6,-0.004104842495326805,0.6701266554730542,True,False,False,True,True,31,savgol,median,0.2874502330657341,0.14372511653286704,0.9707716679601567,0.9921259842519685,0.9919743549185117,0.9919743549185117
142,0,wider_coefficient_bounds,-0.23417628705638247,0,0.01,0.608503587525169,0.0026968603406275905,0.608503587525169,True,False,False,False,True,21,savgol,median,0.9126645794556344,0.4563322897278172,0.6755214185433733,0.5649606299212598,0.5669545897662608,0.5669545897662608
142,0,temporal_mean,-0.2214379488916954,0,0.08,0.6,0.0026968603406275905,0.608503587525169,True,False,False,True,True,21,savgol,mean,0.30360628562117425,0.15180314281058713,0.958868770385595,0.9783464566929134,0.977566384429912,0.977566384429912
143,0,default,-0.02455738756448455,0,0.08,0.6,-0.46520755852778467,0.7957387802101445,True,False,False,True,True,21,savgol,median,0.22658817097094386,0.11329408548547193,0.9519696791290713,0.968503937007874,0.9672947182240863,0.9672947182240863
143,0,no_smoothing,-0.0019182596021094303,0,0.08,0.3564459048576135,-0.32549742943868054,0.3564459048576135,True,False,False,False,True,21,none,median,0.7387336859153656,0.3693668429576828,0.6448235847833497,0.5905511811023622,0.5981189512076046,0.5981189512076046
143,0,derivative_window_11,-0.05629813590828843,0,0.08,0.6,-0.41484574659588863,0.6358240497240089,True,False,False,True,True,11,savgol,median,0.24837371875712522,0.12418685937856261,0.9485906097608461,0.9704724409448819,0.9701704021514646,0.9701704021514646
143,0,derivative_window_31,-0.002542707470655911,0,0.08,0.6,-0.5116338632337175,0.9278016854297471,True,False,False,True,True,31,savgol,median,0.220622820860134,0.110311410430067,0.9509649638865129,0.9547244094488189,0.9523972369099969,0.9523972369099969
143,0,wider_coefficient_bounds,-0.278004641037456,0,0.01,0.7957387802101445,-0.46520755852778467,0.7957387802101445,True,False,False,False,True,21,savgol,median,0.9043870453868533,0.45219352269342666,0.6910422167069704,0.5787401574803149,0.5824791870758741,0.5824791870758741
143,0,temporal_mean,-0.053655949204910354,0,0.08,0.6,-0.46520755852778467,0.7957387802101445,True,False,False,True,True,21,savgol,mean,0.20825746507324988,0.10412873253662494,0.9627001872148627,0.9881889763779528,0.9879619522844223,0.9879619522844223
144,1,default,1.03332210529332,1,0.5435744804657657,0.061586982916689244,0.5435744804657657,0.061586982916689244,False,False,False,False,False,21,savgol,median,0.04657952535329293,0.023289762676646467,0.9961655390154102,1.0,1.0,1.0
144,1,no_smoothing,1.0324254802199522,1,0.5360486721440747,0.0,0.5360486721440747,-0.28636840639006195,False,False,True,False,True,21,none,median,0.13196567391300992,0.06598283695650496,0.9623967376368727,0.9763779527559056,0.98424317617866,0.97636476426799
144,1,derivative_window_11,1.031250353496851,1,0.5436316939665533,0.0,0.5436316939665533,-0.05770039389751046,False,False,True,False,True,11,savgol,median,0.050702372926988995,0.025351186463494498,0.9952722345765113,1.0,1.0,1.0
144,1,derivative_window_31,1.0377268974612612,1,0.5387080263360944,0.118495206985011,0.5387080263360944,0.118495206985011,False,False,False,False,False,31,savgol,median,0.048745511088275226,0.024372755544137613,0.9961250998215508,1.0,1.0,1.0
144,1,wider_coefficient_bounds,1.03332210529332,1,0.5435744804657657,0.061586982916689244,0.5435744804657657,0.061586982916689244,False,False,False,False,False,21,savgol,median,0.04657952535329293,0.023289762676646467,0.9961655390154102,1.0,1.0,1.0
144,1,temporal_mean,1.0330154858463378,1,0.5435744804657657,0.061586982916689244,0.5435744804657657,0.061586982916689244,False,False,False,False,False,21,savgol,mean,0.04712034076811602,0.02356017038405801,0.996090517859846,1.0,1.0,1.0
145,1,default,0.9360393904152043,1,0.21087541595466167,0.5272802407501757,0.21087541595466167,0.5272802407501757,False,False,False,False,False,21,savgol,median,0.13111668123380857,0.06555834061690428,0.9589444248943351,0.9803149606299213,0.9868715531366133,0.9803073297049201
145,1,no_smoothing,0.927749975461174,1,0.21038855135037174,0.02506566209846198,0.21038855135037174,0.02506566209846198,False,False,False,False,False,21,none,median,0.35097461831216636,0.17548730915608318,0.756366872020463,0.8307086614173228,0.5599052140238715,0.5599052140238715
145,1,derivative_window_11,0.9343015855483684,1,0.21586080629793594,0.36967282884936875,0.21586080629793594,0.36967282884936875,False,False,False,False,False,11,savgol,median,0.1535343900656196,0.0767671950328098,0.9435228599473475,0.9744094488188977,0.9829363925869942,0.9744045888804914
145,1,derivative_window_31,0.9422815281247516,1,0.2057422377123824,0.6,0.2057422377123824,0.6300299362484958,False,False,False,True,True,31,savgol,median,0.13116078569266182,0.06558039284633091,0.9586032447980639,0.9783464566929134,0.9855597720263222,0.9783396580394832
145,1,wider_coefficient_bounds,0.9360393904152043,1,0.21087541595466167,0.5272802407501757,0.21087541595466167,0.5272802407501757,False,False,False,False,False,21,savgol,median,0.13111668123380857,0.06555834061690428,0.9589444248943351,0.9803149606299213,0.9868715531366133,0.9803073297049201
145,1,temporal_mean,0.9412528505143604,1,0.21087541595466167,0.5272802407501757,0.21087541595466167,0.5272802407501757,False,False,False,False,False,21,savgol,mean,0.14690705853734787,0.07345352926867393,0.9477238386957966,0.9744094488188977,0.9829363925869942,0.9744045888804914
146,1,default,1.0499064396353954,1,0.5133207407288951,0.2128057173575938,0.5133207407288951,0.2128057173575938,False,False,False,False,False,21,savgol,median,0.05751689627250321,0.028758448136251606,0.9951377601679942,1.0,1.0,1.0
146,1,no_smoothing,1.0513754213602127,1,0.5152825238088276,0.0,0.5152825238088276,-0.24059406089513252,False,False,True,False,True,21,none,median,0.14530296355236233,0.07265148177618116,0.9607172877586345,0.9940944881889764,0.9960585782174377,0.9940878673261566
146,1,derivative_window_11,1.0442015840922398,1,0.5189081640255386,0.06861655563162435,0.5189081640255386,0.06861655563162435,False,False,False,False,False,11,savgol,median,0.05800131971360457,0.029000659856802283,0.9943390227580697,1.0,1.0,1.0
146,1,derivative_window_31,1.058271644837855,1,0.5043994502702694,0.2729104616703677,0.5043994502702694,0.2729104616703677,False,False,False,False,False,31,savgol,median,0.06396711933527659,0.031983559667638294,0.9945579721958141,1.0,1.0,1.0
146,1,wider_coefficient_bounds,1.0499064396353954,1,0.5133207407288951,0.2128057173575938,0.5133207407288951,0.2128057173575938,False,False,False,False,False,21,savgol,median,0.05751689627250321,0.028758448136251606,0.9951377601679942,1.0,1.0,1.0
146,1,temporal_mean,1.0502505244565883,1,0.5133207407288951,0.2128057173575938,0.5133207407288951,0.2128057173575938,False,False,False,False,False,21,savgol,mean,0.05791970653752665,0.028959853268763325,0.9952072780248493,1.0,1.0,1.0
147,1,default,1.1678031148063137,1,0.08,0.5796610624350979,-0.24201662194303739,0.5796610624350979,True,False,False,False,True,21,savgol,median,0.2671232301021617,0.13356161505108086,0.9236639840443861,0.9822834645669292,0.6575056572359859,0.6575056572359859
147,1,no_smoothing,1.0425548718210165,1,0.08,0.2364995031917029,-0.14946421834587045,0.2364995031917029,True,False,False,False,True,21,none,median,0.6952523192083432,0.3476261596041716,0.534100623235257,0.6141732283464567,0.435183440835135,0.435183440835135
147,1,derivative_window_11,1.1469424445929781,1,0.08,0.4940031708813285,-0.1951985181565539,0.4940031708813285,True,False,False,False,True,11,savgol,median,0.2741603998433722,0.1370801999216861,0.9089647129524066,0.9645669291338582,0.6456301575393849,0.6456301575393849
147,1,derivative_window_31,1.186016998695251,1,0.08,0.6,-0.2581994598905174,0.6237464480406192,True,False,False,True,True,31,savgol,median,0.26866290940616566,0.13433145470308283,0.9254780261677734,0.9881889763779528,0.6607985891643452,0.6607985891643452
147,1,wider_coefficient_bounds,1.3057982862107953,1,0.01,0.5796610624350979,-0.24201662194303739,0.5796610624350979,True,False,False,False,True,21,savgol,median,0.9508069811384069,0.47540349056920345,0.5635642205503353,0.5649606299212598,0.3936670194549851,0.3936670194549851
147,1,temporal_mean,1.165088757310085,1,0.08,0.5796610624350979,-0.24201662194303739,0.5796610624350979,True,False,False,False,True,21,savgol,mean,0.25693858146537185,0.12846929073268593,0.9287820659508019,0.9862204724409449,0.660151439930261,0.660151439930261
148,0,default,-0.2558959222870135,0,0.08,0.5801387386887249,-0.17307564717671195,0.5801387386887249,True,False,False,False,True,21,savgol,median,0.30331231746356063,0.15165615873178032,0.9738405461216928,0.9724409448818898,0.9726991185579289,0.9726991185579289
148,0,no_smoothing,-0.16901063713494685,0,0.08,0.2292428296279274,-0.1388363620883799,0.2292428296279274,True,False,False,False,True,21,none,median,0.6737928465198865,0.33689642325994323,0.7564867211834083,0.6259842519685039,0.6338468487731808,0.6338468487731808
148,0,derivative_window_11,-0.258433674797436,0,0.08,0.47291794760927613,-0.16568348755005488,0.47291794760927613,True,False,False,False,True,11,savgol,median,0.3341391142369361,0.16706955711846805,0.9616570334333049,0.9507874015748031,0.951120316629364,0.951120316629364
148,0,derivative_window_31,-0.2552314385314368,0,0.08,0.6,-0.18186574080649134,0.6393347347864357,True,False,False,True,True,31,savgol,median,0.3040522148163952,0.1520261074081976,0.9733991540760683,0.9763779527559056,0.9765084328304966,0.9765084328304966
148,0,wider_coefficient_bounds,-0.3072441357410303,0,0.01,0.5801387386887249,-0.17307564717671195,0.5801387386887249,True,False,False,False,True,21,savgol,median,0.9098350229422634,0.4549175114711317,0.715868881996857,0.5669291338582677,0.5716891631143025,0.5716891631143025
148,0,temporal_mean,-0.2589896714841865,0,0.08,0.5801387386887249,-0.17307564717671195,0.5801387386887249,True,False,False,False,True,21,savgol,mean,0.30403369456618057,0.15201684728309028,0.9738531089227315,0.9704724409448819,0.9708050117911982,0.9708050117911982
149,1,default,1.298569332431575,1,0.08,0.6,-0.44729121689262025,0.8581837682923005,True,False,False,True,True,21,savgol,median,0.3480337349319883,0.17401686746599415,0.9049410002010547,0.9566929133858267,0.6390505534634258,0.6390505534634258
149,1,no_smoothing,1.2352193251216308,1,0.08,0.45461090600664766,-0.4229528703149304,0.45461090600664766,True,False,False,False,True,21,none,median,0.7020680953197613,0.35103404765988067,0.635675943343778,0.6496062992125984,0.456916659054231,0.456916659054231
149,1,derivative_window_11,1.2976725561322588,1,0.08,0.6,-0.4500348747727766,0.727210677336668,True,False,False,True,True,11,savgol,median,0.36692022100479954,0.18346011050239977,0.8958507734931698,0.9448818897637795,0.6324001166520851,0.6324001166520851
149,1,derivative_window_31,1.2992434563880089,1,0.08,0.6,-0.45217925549658394,0.9099750633675342,True,False,False,True,True,31,savgol,median,0.34553028484827003,0.17276514242413502,0.9090913707650259,0.9566929133858267,0.6390505534634258,0.6390505534634258
149,1,wider_coefficient_bounds,1.3184027144032535,1,0.01,0.8581837682923005,-0.44729121689262025,0.8581837682923005,True,False,False,False,True,21,savgol,median,0.9759997503601677,0.48799987518008386,0.5396097455759283,0.5511811023622047,0.3805651362212448,0.3805651362212448
149,1,temporal_mean,1.2949520267658683,1,0.08,0.6,-0.44729121689262025,0.8581837682923005,True,False,False,True,True,21,savgol,mean,0.34136138887143935,0.17068069443571968,0.9116930555294601,0.9547244094488189,0.6377326927191737,0.6377326927191737
150,0,default,-0.26483770621114927,0,0.08,0.6,-0.4005557723591942,0.6155176876107734,True,False,False,True,True,21,savgol,median,0.3139872753203675,0.15699363766018376,0.9719793606654816,0.9704724409448819,0.9708050117911982,0.9708050117911982
150,0,no_smoothing,-0.18665938676058402,0,0.08,0.3411901669339384,-0.3321717050782126,0.3411901669339384,True,False,False,False,True,21,none,median,0.6774719397134302,0.3387359698567151,0.7544673029079294,0.6377952755905512,0.6462602524650193,0.6462602524650193
150,0,derivative_window_11,-0.2722512204942485,0,0.08,0.5407937222650782,-0.383189384527558,0.5407937222650782,True,False,False,False,True,11,savgol,median,0.3331375916597702,0.1665687958298851,0.967654389797944,0.9665354330708661,0.9668955863409588,0.9668955863409588
150,0,derivative_window_31,-0.2691790402608534,0,0.08,0.6,-0.40385023171135087,0.6372707384452178,True,False,False,True,True,31,savgol,median,0.3117017390358421,0.15585086951792104,0.9757007165995011,0.968503937007874,0.9689177698106269,0.9689177698106269
150,0,wider_coefficient_bounds,-0.31435502611333743,0,0.01,0.6155176876107734,-0.4005557723591942,0.6155176876107734,True,False,False,False,True,21,savgol,median,0.9282890682291444,0.4641445341145722,0.6990121404328412,0.5393700787401575,0.5462372351549455,0.5462372351549455
150,0,temporal_mean,-0.2729224960137566,0,0.08,0.6,-0.4005557723591942,0.6155176876107734,True,False,False,True,True,21,savgol,mean,0.31492235087752596,0.15746117543876298,0.9750274818964753,0.9724409448818898,0.9725858548711946,0.9725858548711946
151,1,default,1.291515853128778,1,0.08,0.6,-0.20971333073400356,0.7031828755279034,True,False,False,True,True,21,savgol,median,0.33292715758588004,0.16646357879294002,0.9184986118918739,0.9625984251968503,0.6423662610559339,0.6423662610559339
151,1,no_smoothing,1.2565556392468078,1,0.08,0.2634379839105494,-0.17578835850514696,0.2634379839105494,True,False,False,False,True,21,none,median,0.6824822002846281,0.34124110014231407,0.6586776113584525,0.6456692913385826,0.4576886917312449,0.4576886917312449
151,1,derivative_window_11,1.2898519489392384,1,0.08,0.5643753505197466,-0.1930638059085882,0.5643753505197466,True,False,False,False,True,11,savgol,median,0.3464763039506399,0.17323815197531994,0.903323906295917,0.9606299212598425,0.6416936420982736,0.6416936420982736
151,1,derivative_window_31,1.2920752162498896,1,0.08,0.6,-0.22393372696036576,0.7659068063147814,True,False,False,True,True,31,savgol,median,0.3306627499833503,0.16533137499167516,0.9199075772007254,0.9645669291338582,0.9763764880952381,0.9645647321428572
151,1,wider_coefficient_bounds,1.3123289171339858,1,0.01,0.7031828755279034,-0.20971333073400356,0.7031828755279034,True,False,False,False,True,21,savgol,median,0.9265890702871445,0.4632945351435723,0.5477625580271916,0.5570866141732284,0.3818474940220962,0.3818474940220962
151,1,temporal_mean,1.2917272361123904,1,0.08,0.6,-0.20971333073400356,0.7031828755279034,True,False,False,True,True,21,savgol,mean,0.3306521757124032,0.1653260878562016,0.9189219967555698,0.9625984251968503,0.975064747179219,0.9625971207688283
152,1,default,1.0138047194593915,1,0.4395651685421028,0.12209175848249264,0.4395651685421028,0.12209175848249264,False,False,False,False,False,21,savgol,median,0.039788829158651735,0.019894414579325868,0.9965075538160596,1.0,1.0,1.0
152,1,no_smoothing,1.0178505199184886,1,0.4421605647289654,0.0,0.4421605647289654,-0.19580968513344965,False,False,True,False,True,21,none,median,0.14963801004957264,0.07481900502478632,0.9526339138601615,0.9862204724409449,0.9907979230632876,0.9861968845949314
152,1,derivative_window_11,1.0135795806896422,1,0.44070954560094333,0.029058908911338114,0.44070954560094333,0.029058908911338114,False,False,False,False,False,11,savgol,median,0.047777154637511275,0.023888577318755638,0.9948605652534065,1.0,1.0,1.0
152,1,derivative_window_31,1.0151015390363933,1,0.43763669484146767,0.17161881408484078,0.43763669484146767,0.17161881408484078,False,False,False,False,False,31,savgol,median,0.03923542119749039,0.019617710598745196,0.9966533207571068,1.0,1.0,1.0
152,1,wider_coefficient_bounds,1.0138047194593915,1,0.4395651685421028,0.12209175848249264,0.4395651685421028,0.12209175848249264,False,False,False,False,False,21,savgol,median,0.039788829158651735,0.019894414579325868,0.9965075538160596,1.0,1.0,1.0
152,1,temporal_mean,1.0162654975753478,1,0.4395651685421028,0.12209175848249264,0.4395651685421028,0.12209175848249264,False,False,False,False,False,21,savgol,mean,0.040864921051003415,0.020432460525501708,0.9963766002545055,1.0,1.0,1.0
153,1,default,1.1776408717767681,1,0.08,0.5571648027885788,-0.21740145340486217,0.5571648027885788,True,False,False,False,True,21,savgol,median,0.2538964103706149,0.12694820518530744,0.9320039090568147,0.9822834645669292,0.9881812365497585,0.9822718548246379
153,1,no_smoothing,1.0662381724161785,1,0.08,0.23398320895283023,-0.17419743325481107,0.23398320895283023,True,False,False,False,True,21,none,median,0.6880251274267666,0.3440125637133833,0.5390488275789596,0.6122047244094488,0.43162450926501644,0.43162450926501644
153,1,derivative_window_11,1.1629530800153416,1,0.08,0.4675635543885431,-0.2120729268118018,0.4675635543885431,True,False,False,False,True,11,savgol,median,0.2778645559225049,0.13893227796125246,0.9023709252257781,0.9625984251968503,0.6423689320388349,0.6423689320388349
153,1,derivative_window_31,1.1850644781387434,1,0.08,0.5922115909725503,-0.20383685763584516,0.5922115909725503,True,False,False,False,True,31,savgol,median,0.2553021015112768,0.1276510507556384,0.933112610188341,0.9803149606299213,0.6541958041958041,0.6541958041958041
153,1,wider_coefficient_bounds,1.3072448189747785,1,0.01,0.5571648027885788,-0.21740145340486217,0.5571648027885788,True,False,False,False,True,21,savgol,median,0.8863423018263276,0.4431711509131638,0.5267469394254337,0.5728346456692913,0.397159692491829,0.397159692491829
153,1,temporal_mean,1.1666535599072658,1,0.08,0.5571648027885788,-0.21740145340486217,0.5571648027885788,True,False,False,False,True,21,savgol,mean,0.2436294174844875,0.12181470874224375,0.9343128200995385,0.9862204724409449,0.9908056319382768,0.9862084479074151
154,0,default,0.4523084735868143,0,0.3710872652980544,0.20200538236264576,0.3710872652980544,0.20200538236264576,False,False,False,False,False,21,savgol,median,0.4255446703271354,0.2127723351635677,0.8639405194791965,0.7598425196850394,0.604102564102564,0.604102564102564
154,0,no_smoothing,0.38558890396273005,0,0.11243336148299715,0.034207298536398145,0.11243336148299715,0.034207298536398145,False,False,False,False,False,21,none,median,0.6799471685575578,0.3399735842787789,0.5370038271122918,0.5767716535433071,0.5513103704346867,0.5513103704346867
154,0,derivative_window_11,0.4393842770922514,0,0.27288030232623833,0.1817451337421201,0.27288030232623833,0.1817451337421201,False,False,False,False,False,11,savgol,median,0.41800458576234273,0.20900229288117136,0.8639716032058904,0.7598425196850394,0.604102564102564,0.604102564102564
154,0,derivative_window_31,0.4612386476146316,0,0.48726122143863115,0.1712969569997852,0.48726122143863115,0.1712969569997852,False,False,False,False,False,31,savgol,median,0.4328090220263579,0.21640451101317895,0.858890180465999,0.7598425196850394,0.604102564102564,0.604102564102564
154,0,wider_coefficient_bounds,0.4523084735868143,0,0.3710872652980544,0.20200538236264576,0.3710872652980544,0.20200538236264576,False,False,False,False,False,21,savgol,median,0.4255446703271354,0.2127723351635677,0.8639405194791965,0.7598425196850394,0.604102564102564,0.604102564102564
154,0,temporal_mean,0.4526023078159121,0,0.3710872652980544,0.20200538236264576,0.3710872652980544,0.20200538236264576,False,False,False,False,False,21,savgol,mean,0.4256592276330712,0.2128296138165356,0.8638513085897824,0.7598425196850394,0.604102564102564,0.604102564102564
155,0,default,0.16285620541207907,0,0.08,0.5479893336196763,-0.23346268275235252,0.5479893336196763,True,False,False,False,True,21,savgol,median,0.2655070197426975,0.13275350987134876,0.9286559811013897,0.9173228346456693,0.9092180865729252,0.9092180865729252
155,0,no_smoothing,0.2565794757886343,0,0.08,0.1499105998934337,-0.10929339053491513,0.1499105998934337,True,False,False,False,True,21,none,median,0.7921905621201192,0.3960952810600596,0.49711873701108344,0.562992125984252,0.560300737779318,0.560300737779318
155,0,derivative_window_11,0.14860621787976036,0,0.08,0.38134557190261703,-0.1815886583571074,0.38134557190261703,True,False,False,False,True,11,savgol,median,0.2960318944029734,0.1480159472014867,0.9040228600940687,0.905511811023622,0.8995030525710256,0.8995030525710256
155,0,derivative_window_31,0.1765056386354419,0,0.08,0.6,-0.266345556176632,0.6406942446608092,True,False,False,True,True,31,savgol,median,0.27687436909761515,0.13843718454880757,0.9237543398305017,0.9094488188976378,0.9009830343893528,0.9009830343893528
155,0,wider_coefficient_bounds,-0.18937400255370404,0,0.01,0.5479893336196763,-0.23346268275235252,0.5479893336196763,True,False,False,False,True,21,savgol,median,0.9287377318901069,0.46436886594505344,0.621290693298767,0.5669291338582677,0.5714524717137076,0.5714524717137076
155,0,temporal_mean,0.15622345628819842,0,0.08,0.5479893336196763,-0.23346268275235252,0.5479893336196763,True,False,False,False,True,21,savgol,mean,0.25583316907723597,0.12791658453861798,0.9342254589901031,0.9330708661417323,0.9274374035662835,0.9274374035662835
156,1,default,1.2997497936570104,1,0.08,0.47164225250958297,0.050647947497429985,0.47164225250958297,True,False,False,False,True,21,savgol,median,0.3439683968587806,0.1719841984293903,0.9048432020519329,0.9625984251968503,0.9750655201765976,0.9625982802648966
156,1,no_smoothing,1.2793502417882727,1,0.08,0.07134952689574289,0.053980787855224616,0.07134952689574289,True,False,False,False,True,21,none,median,0.6862757157272484,0.3431378578636242,0.6287278037783226,0.6377952755905512,0.4480811482930127,0.4480811482930127
156,1,derivative_window_11,1.3005924111940772,1,0.08,0.3117091686281846,0.054891624098866464,0.3117091686281846,True,False,False,False,True,11,savgol,median,0.363886477648171,0.1819432388240855,0.8821406866350147,0.9468503937007874,0.6318469391981445,0.6318469391981445
156,1,derivative_window_31,1.2993171261006478,1,0.08,0.5187662017052909,0.05753621335536498,0.5187662017052909,True,False,False,False,True,31,savgol,median,0.3417752259369091,0.17088761296845456,0.9087948165993706,0.968503937007874,0.9790013227513228,0.9685019841269842
156,1,wider_coefficient_bounds,1.307356937030884,1,0.050647947497429985,0.47164225250958297,0.050647947497429985,0.47164225250958297,False,False,False,False,False,21,savgol,median,0.407078182054704,0.203539091027352,0.8615306795208116,0.9192913385826772,0.6180908755857422,0.6180908755857422
156,1,temporal_mean,1.3001153761222903,1,0.08,0.47164225250958297,0.050647947497429985,0.47164225250958297,True,False,False,False,True,21,savgol,mean,0.3455318379241803,0.17276591896209015,0.9043903082191831,0.9586614173228346,0.6397366009722157,0.6397366009722157
157,0,default,-0.2954307251566505,0,0.08,0.5758400377641318,-0.20640936037902788,0.5758400377641318,True,False,False,False,True,21,savgol,median,0.3368498121001776,0.1684249060500888,0.9723731616325874,0.9606299212598425,0.9612658499608978,0.9612658499608978
157,0,no_smoothing,-0.24731671249004986,0,0.08,0.24463690494435306,-0.18554135234000488,0.24463690494435306,True,False,False,False,True,21,none,median,0.7096618764525415,0.35483093822627076,0.742455255641866,0.6377952755905512,0.6430059928097783,0.6430059928097783
157,0,derivative_window_11,-0.29504400405928527,0,0.08,0.47798766549944166,-0.1993424661672795,0.47798766549944166,True,False,False,False,True,11,savgol,median,0.35133403717216455,0.17566701858608227,0.966145318492713,0.9468503937007874,0.9476208338040899,0.9476208338040899
157,0,derivative_window_31,-0.2943274521479182,0,0.08,0.6,-0.2091748005164865,0.6215559308191051,True,False,False,True,True,31,savgol,median,0.33055463768909893,0.16527731884454946,0.974233867039284,0.9704724409448819,0.9709483920010236,0.9709483920010236
157,0,wider_coefficient_bounds,-0.31717234228031255,0,0.01,0.5758400377641318,-0.20640936037902788,0.5758400377641318,True,False,False,False,True,21,savgol,median,0.9269515194675374,0.4634757597337687,0.699295125010039,0.5511811023622047,0.5558173190984579,0.5558173190984579
157,0,temporal_mean,-0.2939656650177369,0,0.08,0.5758400377641318,-0.20640936037902788,0.5758400377641318,True,False,False,False,True,21,savgol,mean,0.33009156118225513,0.16504578059112757,0.9742252179750469,0.968503937007874,0.9690705128205129,0.9690705128205129
158,0,default,-0.15701987939043438,0,0.2951759748665946,0.20636936684598203,0.2951759748665946,0.20636936684598203,False,False,False,False,False,21,savgol,median,0.16240794205606723,0.08120397102803362,0.9919304965861807,0.9960629921259843,0.9960225457767885,0.9960225457767885
158,0,no_smoothing,-0.13862816764061003,0,0.2878899879819113,0.0,0.2878899879819113,-0.09613762660766428,False,False,True,False,True,21,none,median,0.26984647652890253,0.13492323826445127,0.9509748824358176,0.9507874015748031,0.9503078045604884,0.9503078045604884
158,0,derivative_window_11,-0.1540823721608246,0,0.2924849073101638,0.11110983155282639,0.2924849073101638,0.11110983155282639,False,False,False,False,False,11,savgol,median,0.16369356781689962,0.08184678390844981,0.9911062042678541,0.9960629921259843,0.9960225457767885,0.9960225457767885
158,0,derivative_window_31,-0.1552327027183108,0,0.30030408579586215,0.25225731453842126,0.30030408579586215,0.25225731453842126,False,False,False,False,False,31,savgol,median,0.16073872007526793,0.08036936003763397,0.9919347269259667,0.9960629921259843,0.9960225457767885,0.9960225457767885
158,0,wider_coefficient_bounds,-0.15701987939043438,0,0.2951759748665946,0.20636936684598203,0.2951759748665946,0.20636936684598203,False,False,False,False,False,21,savgol,median,0.16240794205606723,0.08120397102803362,0.9919304965861807,0.9960629921259843,0.9960225457767885,0.9960225457767885
158,0,temporal_mean,-0.1520222067366918,0,0.2951759748665946,0.20636936684598203,0.2951759748665946,0.20636936684598203,False,False,False,False,False,21,savgol,mean,0.15790445206916368,0.07895222603458184,0.9923413797951729,0.9980314960629921,0.9980069447133691,0.9980069447133691
159,1,default,1.0208651353445084,1,0.7132940512061371,0.0,0.7132940512061371,-0.0989952485550905,False,False,True,False,True,21,savgol,median,0.03300580132462629,0.016502900662313146,0.997897372851799,1.0,1.0,1.0
159,1,no_smoothing,1.0328653004698765,1,0.6752643615166661,0.0,0.6752643615166661,-0.4128052687445181,False,False,True,False,True,21,none,median,0.10807717220009339,0.05403858610004669,0.9756179449017246,0.9881889763779528,0.9921160859781174,0.9881741289671762
159,1,derivative_window_11,1.0214675535613247,1,0.6962167998493534,0.0,0.6962167998493534,-0.1876800883271623,False,False,True,False,True,11,savgol,median,0.038838525783694185,0.019419262891847092,0.9970138619944928,1.0,1.0,1.0
159,1,derivative_window_31,1.0217808390950647,1,0.7221888015704266,0.0,0.7221888015704266,-0.06830679304973636,False,False,True,False,True,31,savgol,median,0.032077682634819346,0.016038841317409673,0.9980938571928184,1.0,1.0,1.0
159,1,wider_coefficient_bounds,1.0208651353445084,1,0.7132940512061371,0.0,0.7132940512061371,-0.0989952485550905,False,False,True,False,True,21,savgol,median,0.03300580132462629,0.016502900662313146,0.997897372851799,1.0,1.0,1.0
159,1,temporal_mean,1.0200730435225358,1,0.7132940512061371,0.0,0.7132940512061371,-0.0989952485550905,False,False,True,False,True,21,savgol,mean,0.03371876744979256,0.01685938372489628,0.9977605038651954,1.0,1.0,1.0
