trial_id,initial_side,outcome,q0,distance_from_separatrix,damage_fraction_requested,damage_fraction_realized,correction_rate,coupling,memory_rate,memory_noise,process_noise,correction_heterogeneity_cv,correction_map_mean,correction_map_sd,correction_map_min,correction_map_max,target_separation_scale,target_overlap_sd,target_overlap_offset,outcome_target_selector,scenario,scenario_seed,forward_model,separation_scale
0,0,0,0.4876989600263338,0.012301039973666194,0.5358697431956682,0.562992125984252,1.0493602379675395,0.11710322427494568,1.6330755186641641,0.19566926881620847,0.00991448841579158,0.20083184066079424,1.0341630656210887,0.21239933902903363,0.37039330811673776,1.6858166278248305,1.0,0.0,0.0,0.0,shifted_holdout,20360721,linear_isotropic,1.0
1,0,0,0.4205447994444914,0.07945520055550857,0.36440787756217086,0.3779527559055118,0.9367673031593826,0.11693960678436799,1.703037171062399,0.3388924183444567,0.007660688477492543,0.10063308324756494,0.9396239653257498,0.09755173211648242,0.6104334904135823,1.1939352653434843,1.0,0.0,0.0,0.0,shifted_holdout,20360721,linear_isotropic,1.0
2,1,1,0.5061414496372072,0.006141449637207172,0.5950811334007232,0.594488188976378,0.7452458058944059,0.05422432782053643,1.4923602641368663,0.32144646947347677,0.006644757703840825,0.24820555894072552,0.7484784385077872,0.19312300030979945,0.18631145147360148,1.4292174384648004,1.0,0.0,0.0,1.0,shifted_holdout,20360721,linear_isotropic,1.0
3,1,1,0.6924560590910476,0.19245605909104757,0.35495740331532144,0.3779527559055118,1.1717160893783207,0.25662460505369017,1.8888575324970427,0.2324854797173064,0.008728684108449066,0.17582602896552607,1.1718282815842844,0.20752071927198135,0.4308815838192099,1.775896212182726,1.0,0.0,0.0,1.0,shifted_holdout,20360721,linear_isotropic,1.0
4,1,1,0.5708624699731402,0.07086246997314015,0.4169411860758176,0.43700787401574803,1.1392457991434484,0.15274078764294624,1.7025541463015383,0.27382937367202165,0.004792076948166336,0.10453499525683893,1.1362207827999489,0.11945404889216897,0.7616191634266425,1.531003167273847,1.0,0.0,0.0,1.0,shifted_holdout,20360721,linear_isotropic,1.0
5,1,1,0.53833447688398,0.0383344768839799,0.5393413428342307,0.562992125984252,1.038432934722766,0.19068838396199514,1.4805399234093088,0.3024698607637878,0.010039166282408859,0.1773116324460906,1.0509185082386212,0.18464671646179964,0.4730508741938004,1.5861971010812312,1.0,0.0,0.0,1.0,shifted_holdout,20360721,linear_isotropic,1.0
6,0,0,0.33789291208851546,0.16210708791148457,0.5772983096596905,0.594488188976378,0.6739653675450559,0.18208032070237798,1.902389616002326,0.2396196258351808,0.00696898962090063,0.16587086792611688,0.6767815894844816,0.11186917740463202,0.3813395189854623,1.0775805996267518,1.0,0.0,0.0,0.0,shifted_holdout,20360721,linear_isotropic,1.0
7,0,0,0.41885686683241796,0.08114313316758205,0.38451715020749266,0.40551181102362205,1.1451449428495046,0.1891710154057308,2.0764191172334177,0.24819964554771562,0.012124081486116987,0.20658393242899425,1.128655880881054,0.23492948142936806,0.37284217724197793,1.836569380023215,1.0,0.0,0.0,0.0,shifted_holdout,20360721,linear_isotropic,1.0
8,1,1,0.7271837997796206,0.22718379977962058,0.2642458717194094,0.2677165354330709,1.12991814470697,0.26287182051294716,1.9399011275870008,0.23270554704322155,0.012222568305278722,0.23236544086240557,1.1339221194859677,0.27652249794421724,0.34193399423425397,1.981479605429228,1.0,0.0,0.0,1.0,shifted_holdout,20360721,linear_isotropic,1.0
9,1,1,0.6389371987063049,0.13893719870630494,0.5795935585961692,0.594488188976378,0.9856868724130264,0.1094575164172065,2.204853101292923,0.1201599091931449,0.011944063123474756,0.2557557352642851,0.9927740740776066,0.25014324863704235,0.2464217181032566,1.7875356200764385,1.0,0.0,0.0,1.0,shifted_holdout,20360721,linear_isotropic,1.0
10,1,1,0.512326345439454,0.01232634543945404,0.5167923737702621,0.531496062992126,1.1970314096269095,0.13744144013657036,2.6327902032434003,0.1713893372024301,0.005607496176637538,0.17070498778644774,1.201099540454659,0.20361165428919012,0.6842973618758191,1.8454855064604243,1.0,0.0,0.0,1.0,shifted_holdout,20360721,linear_isotropic,1.0
11,0,0,0.42533290522126915,0.07466709477873085,0.4516381220041529,0.468503937007874,0.9105452041853289,0.11705781967516962,2.5700668882174575,0.2740376544445672,0.01286047785933484,0.1839907614964587,0.9023836970120426,0.16506450749467108,0.3408024601823798,1.352068042792209,1.0,0.0,0.0,0.0,shifted_holdout,20360721,linear_isotropic,1.0
12,0,0,0.3140938503825125,0.1859061496174875,0.41379121750240283,0.43700787401574803,1.0040092736199395,0.10994968844126063,1.8484712306133937,0.33358367254935617,0.011924053491706353,0.21325376641176697,1.0033118155052434,0.22152896727599586,0.3851341419352836,1.6226983814211886,1.0,0.0,0.0,0.0,shifted_holdout,20360721,linear_isotropic,1.0
13,1,1,0.7354179946710866,0.23541799467108665,0.5572134376106046,0.562992125984252,1.1373861515972052,0.26702936246943826,1.3445969186682616,0.193623032343255,0.008195610995787573,0.23179611400073538,1.1342354237305783,0.27016825776738373,0.2843465378993013,1.9410620930529288,1.0,0.0,0.0,1.0,shifted_holdout,20360721,linear_isotropic,1.0
14,1,1,0.5045132483113997,0.004513248311399663,0.5619023956401994,0.562992125984252,0.7771497785320289,0.2618222371405107,2.778033899383619,0.3398352525587256,0.013280277270866588,0.1398202101274591,0.7783522728350107,0.11138914981651435,0.44134018503741873,1.1530890602510693,1.0,0.0,0.0,1.0,shifted_holdout,20360721,linear_isotropic,1.0
15,1,1,0.707384413759469,0.20738441375946903,0.4655681804677214,0.468503937007874,0.5087745180242287,0.18386518125701168,1.5005078406554286,0.3190400691727606,0.007020138219482535,0.2480898851886528,0.5048698502071438,0.1271229345592285,0.12719362950605717,0.8810810115630133,1.0,0.0,0.0,1.0,shifted_holdout,20360721,linear_isotropic,1.0
16,1,1,0.5628161723367774,0.06281617233677737,0.45243815903105156,0.468503937007874,1.0943416741993994,0.16650276593497657,1.8409558273837219,0.28289215895965825,0.011441982050858796,0.11269684006366895,1.0951644786696637,0.12476668375147418,0.7006423127517025,1.479847956196706,1.0,0.0,0.0,1.0,shifted_holdout,20360721,linear_isotropic,1.0
17,1,1,0.5041082461233882,0.00410824612338822,0.28438926653927743,0.2952755905511811,0.740357222431465,0.042600285117012436,1.3423988507795226,0.28606394253855605,0.007345466333873249,0.17021549782233447,0.7531337585488732,0.12010190407736593,0.3444616041188223,1.1616861981384836,1.0,0.0,0.0,1.0,shifted_holdout,20360721,linear_isotropic,1.0
18,1,1,0.5089220548197714,0.00892205481977142,0.30155224414758014,0.3228346456692913,1.163913114963229,0.05747237949048024,1.6361027021167105,0.204011951832672,0.006443624190728685,0.1420242039783701,1.1710062256333313,0.15813673689392616,0.7080416468774734,1.6960336750272365,1.0,0.0,0.0,1.0,shifted_holdout,20360721,linear_isotropic,1.0
19,1,1,0.6736706578906525,0.17367065789065253,0.5691942878820564,0.594488188976378,0.5760420365327489,0.199771927220696,2.725876637192701,0.22468066505771395,0.010122399908484379,0.18837074193302913,0.5757534272806683,0.10733114541020645,0.24302855568329965,0.872269936280195,1.0,0.0,0.0,1.0,shifted_holdout,20360721,linear_isotropic,1.0
20,1,0,0.50772246977196,0.007722469771959988,0.30061372288269755,0.3228346456692913,0.7773903284770216,0.27229505189351916,2.500288993171028,0.3036825861702107,0.007913455190798804,0.206882211663419,0.7709250713028185,0.17506796156909818,0.2638032448467966,1.2342969566837285,1.0,0.0,0.0,0.0,shifted_holdout,20360721,linear_isotropic,1.0
21,1,1,0.5046318538556834,0.004631853855683443,0.5854733704398281,0.594488188976378,0.5176818997698215,0.15009292691183507,2.29486283157137,0.16141945742283909,0.0047545183372675595,0.25539070924211327,0.5111757030698518,0.12742388765406223,0.15320823950624796,0.9365014383554863,1.0,0.0,0.0,1.0,shifted_holdout,20360721,linear_isotropic,1.0
22,0,0,0.39800997192912196,0.10199002807087805,0.2703166940037101,0.2952755905511811,1.2081805434840152,0.2061514879110518,2.6512939776676583,0.15245210003934992,0.006679300918648828,0.2297569980065207,1.1982781108787133,0.27763134941451006,0.3020451358710038,1.884108912953157,1.0,0.0,0.0,0.0,shifted_holdout,20360721,linear_isotropic,1.0
23,0,0,0.4896800188696893,0.010319981130310707,0.24361795179706122,0.2677165354330709,0.6141459608471526,0.2058124167996328,1.841209669320073,0.3217907161341026,0.008680979236601511,0.15787524447521273,0.617106023593991,0.1021543094122846,0.2741176291962154,0.8816764440554875,1.0,0.0,0.0,0.0,shifted_holdout,20360721,linear_isotropic,1.0
24,1,0,0.5481929060430965,0.048192906043096416,0.26326693916642546,0.2677165354330709,0.6054549351610077,0.17884860454001475,1.999652940278877,0.3344386303417044,0.0056349906704002825,0.16967379284481354,0.6029881351476906,0.10485770301777349,0.3252244106194177,0.9038140902964805,1.0,0.0,0.0,0.0,shifted_holdout,20360721,linear_isotropic,1.0
25,1,1,0.5793008282201304,0.07930082822013035,0.3304523154201185,0.35039370078740156,0.8423258065872227,0.20139364892065686,3.173287040879356,0.20830785531550852,0.0054355382902822,0.10951799174668124,0.8422040716768199,0.09227852979080796,0.526121384672984,1.1140073663940204,1.0,0.0,0.0,1.0,shifted_holdout,20360721,linear_isotropic,1.0
26,1,1,0.6072231277030291,0.10722312770302907,0.41838524213075357,0.43700787401574803,1.1265705641538328,0.17126143402155194,1.5078970506231724,0.2052936356813811,0.01162854563885668,0.22128412237829545,1.1199189011276869,0.24761677292741618,0.2816426410384582,1.885146949463313,1.0,0.0,0.0,1.0,shifted_holdout,20360721,linear_isotropic,1.0
27,1,1,0.7082573501691214,0.2082573501691214,0.27035582460416147,0.2952755905511811,0.9527096451298126,0.17467006886711123,3.0240370746927665,0.32088830074229613,0.006561583070051849,0.1244700365899732,0.9526675150351367,0.11426996430840386,0.6647990670752724,1.330638644239339,1.0,0.0,0.0,1.0,shifted_holdout,20360721,linear_isotropic,1.0
28,1,0,0.5195520454692015,0.019552045469201574,0.2434100851366509,0.2677165354330709,0.8434754677308174,0.18527632790724638,1.7160020022779625,0.2587520459779702,0.009288664506112381,0.257940893369881,0.8566126557011647,0.2377807207200963,0.21086886693270435,1.5427347688412287,1.0,0.0,0.0,0.0,shifted_holdout,20360721,linear_isotropic,1.0
29,1,0,0.5329540037401932,0.032954003740193236,0.3296123937306315,0.35039370078740156,1.0206542634201643,0.21278229420529196,2.720063567854267,0.27431154834721566,0.010759105790325133,0.11675703623468767,1.0242436674717073,0.12100325650739682,0.6129696668612015,1.4533952232247023,1.0,0.0,0.0,0.0,shifted_holdout,20360721,linear_isotropic,1.0
30,0,0,0.43165792568867,0.06834207431133002,0.3771930665589822,0.3779527559055118,0.875133839994556,0.20722769605027344,2.927140177311708,0.33782508074862694,0.005887700501911186,0.24152067868166607,0.870119370558794,0.20964129633152967,0.218783459998639,1.537961373697801,1.0,0.0,0.0,0.0,shifted_holdout,20360721,linear_isotropic,1.0
31,0,0,0.3435396121302736,0.15646038786972635,0.25098555634420483,0.2677165354330709,0.6860553492732521,0.05298948545376462,2.5861523448740256,0.24081730827341927,0.00789037687741118,0.15442042436918346,0.6909227683467106,0.11021003666794411,0.3986297488072139,1.0021338364060646,1.0,0.0,0.0,0.0,shifted_holdout,20360721,linear_isotropic,1.0
32,0,1,0.49142687309691263,0.008573126903087374,0.263818324482037,0.2677165354330709,0.6179376624592039,0.26798468018077143,1.8748841329635118,0.30550775432311617,0.007271623775830443,0.12810023263050704,0.615819785780156,0.0793259384646221,0.37080137999394724,0.8605344929358119,1.0,0.0,0.0,1.0,shifted_holdout,20360721,linear_isotropic,1.0
33,0,0,0.2512426020005783,0.2487573979994217,0.27261857081283625,0.2952755905511811,0.9823308325969397,0.1783388666353472,1.6699282302008256,0.29113945430381294,0.008241331472476552,0.24099819799419606,1.0008231263602083,0.24039693371983212,0.385517687269632,1.7858184733274043,1.0,0.0,0.0,0.0,shifted_holdout,20360721,linear_isotropic,1.0
34,0,0,0.3141360015328342,0.18586399846716578,0.5108429050331373,0.531496062992126,0.9890836610839931,0.22425126136788026,3.1545337032233407,0.1570753550337379,0.010398671284758246,0.12353273074159594,0.9939197439081788,0.11872238372966164,0.6423411046772654,1.35233131855297,1.0,0.0,0.0,0.0,shifted_holdout,20360721,linear_isotropic,1.0
35,1,0,0.5104775442397992,0.010477544239799134,0.292345246314788,0.2952755905511811,0.5313956970677367,0.2727096779903368,2.9205476191529423,0.31091791166812405,0.010178907631201474,0.2283490123805455,0.5312773667672969,0.12360997170135599,0.170777995132506,0.8707096222955227,1.0,0.0,0.0,0.0,shifted_holdout,20360721,linear_isotropic,1.0
36,1,1,0.5127751329930405,0.012775132993040427,0.27368531110177347,0.2952755905511811,0.7608631315356168,0.09117803987547135,2.765324058335814,0.19431722010178562,0.005350991295381119,0.19990891263700233,0.7648853780395104,0.15401670293226896,0.33156136314682644,1.2909758221243683,1.0,0.0,0.0,1.0,shifted_holdout,20360721,linear_isotropic,1.0
37,1,1,0.6024821478796563,0.10248214787965625,0.5207650303248225,0.531496062992126,1.1394335307541623,0.040569244081605754,2.1843474592564727,0.20844385567121726,0.007192859969643659,0.22280860763542482,1.139463247537184,0.24699805167072042,0.3078869880287534,1.9943217817785965,1.0,0.0,0.0,1.0,shifted_holdout,20360721,linear_isotropic,1.0
38,1,0,0.508925602078252,0.008925602078252014,0.490137281142899,0.5,0.6307865748489896,0.15318221021740627,2.8895761764648413,0.3097107261894114,0.010894746465154544,0.23514396349024722,0.6261169720393289,0.1466716610093929,0.1576966437122474,1.0932085384313386,1.0,0.0,0.0,0.0,shifted_holdout,20360721,linear_isotropic,1.0
39,1,1,0.5427138617566508,0.04271386175665085,0.5227214289920767,0.531496062992126,0.6961866844783157,0.22498044834109557,2.5106117381018596,0.17598034995255335,0.0077639047452508925,0.17989460096927112,0.6865750673489475,0.12168910067997532,0.27262457193378475,1.0375505795859845,1.0,0.0,0.0,1.0,shifted_holdout,20360721,linear_isotropic,1.0
40,1,0,0.5066440019552766,0.006644001955276575,0.4442988205477122,0.468503937007874,0.8058596806378399,0.09626708410562687,1.5703136939317417,0.24507256682283815,0.012916928927912614,0.16543265461259454,0.8019982318249681,0.13748743951642792,0.40139109254375,1.1712849404036216,1.0,0.0,0.0,0.0,shifted_holdout,20360721,linear_isotropic,1.0
41,1,1,0.5517560924768018,0.05175609247680175,0.3740853353700645,0.3779527559055118,1.1849514560354448,0.23582087778752,1.3289547254930516,0.21940832834644328,0.013463778761324022,0.11059680809861942,1.1833850277345328,0.13784263536066133,0.7954161299492415,1.5595303321787193,1.0,0.0,0.0,1.0,shifted_holdout,20360721,linear_isotropic,1.0
42,0,1,0.4930700717928142,0.0069299282071857895,0.40776787793057634,0.43700787401574803,0.9788022296322597,0.08452686121774997,1.35046339097782,0.23735347594213954,0.008039399891860432,0.24360711940528595,0.9874298281108678,0.2382389522448126,0.26150867182030224,1.7085703078656203,1.0,0.0,0.0,1.0,shifted_holdout,20360721,linear_isotropic,1.0
43,0,0,0.3566806830536847,0.14331931694631528,0.38648119753068744,0.40551181102362205,1.145946750662859,0.16934768928275137,1.857760463397907,0.3334728815260864,0.005133696070925048,0.16344920078712566,1.1474399433989686,0.18975723908302955,0.4852850274020216,1.835383244770222,1.0,0.0,0.0,0.0,shifted_holdout,20360721,linear_isotropic,1.0
44,1,0,0.5046237511533478,0.004623751153347747,0.4281732471435872,0.43700787401574803,0.9924337543253889,0.24558049886107863,2.9439222890259718,0.1536514658271988,0.011615446838353978,0.1789785572404991,0.9958528262638486,0.174695993484396,0.5065640104155938,1.5271412665871897,1.0,0.0,0.0,0.0,shifted_holdout,20360721,linear_isotropic,1.0
45,1,1,0.504491499660968,0.004491499660967962,0.2384074095858957,0.24015748031496062,0.6323582226263467,0.11519817113680528,2.061598603614846,0.2712337443442801,0.007045054473324123,0.19220623228683084,0.6339403998209481,0.12731224260396948,0.21327664549034825,1.047802718299151,1.0,0.0,0.0,1.0,shifted_holdout,20360721,linear_isotropic,1.0
46,0,0,0.48302647336360094,0.016973526636399054,0.2948463115980773,0.2952755905511811,0.5824368663634711,0.25804435891334754,1.9203855919218533,0.2544979175702004,0.008915851617399603,0.22841639183873233,0.575925088627113,0.13206191424762428,0.14560921659086778,0.9776271940851183,1.0,0.0,0.0,0.0,shifted_holdout,20360721,linear_isotropic,1.0
47,0,0,0.491393350568476,0.00860664943152399,0.48305219689819334,0.5,1.0924512457726774,0.21417663997209643,2.789882254574896,0.18527001972348534,0.00461680088602558,0.21577210972233593,1.0918125774530618,0.24996055274762458,0.403375331135461,1.8240194768796738,1.0,0.0,0.0,0.0,shifted_holdout,20360721,linear_isotropic,1.0
48,0,0,0.46599653134710445,0.03400346865289554,0.4640975248657871,0.468503937007874,0.7359001142649467,0.11854942514407979,2.9017990274823293,0.22791816741916116,0.012296569653561393,0.25007664438817234,0.7372756756879317,0.1853463186168263,0.230255282912636,1.3304229686825586,1.0,0.0,0.0,0.0,shifted_holdout,20360721,linear_isotropic,1.0
49,0,0,0.3242954498981777,0.17570455010182232,0.38842473500772845,0.40551181102362205,0.5912444334988718,0.042510940010974316,1.3090372423656713,0.30485540747731443,0.011183342062221685,0.1496300875554251,0.5950658876982841,0.08808210768756267,0.3332304500128369,0.8621602917351173,1.0,0.0,0.0,0.0,shifted_holdout,20360721,linear_isotropic,1.0
50,1,1,0.5141721880687004,0.014172188068700303,0.2925349815389395,0.2952755905511811,1.2079091000828623,0.0956400831369164,2.7583431233855817,0.13468576753166045,0.011592794683329202,0.11879112868863806,1.2123372570654027,0.1457106287457617,0.7604935685283982,1.6409061954410569,1.0,0.0,0.0,1.0,shifted_holdout,20360721,linear_isotropic,1.0
51,0,0,0.3117005322483252,0.18829946775167478,0.4738180825019983,0.5,0.7324123561099314,0.11229057819682486,2.1029925281026554,0.1380096210608318,0.012780816339359256,0.1376408051235215,0.7367443685329936,0.09721581069842469,0.46103367665083106,1.005143544606158,1.0,0.0,0.0,0.0,shifted_holdout,20360721,linear_isotropic,1.0
52,1,0,0.5441921133634208,0.04419211336342075,0.32367791230234205,0.35039370078740156,0.9172267936010263,0.2269289838354347,2.690213564102983,0.16211045763097207,0.011880048155905031,0.13032382101866372,0.9268554566200548,0.12783751411667887,0.5552055813987119,1.3032870952406999,1.0,0.0,0.0,0.0,shifted_holdout,20360721,linear_isotropic,1.0
53,1,1,0.5072259975875214,0.007225997587521388,0.4888698825835932,0.5,1.0160695084810103,0.08477065442501114,2.2795614163107776,0.17294160134953715,0.012233315770832396,0.11786035775169648,1.0138739434704866,0.12584151924407597,0.6343130497325336,1.4043854764840924,1.0,0.0,0.0,1.0,shifted_holdout,20360721,linear_isotropic,1.0
54,0,0,0.3766032853526534,0.12339671464734658,0.40195691124946303,0.40551181102362205,1.061243812321882,0.25139478938197046,2.5433414251330615,0.17911623035420027,0.013542719324509907,0.13017720561824964,1.063380776438628,0.141020837431072,0.5714348868864483,1.4956214621255366,1.0,0.0,0.0,0.0,shifted_holdout,20360721,linear_isotropic,1.0
55,0,0,0.4833772839594744,0.0166227160405256,0.5890989691352887,0.594488188976378,0.9186673825740743,0.25411638611434145,1.3666384383275518,0.31841762591854444,0.013274953168600771,0.20360245930081494,0.8952854509432433,0.19797619444868678,0.27303860164008836,1.54735430597298,1.0,0.0,0.0,0.0,shifted_holdout,20360721,linear_isotropic,1.0
56,1,0,0.6326166810970338,0.13261668109703387,0.263390785537807,0.2677165354330709,1.0718552205478147,0.2318984181774735,2.721088697227175,0.23730911589105258,0.006406273260146051,0.1682529873861041,1.067987671967576,0.1867343410365801,0.5331895482687407,1.5628841620753633,1.0,0.0,0.0,0.0,shifted_holdout,20360721,linear_isotropic,1.0
57,1,1,0.549542608959096,0.04954260895909598,0.457193419498452,0.468503937007874,0.814115341737476,0.14673273662599615,1.5678965884940326,0.12593876397794057,0.012867054998516713,0.212806259650914,0.8125396355387676,0.17747321167182725,0.24226937975118296,1.4037434593791436,1.0,0.0,0.0,1.0,shifted_holdout,20360721,linear_isotropic,1.0
58,0,1,0.4958407748963703,0.004159225103629693,0.29864197326668623,0.3228346456692913,0.5061826462177164,0.265993362580206,2.0616490336445716,0.13827881352881213,0.01132289068100058,0.19097830558034634,0.5051006820846451,0.09689509500051177,0.14032617312690057,0.7795267625309812,1.0,0.0,0.0,1.0,shifted_holdout,20360721,linear_isotropic,1.0
59,1,0,0.5085920530840958,0.008592053084095776,0.4601652113895274,0.468503937007874,0.7568732381773028,0.07369105607025368,1.5076101280818912,0.33807982713911133,0.0066430078410387216,0.16279349447157587,0.7645000642346939,0.12422886259187654,0.3322254244071949,1.1244552437393658,1.0,0.0,0.0,0.0,shifted_holdout,20360721,linear_isotropic,1.0
60,1,1,0.5392539085086616,0.03925390850866161,0.31331816859583145,0.3228346456692913,0.6843656580092111,0.16370687609270393,2.229545347191212,0.21729922324791018,0.007784511919094518,0.21600866778751476,0.6986154683736199,0.15275119290326974,0.17109141450230278,1.1123080866797808,1.0,0.0,0.0,1.0,shifted_holdout,20360721,linear_isotropic,1.0
61,1,0,0.5098115481096992,0.00981154810969918,0.27531404594766673,0.2952755905511811,0.5300030854380009,0.21656310759944286,1.9453469299843327,0.31742862557665763,0.006966496024396839,0.20422714400245262,0.5272540251676405,0.10872468034028342,0.19472065559848872,0.8087482612420465,1.0,0.0,0.0,0.0,shifted_holdout,20360721,linear_isotropic,1.0
62,1,1,0.5183293126066719,0.018329312606671973,0.2421693498528883,0.2677165354330709,0.9436094576835603,0.27823698566935867,2.5785422564219176,0.20646079523909144,0.012813532961962623,0.12760340949127222,0.9524697307746455,0.12502677039128354,0.5673865535656022,1.2983701007539052,1.0,0.0,0.0,1.0,shifted_holdout,20360721,linear_isotropic,1.0
63,1,1,0.5515402593369169,0.051540259336916895,0.4484475222908759,0.468503937007874,0.6410968303886545,0.12164714392742185,2.306798211335657,0.12006613233995989,0.007576165054530396,0.10277989171105698,0.639329619139163,0.0658677058673841,0.46548806061039566,0.8394771495746703,1.0,0.0,0.0,1.0,shifted_holdout,20360721,linear_isotropic,1.0
64,1,1,0.5097848614670036,0.009784861467003601,0.4642859724047545,0.468503937007874,0.5932816739350973,0.07370454423956771,1.7862556524134883,0.22569532957593408,0.013487077222336219,0.16542577031416558,0.5996068532379791,0.10252650783435324,0.2728479226563967,0.9239493767215466,1.0,0.0,0.0,1.0,shifted_holdout,20360721,linear_isotropic,1.0
65,0,0,0.23504645768227744,0.26495354231772256,0.5385560197805259,0.562992125984252,1.1559753338163712,0.10072146766883626,3.0178997615793173,0.3373488473928271,0.009039206736929692,0.24930501549431602,1.1685934661803195,0.29224777489450576,0.2889938334540928,1.8941914073829766,1.0,0.0,0.0,0.0,shifted_holdout,20360721,linear_isotropic,1.0
66,1,1,0.5191825755246046,0.01918257552460459,0.2659007926984826,0.2677165354330709,0.7618122741546993,0.1522117555515652,2.9591892435462173,0.31385420603626857,0.012799882497646386,0.23455495673690294,0.7578814485993205,0.18948221121960596,0.2293500142955017,1.28677466451536,1.0,0.0,0.0,1.0,shifted_holdout,20360721,linear_isotropic,1.0
67,1,1,0.5259402934847258,0.025940293484725842,0.5132026725372959,0.531496062992126,0.7226952920926872,0.060038409169560436,1.5255422398155885,0.2738546606256021,0.011262054705106574,0.2103099791739889,0.7298648313183638,0.15832954799318838,0.1806738230231718,1.1287698578001917,1.0,0.0,0.0,1.0,shifted_holdout,20360721,linear_isotropic,1.0
68,0,1,0.4945679111112491,0.005432088888750882,0.5775857461733824,0.594488188976378,0.616509733526382,0.23027741957745476,2.7638334674281237,0.28840611551291223,0.01175577296475724,0.19052252577046364,0.6169363077980642,0.12051643759250358,0.2780405538957695,0.9630972981687962,1.0,0.0,0.0,1.0,shifted_holdout,20360721,linear_isotropic,1.0
69,0,0,0.4620056123444796,0.037994387655520385,0.5377606276926915,0.562992125984252,1.110591393261661,0.1429221428807025,2.362459737119093,0.15572858264761358,0.012459929826863581,0.10619016921056547,1.1096590705613767,0.11718427042436792,0.8026914915428855,1.459407168683031,1.0,0.0,0.0,0.0,shifted_holdout,20360721,linear_isotropic,1.0
70,0,0,0.3953207915312616,0.1046792084687384,0.2934281221363674,0.2952755905511811,0.6153062696708721,0.25199238803118695,2.7807882408741746,0.33730233412124266,0.006904460362488023,0.10036339082464876,0.6133076672806814,0.06145059664767187,0.430427585364719,0.8126309156453997,1.0,0.0,0.0,0.0,shifted_holdout,20360721,linear_isotropic,1.0
71,1,1,0.5175235233206452,0.017523523320645235,0.5690032097326578,0.594488188976378,0.7083732624086762,0.2522684088460056,1.9570984575926877,0.18758759007244696,0.011115766370206248,0.2560472939020051,0.7112080641270296,0.18030162111201398,0.17709331560216904,1.3133927324354469,1.0,0.0,0.0,1.0,shifted_holdout,20360721,linear_isotropic,1.0
72,0,0,0.4636537087407699,0.03634629125923013,0.38867861318413927,0.40551181102362205,1.1609364056075262,0.24459540811831718,1.5098943057225487,0.12932395838195165,0.01148155543143154,0.11592824449959938,1.1669976916540292,0.13111283181124644,0.7830557880374702,1.513801786892699,1.0,0.0,0.0,0.0,shifted_holdout,20360721,linear_isotropic,1.0
73,0,0,0.32001214290323254,0.17998785709676748,0.4836235077204962,0.5,0.9403600037343489,0.12982119681130527,2.3304976338719774,0.32705429489518256,0.01047060613632285,0.2455472824686377,0.9479855673172414,0.2209774971919509,0.36653529012308184,1.5897220411814803,1.0,0.0,0.0,0.0,shifted_holdout,20360721,linear_isotropic,1.0
74,0,0,0.3569100576183376,0.14308994238166242,0.4420187244946182,0.468503937007874,0.8735361025499756,0.17779497070094896,3.0933974671605036,0.21854828953693523,0.007893122121785012,0.12842926673203242,0.8765669430220956,0.10945685794589718,0.5002431073776719,1.17134680641964,1.0,0.0,0.0,0.0,shifted_holdout,20360721,linear_isotropic,1.0
75,0,0,0.37368860601893195,0.12631139398106803,0.478320626237729,0.5,0.8126787308412129,0.1974589450694626,2.9839958766098214,0.14726302192292987,0.010021400710766364,0.13772022693258212,0.8128319167504625,0.10836117600071533,0.5135236562717284,1.1642112065571697,1.0,0.0,0.0,0.0,shifted_holdout,20360721,linear_isotropic,1.0
76,0,1,0.4921923327183238,0.007807667281676217,0.25576744642287225,0.2677165354330709,0.7788599688030845,0.1966894658236527,3.1840284551635234,0.21504864020917208,0.012100447880253213,0.2531949458712429,0.7848412559530309,0.20531842244330606,0.19471499220077113,1.3303529987553375,1.0,0.0,0.0,1.0,shifted_holdout,20360721,linear_isotropic,1.0
77,0,0,0.4686599560202854,0.03134004397971461,0.3046776316649442,0.3228346456692913,1.2461243948062206,0.1444122915022291,1.7092711911961511,0.2969472269268226,0.008609108016229695,0.17711017336866341,1.258180848465167,0.21721634726525524,0.6648481306169396,1.8958196751045342,1.0,0.0,0.0,0.0,shifted_holdout,20360721,linear_isotropic,1.0
78,1,1,0.5611793521638312,0.06117935216383114,0.5582230122484265,0.562992125984252,0.7878883761906381,0.05603483552588683,1.8987930810689835,0.3119113099387072,0.01037538210212163,0.10458506827733388,0.7933686509129196,0.08297769332588228,0.5828380667790996,1.0280997922239439,1.0,0.0,0.0,1.0,shifted_holdout,20360721,linear_isotropic,1.0
79,1,0,0.505866840152146,0.00586684015214597,0.38446139654940903,0.40551181102362205,0.7339825440496337,0.11747687577977275,2.2717188261964427,0.13907937506581022,0.004673929472010215,0.24600373895288433,0.7250858907891837,0.17959191580243675,0.18349563601240843,1.212521945121693,1.0,0.0,0.0,0.0,shifted_holdout,20360721,linear_isotropic,1.0
80,1,1,0.7470456510608857,0.24704565106088572,0.47182483186551194,0.5,0.8588182866881333,0.25892141289696996,2.815811998898229,0.1212816752818923,0.004492448748529436,0.25167080101343275,0.8639466561554645,0.21423470652553855,0.21470457167203333,1.6122441923888482,1.0,0.0,0.0,1.0,shifted_holdout,20360721,linear_isotropic,1.0
81,0,0,0.494356613329037,0.005643386670963002,0.2632924573109704,0.2677165354330709,0.678064255524819,0.0800524136372782,3.070118892041079,0.30893822009084754,0.007238523628606727,0.23303926282351506,0.6822558402015277,0.15635339852372046,0.19955562520715214,1.1363655801421524,1.0,0.0,0.0,0.0,shifted_holdout,20360721,linear_isotropic,1.0
82,1,1,0.5561908336375381,0.05619083363753804,0.5197112379459634,0.531496062992126,0.741736741049947,0.20677546177325914,2.5735065650258635,0.174820797511604,0.007487699525877873,0.20415541874970064,0.7463459314427217,0.1489291318885931,0.27554334757424326,1.1957969851875863,1.0,0.0,0.0,1.0,shifted_holdout,20360721,linear_isotropic,1.0
83,0,0,0.4014035077739733,0.09859649222602669,0.5249301247911229,0.531496062992126,0.6340364444867264,0.08963168372943767,2.67565795372048,0.16014918950862328,0.012105122919121098,0.2089282543318569,0.6242409346069273,0.1410404510461308,0.19127753467883526,1.057544317595843,1.0,0.0,0.0,0.0,shifted_holdout,20360721,linear_isotropic,1.0
84,0,1,0.43726476354617766,0.06273523645382233,0.39395038683501277,0.40551181102362205,1.070069362144042,0.1776802815779155,2.941197065236337,0.2738921237299892,0.008405487334098698,0.21502846366937622,1.073950585338315,0.23713939350612873,0.27787886011746565,1.9220594534474649,1.0,0.0,0.0,1.0,shifted_holdout,20360721,linear_isotropic,1.0
85,0,0,0.49357054429883807,0.006429455701161938,0.23010521262540193,0.24015748031496062,0.5777689417102008,0.14177468937339538,1.6277017423844806,0.21621567293731697,0.004062139290078589,0.2596885589777951,0.5846581919896247,0.1573402266348674,0.1444422354275502,1.027593982443634,1.0,0.0,0.0,0.0,shifted_holdout,20360721,linear_isotropic,1.0
86,0,0,0.4752862767867528,0.0247137232132472,0.4364354159694134,0.43700787401574803,0.5923646166887042,0.17643259359875488,2.9437364400194204,0.23164741336937542,0.0054839321659522055,0.11108237168719133,0.5874290439520483,0.06431546457597594,0.43052036969345747,0.7778775160740252,1.0,0.0,0.0,0.0,shifted_holdout,20360721,linear_isotropic,1.0
87,0,1,0.4922441979005623,0.007755802099437727,0.4265479157016325,0.43700787401574803,0.7622512952363089,0.23485704254380882,3.1254787866125904,0.23864779876682563,0.010637297449262128,0.11783147035434849,0.7599537543647152,0.09014723299636758,0.43870891844092746,1.0072533571722142,1.0,0.0,0.0,1.0,shifted_holdout,20360721,linear_isotropic,1.0
88,0,0,0.4057363734157671,0.09426362658423289,0.2791239513374238,0.2952755905511811,0.6219553354228383,0.1228903148438791,1.5105172351226634,0.3046419754827843,0.007972448872506902,0.10764787137289539,0.6239836024270874,0.06583231509934764,0.44067487271269107,0.8350140185736858,1.0,0.0,0.0,0.0,shifted_holdout,20360721,linear_isotropic,1.0
89,0,0,0.4804186093842619,0.01958139061573809,0.36846335237346817,0.3779527559055118,1.0007351672089393,0.11279052001818152,3.037834559042785,0.22526596605829263,0.006072442463083143,0.204639497566253,1.0149706359442199,0.21421273219684261,0.42548863895743566,1.735989976036108,1.0,0.0,0.0,0.0,shifted_holdout,20360721,linear_isotropic,1.0
90,0,0,0.4728073710685061,0.027192628931493854,0.30012827350014426,0.3228346456692913,0.5476892538170695,0.06893237508488607,1.5122623100948869,0.2457953187074584,0.012572230205376263,0.23750482568209408,0.5405957354845043,0.13324953843155218,0.13692231345426736,1.0066902385093872,1.0,0.0,0.0,0.0,shifted_holdout,20360721,linear_isotropic,1.0
91,1,1,0.5822294966147573,0.08222949661475734,0.25190436463857335,0.2677165354330709,0.9536551397462552,0.13057636533561962,2.9703202299187907,0.20731004392615687,0.007879556057346682,0.1874912191639418,0.9715981429949807,0.17318433517327117,0.45249831516756506,1.5261333249145075,1.0,0.0,0.0,1.0,shifted_holdout,20360721,linear_isotropic,1.0
92,0,0,0.48769666838186687,0.012303331618133106,0.5345598478548638,0.562992125984252,0.6392310958186649,0.06273761954269279,1.757826514822114,0.19213433591622653,0.0075750046034570515,0.16602147892195857,0.638944851501218,0.10958851443845376,0.3345645031961079,0.994995930696953,1.0,0.0,0.0,0.0,shifted_holdout,20360721,linear_isotropic,1.0
93,1,1,0.5067392175532548,0.006739217553254753,0.3070202968763493,0.3228346456692913,1.1742342720185521,0.1335241776970559,2.432839861330561,0.28847314420923464,0.0074109494661578745,0.2030488644594166,1.16907967116323,0.23795134043805272,0.4610355331204726,1.8492053182924502,1.0,0.0,0.0,1.0,shifted_holdout,20360721,linear_isotropic,1.0
94,0,0,0.45876264684611884,0.04123735315388116,0.3317748524924886,0.35039370078740156,0.8512550472280015,0.178429878174744,2.027038131826203,0.15405323032313556,0.013949182141352415,0.1260364453678647,0.8475402447698869,0.10402320809653805,0.5302076761670071,1.1131837865863092,1.0,0.0,0.0,0.0,shifted_holdout,20360721,linear_isotropic,1.0
95,0,0,0.4706366478107593,0.029363352189240695,0.4569524649808042,0.468503937007874,1.0429306399507365,0.06440341701557845,2.5452607191309973,0.27235786522774585,0.010711749475698685,0.17594340546313186,1.0371738302409428,0.1841556336511862,0.49876891064248663,1.5354056850599789,1.0,0.0,0.0,0.0,shifted_holdout,20360721,linear_isotropic,1.0
96,1,1,0.5654893170714542,0.06548931707145425,0.25908500484370717,0.2677165354330709,0.5817165146548214,0.22705088719943448,2.023151992200192,0.29641070127442415,0.010484048342736132,0.13032857552841293,0.5802129943070543,0.07637534361833864,0.3067338720338131,0.7894987665071381,1.0,0.0,0.0,1.0,shifted_holdout,20360721,linear_isotropic,1.0
97,1,1,0.5358951832545633,0.0358951832545633,0.5438316712640703,0.562992125984252,1.240539341899331,0.20353839986563407,1.501931953590702,0.14108743349226252,0.011824033057531961,0.10469625041045141,1.2380291554959506,0.12937334630450353,0.8383825121382474,1.6916544457984284,1.0,0.0,0.0,1.0,shifted_holdout,20360721,linear_isotropic,1.0
98,1,1,0.5380493857106984,0.03804938571069836,0.5775407984888474,0.594488188976378,1.1882894759583102,0.13351520122390662,1.613252966486096,0.2414339144975961,0.013337431383156984,0.23269478250095846,1.1799982251852135,0.267958203107427,0.29707236898957756,1.8680516714952575,1.0,0.0,0.0,1.0,shifted_holdout,20360721,linear_isotropic,1.0
99,1,1,0.5378402806924291,0.037840280692429014,0.33306182047052774,0.35039370078740156,1.0432378383067755,0.25707935182595787,2.697307118913856,0.19066443361482405,0.012362358252451796,0.15518504666739458,1.0433010117184751,0.15685940038791055,0.5995112237416855,1.5509366140152336,1.0,0.0,0.0,1.0,shifted_holdout,20360721,linear_isotropic,1.0
100,0,1,0.47896365231134447,0.02103634768865554,0.34368231716150116,0.35039370078740156,1.0638025901787758,0.059071178723450066,2.4207885238640463,0.2261561131622016,0.009917439565313341,0.24845874327504586,1.0856467030606318,0.26288182923622366,0.26595064754469394,1.9099400326300617,1.0,0.0,0.0,1.0,shifted_holdout,20360721,linear_isotropic,1.0
101,1,1,0.6690691339447019,0.16906913394470194,0.5831718718970206,0.594488188976378,0.5946555596399891,0.04738338904708479,2.8990457465077304,0.23980261433272215,0.009325634258887553,0.12150665823487633,0.5931924063844743,0.07304860235771761,0.3596692286962097,0.8173093211029054,1.0,0.0,0.0,1.0,shifted_holdout,20360721,linear_isotropic,1.0
102,0,1,0.4767021860508084,0.02329781394919164,0.47466852291531814,0.5,0.7059785266428957,0.2245817357926564,1.3561527919240228,0.24964274577930914,0.007618306331153114,0.2267551574972273,0.6960733080908187,0.16476211750022368,0.2329421006184878,1.194580984595533,1.0,0.0,0.0,1.0,shifted_holdout,20360721,linear_isotropic,1.0
103,0,0,0.49122380077940037,0.008776199220599612,0.45648024629479167,0.468503937007874,0.5928127537119554,0.21138760193732037,2.6691151294520097,0.2078825592742213,0.005625681472605204,0.12626224556033394,0.5900497083945505,0.0752191083995608,0.3722419061104266,0.8433935187363115,1.0,0.0,0.0,0.0,shifted_holdout,20360721,linear_isotropic,1.0
104,0,0,0.4580233578789668,0.04197664212103319,0.2939758520410698,0.2952755905511811,0.9713688385875578,0.2584212321860304,2.212798237350693,0.33193730424753665,0.007566063181894591,0.12036315922278765,0.9658165394030993,0.11681158907610792,0.49341647947827777,1.3036524792434478,1.0,0.0,0.0,0.0,shifted_holdout,20360721,linear_isotropic,1.0
105,1,1,0.5078453118187966,0.007845311818796575,0.2246639042390951,0.24015748031496062,1.0024728126069593,0.2696812774668063,2.6429962807751393,0.2698387214557773,0.005162266223285765,0.20655031412720257,0.9887087468008604,0.21455640118754085,0.32790563158508235,1.5215203392507908,1.0,0.0,0.0,1.0,shifted_holdout,20360721,linear_isotropic,1.0
106,0,0,0.474529836752268,0.025470163247731995,0.30320753248097937,0.3228346456692913,1.121325671265847,0.24058670349965425,3.173621671077016,0.13937428613860284,0.011049249091463143,0.13990643439428774,1.1192603984157703,0.1551429756769653,0.6573962209602323,1.5335577458099834,1.0,0.0,0.0,0.0,shifted_holdout,20360721,linear_isotropic,1.0
107,1,1,0.7367727850524753,0.23677278505247537,0.5468423306716477,0.562992125984252,1.2428551628883469,0.2298910529367481,2.761041520974536,0.33789949892769594,0.005565197117919385,0.12936822976240372,1.2426010499128317,0.1658208788286592,0.7239852370531055,1.6906873048123967,1.0,0.0,0.0,1.0,shifted_holdout,20360721,linear_isotropic,1.0
108,1,1,0.5446800123612463,0.04468001236124636,0.5343319288602719,0.562992125984252,0.9925930097987231,0.24427540294783637,3.079419539334736,0.31802586113645964,0.005241289337668965,0.24055737425949422,0.9783284307957825,0.23290269237930214,0.24814825244968078,1.696896282486196,1.0,0.0,0.0,1.0,shifted_holdout,20360721,linear_isotropic,1.0
109,1,1,0.5583332058766325,0.058333205876632474,0.5511972345507824,0.562992125984252,0.8823305590148343,0.1547885462088879,1.9789948422908177,0.25708099464213696,0.011853939009206489,0.13056936808504754,0.8850286148317154,0.11998947814750589,0.4996526882109305,1.216401838021409,1.0,0.0,0.0,1.0,shifted_holdout,20360721,linear_isotropic,1.0
110,0,1,0.4957141372328768,0.004285862767123213,0.4974272538991862,0.5,0.512448581605261,0.0673300951950496,2.9669325073084556,0.24467739726939675,0.010404482259430605,0.19228142529602388,0.5102224317889024,0.09525741378702,0.19544343657257227,0.7905173134265533,1.0,0.0,0.0,1.0,shifted_holdout,20360721,linear_isotropic,1.0
111,0,0,0.33751487364733557,0.1624851263526644,0.452579922061801,0.468503937007874,1.1627900551957964,0.2011488177844012,2.527787435254214,0.14621002588763143,0.011704363143550726,0.15686760784213621,1.1795360856724273,0.17667389015959634,0.7170287645541845,1.7946110018825565,1.0,0.0,0.0,0.0,shifted_holdout,20360721,linear_isotropic,1.0
112,0,0,0.49108262135500325,0.00891737864499677,0.43545562400746285,0.43700787401574803,0.8541259667846244,0.19025026815484683,1.5233605500527376,0.21373297577458883,0.013608192384780756,0.16091205700460368,0.8552222523688092,0.13987044303857674,0.442876698495974,1.2715998813612117,1.0,0.0,0.0,0.0,shifted_holdout,20360721,linear_isotropic,1.0
113,1,1,0.5201229333222596,0.020122933322259538,0.5102801875714912,0.531496062992126,1.0329592058880146,0.27786153800703844,1.9814276980425494,0.292015462634151,0.009638848466793066,0.1343598573777728,1.0365381402602942,0.14109503507302779,0.6018172729891353,1.4841996648803584,1.0,0.0,0.0,1.0,shifted_holdout,20360721,linear_isotropic,1.0
114,0,0,0.34266894611358517,0.15733105388641483,0.4631844367100446,0.468503937007874,0.5592755876907022,0.128095413710562,2.101249430812298,0.20565594085736688,0.012937304147588582,0.20337688330394943,0.5545009329419398,0.11229786625593138,0.2516914350985909,0.8750067912521954,1.0,0.0,0.0,0.0,shifted_holdout,20360721,linear_isotropic,1.0
115,0,0,0.47881660617042027,0.021183393829579743,0.3705885886876159,0.3779527559055118,1.21699352306942,0.050163096449220713,2.914425075119775,0.21613291102976784,0.004344513252126231,0.21755122473238991,1.2473248148274039,0.26229784234580855,0.3576808674843945,2.231036983241005,1.0,0.0,0.0,0.0,shifted_holdout,20360721,linear_isotropic,1.0
116,0,0,0.20384806649230952,0.2961519335076905,0.4751085182769246,0.5,0.7740679729686386,0.19724567811825205,1.3087987265839922,0.2737069513799948,0.0072437475685560165,0.13248164298617868,0.778835924890774,0.10024525742791868,0.5301388201077326,1.0716151664265072,1.0,0.0,0.0,0.0,shifted_holdout,20360721,linear_isotropic,1.0
117,1,0,0.512939535765027,0.012939535765027009,0.5776113111680856,0.594488188976378,0.9610724607042049,0.15372521951972884,1.8492792358304495,0.32210962631983786,0.006111540399804813,0.19182519382457636,0.9602401042509114,0.1768227108996842,0.44459291304203286,1.492616094423305,1.0,0.0,0.0,0.0,shifted_holdout,20360721,linear_isotropic,1.0
118,0,0,0.4920006243017161,0.00799937569828391,0.35969484121539214,0.3779527559055118,1.2287853114606047,0.18178907585412782,1.6522816697340432,0.23303422504206173,0.013617910682125816,0.12092675840135421,1.2304786357047386,0.14673128375820588,0.8209966281496942,1.8296367446455386,1.0,0.0,0.0,0.0,shifted_holdout,20360721,linear_isotropic,1.0
119,1,1,0.6364640916622984,0.13646409166229842,0.5562026364762579,0.562992125984252,1.226255617011475,0.16279441907033929,3.1961238588476664,0.136115991111886,0.00603878712757268,0.25502081395920695,1.2095768283280428,0.31553293997383747,0.3065639042528687,2.1099550112983887,1.0,0.0,0.0,1.0,shifted_holdout,20360721,linear_isotropic,1.0
120,1,0,0.5289579196466823,0.028957919646682227,0.3868945833171065,0.40551181102362205,0.9951168638085138,0.2631700598579013,2.5043519534621406,0.15373503992937756,0.005920611015388628,0.23328324523974867,0.9906113067316477,0.22111832443297919,0.3312114117906402,1.6223235413133636,1.0,0.0,0.0,0.0,shifted_holdout,20360721,linear_isotropic,1.0
121,0,0,0.24831616810418017,0.25168383189581983,0.4695127834638386,0.5,0.8832600450545868,0.26936894116479937,3.109917190080796,0.25277209855131244,0.010729147692952638,0.10641857182730695,0.8831212612514314,0.09044928543889827,0.6332572669571537,1.1385950252423236,1.0,0.0,0.0,0.0,shifted_holdout,20360721,linear_isotropic,1.0
122,1,1,0.5618726440764101,0.06187264407641009,0.5609554848270846,0.562992125984252,0.8604896423281123,0.16384834716067903,3.1450767507536153,0.12790625181980358,0.008476830647232082,0.1732581442438354,0.8609756237020212,0.14902610827676524,0.3829178900671454,1.309534944050058,1.0,0.0,0.0,1.0,shifted_holdout,20360721,linear_isotropic,1.0
123,1,1,0.5942861202254477,0.09428612022544766,0.2647530433432705,0.2677165354330709,0.632901242439388,0.08335841364338545,2.000658993002359,0.12442640077669041,0.004761640120142725,0.2012780250216675,0.6431297197932144,0.12983412593159135,0.25042772162514393,0.9681236149133023,1.0,0.0,0.0,1.0,shifted_holdout,20360721,linear_isotropic,1.0
124,0,1,0.4883511532216963,0.011648846778303709,0.27186836013239124,0.2952755905511811,1.189685408279419,0.12603709281685493,3.1071455966262302,0.2671247626112123,0.012315897701085737,0.24903516380624724,1.198495132426425,0.28804126276893105,0.4364839491334554,2.0665658991070686,1.0,0.0,0.0,1.0,shifted_holdout,20360721,linear_isotropic,1.0
125,1,0,0.5283402775654213,0.028340277565421297,0.5560012723929062,0.562992125984252,0.6500589991317784,0.04926018808420839,2.4715144950753887,0.20005310128756087,0.007953868079067575,0.20226699095854112,0.6497739467552062,0.12888335996010045,0.3020939378473244,1.0354516591468355,1.0,0.0,0.0,0.0,shifted_holdout,20360721,linear_isotropic,1.0
126,1,1,0.5331216501669407,0.033121650166940714,0.31246326868026575,0.3228346456692913,1.0874439790079498,0.17404359546587425,1.5061901785634288,0.22625171872236693,0.006027824491743206,0.23261065566149344,1.0804181550994891,0.25496541443523973,0.27186099475198744,1.8549539019499641,1.0,0.0,0.0,1.0,shifted_holdout,20360721,linear_isotropic,1.0
127,0,0,0.2994852819959289,0.2005147180040711,0.43510284910311026,0.43700787401574803,0.5154330967111473,0.1056754785614934,2.273157658906677,0.18861603884517356,0.005977365084105684,0.15695359738072542,0.5161794090702679,0.07911536073992634,0.30181780815578224,0.7186175205724786,1.0,0.0,0.0,0.0,shifted_holdout,20360721,linear_isotropic,1.0
128,0,0,0.2437781166954558,0.2562218833045442,0.3074088840604494,0.3228346456692913,0.9017156773598216,0.15474518893601677,1.848380714009025,0.22252420923035643,0.008505444056020533,0.12537395582321448,0.8949137179224615,0.10897200481797349,0.5659401004965047,1.2143429667714711,1.0,0.0,0.0,0.0,shifted_holdout,20360721,linear_isotropic,1.0
129,0,0,0.495530828546611,0.004469171453388977,0.5879440476109441,0.594488188976378,0.5019178402141712,0.14076061398036832,2.2295522679830033,0.3375311757406,0.012659216554017503,0.15177837794398977,0.5003006800455624,0.07757809447546447,0.2762678209594843,0.7700760204610382,1.0,0.0,0.0,0.0,shifted_holdout,20360721,linear_isotropic,1.0
130,0,0,0.24679158427186054,0.25320841572813946,0.4934857066967082,0.5,0.910114362496633,0.1569983336412989,3.126974603842293,0.1319426910191705,0.007964980556627687,0.14033615532597693,0.8969012818810138,0.13035485218591536,0.4816951421724526,1.273249210517389,1.0,0.0,0.0,0.0,shifted_holdout,20360721,linear_isotropic,1.0
131,1,1,0.5150079850555841,0.015007985055584146,0.3637930301304638,0.3779527559055118,0.6849625124563841,0.2508893107819314,1.5165262192337905,0.3149614250930267,0.009677860166652064,0.1270799910604683,0.6864563933660662,0.08940924917973542,0.3815006876033791,0.9382689043734814,1.0,0.0,0.0,1.0,shifted_holdout,20360721,linear_isotropic,1.0
132,0,0,0.3233800972523644,0.17661990274763564,0.45920114571487974,0.468503937007874,1.1422561368177258,0.05295571542517143,2.6667067229660066,0.3398078506319914,0.011967200525885666,0.25517718636810494,1.136580831155613,0.2876394457450827,0.4241344281612865,2.0577058042969627,1.0,0.0,0.0,0.0,shifted_holdout,20360721,linear_isotropic,1.0
133,1,1,0.5204548619772069,0.020454861977206956,0.4749271383525231,0.5,0.7835015106828617,0.08053315807744846,2.186556111364787,0.2158053915336885,0.01070918282481749,0.13216682438360222,0.7747877742655176,0.1058587790084058,0.43231657497392756,1.0786342322923026,1.0,0.0,0.0,1.0,shifted_holdout,20360721,linear_isotropic,1.0
134,0,0,0.4435303880693931,0.05646961193060692,0.5535296797679674,0.562992125984252,0.858423280234853,0.21247458141910835,2.214366800716082,0.20908461574263265,0.013637861450818883,0.16932191832697815,0.8622523922570395,0.1382086582149974,0.3985596008994799,1.2876649790534604,1.0,0.0,0.0,0.0,shifted_holdout,20360721,linear_isotropic,1.0
135,0,0,0.4395810888555392,0.06041891114446081,0.4430038603858718,0.468503937007874,1.0468664379153767,0.13179771607907298,2.0486272282827076,0.14166107182189933,0.006169481613936583,0.24809804099515398,1.0504474284630503,0.2682137440892364,0.34374154649199773,1.872665018479527,1.0,0.0,0.0,0.0,shifted_holdout,20360721,linear_isotropic,1.0
136,1,1,0.5244323849818756,0.02443238498187561,0.40308545719688327,0.40551181102362205,0.8371254040062008,0.15027038499093284,2.220143650699638,0.1607431147800848,0.013721978339055632,0.1716241555878705,0.825174607932078,0.14456143664122373,0.393901671125825,1.3117479134397048,1.0,0.0,0.0,1.0,shifted_holdout,20360721,linear_isotropic,1.0
137,0,0,0.4938010911732177,0.0061989088267823105,0.22334792847077287,0.24015748031496062,0.8627791268239282,0.2468071373752967,2.1314589999957128,0.26651417692451307,0.008606050204048454,0.10776695117350554,0.8610917082635396,0.10138265830422254,0.5673571398106256,1.1749509938891693,1.0,0.0,0.0,0.0,shifted_holdout,20360721,linear_isotropic,1.0
138,0,0,0.4122609996939459,0.08773900030605407,0.28848205936813875,0.2952755905511811,0.5453071427463302,0.10451166736929521,1.8713767950176579,0.2072557310857992,0.012379309454974266,0.10084534155947147,0.5460975569162583,0.0544221667388362,0.37409633163385014,0.6851591522060932,1.0,0.0,0.0,0.0,shifted_holdout,20360721,linear_isotropic,1.0
139,1,1,0.5296543159929727,0.029654315992972795,0.4931020385364949,0.5,0.7600447813130835,0.05858825130980137,2.9256153233708604,0.297305746480613,0.010600846903820885,0.18497104008927778,0.7482642093029533,0.14249080186081817,0.2971506335139506,1.1176310428739604,1.0,0.0,0.0,1.0,shifted_holdout,20360721,linear_isotropic,1.0
140,0,0,0.4749005830774143,0.025099416922585722,0.4209988157130421,0.43700787401574803,1.1710992027559306,0.2301434427038723,3.008929091267237,0.3286699676055005,0.007824085829512842,0.19992177176839687,1.1756821365924428,0.2460012629228004,0.4477325773232511,1.977282552839794,1.0,0.0,0.0,0.0,shifted_holdout,20360721,linear_isotropic,1.0
141,1,0,0.5122869577740513,0.012286957774051269,0.3215831778323671,0.3228346456692913,1.1095921009747303,0.06818641634347766,3.0821011230631683,0.1831155814207019,0.004623338349588567,0.1808890349029198,1.1070967064271584,0.19531366079825657,0.6050507698171529,1.8616744300539976,1.0,0.0,0.0,0.0,shifted_holdout,20360721,linear_isotropic,1.0
142,1,0,0.5628483220567828,0.06284832205678283,0.5095080290650944,0.531496062992126,1.0229755484229175,0.05634170582576684,1.487452321061281,0.32520607588188155,0.007363965015340838,0.2065648506144863,1.0094828323080298,0.20948040488891723,0.4037390045107362,1.687935895753147,1.0,0.0,0.0,0.0,shifted_holdout,20360721,linear_isotropic,1.0
143,1,1,0.5041880490482651,0.004188049048265043,0.23913595543693883,0.24015748031496062,0.7787816376180006,0.13681924694100925,3.025226605930463,0.23568502875990108,0.00942983465392524,0.25646895159996574,0.7856165052081099,0.2073991289581609,0.2243819482930495,1.3734748358643745,1.0,0.0,0.0,1.0,shifted_holdout,20360721,linear_isotropic,1.0
144,0,1,0.49245202763310725,0.007547972366892769,0.27317762229675147,0.2952755905511811,0.9145770644194724,0.16034016185445957,1.6000290696244845,0.2607153124988222,0.0080605733122265,0.22177798892750827,0.916648964524983,0.19397461286183773,0.30374100837913665,1.447464466932533,1.0,0.0,0.0,1.0,shifted_holdout,20360721,linear_isotropic,1.0
145,0,0,0.3444282114672712,0.15557178853272877,0.4021626017158715,0.40551181102362205,0.9962998124573793,0.13985040386391479,2.7959869443177845,0.3010774725403569,0.011447431312272783,0.17800879549835508,1.0067037375044,0.17168847064920553,0.24907495311434483,1.5447747501530722,1.0,0.0,0.0,0.0,shifted_holdout,20360721,linear_isotropic,1.0
146,0,0,0.38503339573720075,0.11496660426279924,0.3311201430139119,0.35039370078740156,1.0231145256650578,0.23248355520947672,1.6654935480907562,0.25276725628859087,0.01126596636874308,0.10226948915449206,1.0232964680873355,0.10586141335265897,0.74068460683192,1.3377645663509588,1.0,0.0,0.0,0.0,shifted_holdout,20360721,linear_isotropic,1.0
147,1,1,0.6498380163808901,0.1498380163808901,0.5006416852191066,0.5,0.915167768387898,0.1408923902172958,2.0820856746023475,0.27017664925266494,0.006997581860963647,0.24050232060602378,0.9161495144592376,0.22064640422638507,0.2287919420969745,1.6316701018762898,1.0,0.0,0.0,1.0,shifted_holdout,20360721,linear_isotropic,1.0
148,0,0,0.27932663375382283,0.22067336624617717,0.5109503023563168,0.531496062992126,0.5808948406516569,0.16020284247474698,1.8452380404160043,0.181778846589134,0.01211748116966959,0.2132662170224755,0.5790126722853366,0.13027120899533665,0.23105487496836102,0.961441325765489,1.0,0.0,0.0,0.0,shifted_holdout,20360721,linear_isotropic,1.0
149,1,1,0.5053376507665528,0.005337650766552831,0.5293662687389242,0.531496062992126,1.010102737224073,0.2769636618178967,3.1843022562238685,0.23592766565992696,0.01213452551807883,0.24525799631242834,1.015735820338867,0.2476367655987785,0.3243504146950965,1.7551660592807625,1.0,0.0,0.0,1.0,shifted_holdout,20360721,linear_isotropic,1.0
150,0,0,0.4484707419413896,0.05152925805861043,0.24421609802087263,0.2677165354330709,0.8399793639518132,0.263217222540309,3.072796465811371,0.23896237457220834,0.013604687697864873,0.2054294292982831,0.849348839703906,0.17694407306703683,0.2950923818121058,1.355027789771239,1.0,0.0,0.0,0.0,shifted_holdout,20360721,linear_isotropic,1.0
151,0,1,0.4513756266629044,0.04862437333709563,0.3157297311051416,0.3228346456692913,1.0095409478225041,0.14637982109418435,1.6152012306484917,0.17593811997522968,0.009628505556142423,0.2163799696014903,1.0043464066096655,0.22586775132670278,0.25238523695562604,1.6608494943383525,1.0,0.0,0.0,1.0,shifted_holdout,20360721,linear_isotropic,1.0
152,1,1,0.5086786148574557,0.00867861485745565,0.5223860775667343,0.531496062992126,0.6160711098774212,0.16297264499577946,2.7743649870509657,0.1372186649296861,0.010726980803941806,0.1443433549445036,0.6157510265133432,0.08966271964956998,0.3598425691286659,0.8752919890053981,1.0,0.0,0.0,1.0,shifted_holdout,20360721,linear_isotropic,1.0
153,0,0,0.4690987906748487,0.030901209325151297,0.24785571452599764,0.2677165354330709,0.795753763304322,0.07496197216965704,2.618898856201426,0.17756677064551254,0.007285543336896103,0.15118554930159014,0.7974201608450058,0.12285368929524518,0.455963272105611,1.1822840699025121,1.0,0.0,0.0,0.0,shifted_holdout,20360721,linear_isotropic,1.0
154,1,1,0.7515155273095738,0.2515155273095738,0.2661166251937959,0.2677165354330709,0.5731781657145005,0.06322049761964059,2.9528824510479197,0.2230931263136275,0.013548279119014557,0.25021210686490114,0.5743515190831947,0.139289819681322,0.14329454142862513,0.962001769515054,1.0,0.0,0.0,1.0,shifted_holdout,20360721,linear_isotropic,1.0
155,0,0,0.24319980286804171,0.2568001971319583,0.49285118725507115,0.5,1.2170220642637752,0.14646184054287736,2.3358005683004994,0.2960019761647549,0.013602904482513872,0.22950802287723265,1.224449603096517,0.2767431752914812,0.3042555160659438,1.9594888785202862,1.0,0.0,0.0,0.0,shifted_holdout,20360721,linear_isotropic,1.0
156,0,0,0.441326206905137,0.05867379309486296,0.35815919702596183,0.3779527559055118,0.8722512973534755,0.09822614885367685,2.601129491369196,0.2690090906345861,0.007056588867799139,0.2082749194914545,0.8692301635150167,0.1838050105959022,0.3418342136648011,1.5588156936029365,1.0,0.0,0.0,0.0,shifted_holdout,20360721,linear_isotropic,1.0
157,0,0,0.4689742764063539,0.0310257235936461,0.3424719717371484,0.35039370078740156,0.7471885678288157,0.20344853935978308,2.138399203708526,0.17642959216202897,0.007453813318937207,0.17489908461782194,0.7384532203944398,0.1262980160448635,0.35571781667977304,1.1248244513923107,1.0,0.0,0.0,0.0,shifted_holdout,20360721,linear_isotropic,1.0
158,0,0,0.43425221511722,0.06574778488277996,0.3262602412953984,0.35039370078740156,0.6781869973496224,0.2421886651903326,1.882074186528191,0.19420151518035444,0.00927296847216493,0.22402798968394888,0.6653905733005905,0.15423204832110293,0.20131375828232084,1.119304505049979,1.0,0.0,0.0,0.0,shifted_holdout,20360721,linear_isotropic,1.0
159,1,1,0.7397913887349916,0.23979138873499165,0.4532090097175243,0.468503937007874,0.6176713150121779,0.2759803776551546,1.4272826180316311,0.2821995427538011,0.00973687735592329,0.2537321386530105,0.6164300797215241,0.16297292166625374,0.20409983971259454,1.2257250183675952,1.0,0.0,0.0,1.0,shifted_holdout,20360721,linear_isotropic,1.0
0,0,0,0.4876989600263338,0.012301039973666194,0.5358697431956682,0.562992125984252,1.0493602379675395,0.11710322427494568,1.6330755186641641,0.19566926881620847,0.00991448841579158,0.20083184066079424,1.0341630656210887,0.21239933902903363,0.37039330811673776,1.6858166278248305,1.0,0.0,0.0,0.0,nonlinear_correction,20360721,nonlinear_correction,1.0
1,0,0,0.4205447994444914,0.07945520055550857,0.36440787756217086,0.3779527559055118,0.9367673031593826,0.11693960678436799,1.703037171062399,0.3388924183444567,0.007660688477492543,0.10063308324756494,0.9396239653257498,0.09755173211648242,0.6104334904135823,1.1939352653434843,1.0,0.0,0.0,0.0,nonlinear_correction,20360721,nonlinear_correction,1.0
2,1,1,0.5061414496372072,0.006141449637207172,0.5950811334007232,0.594488188976378,0.7452458058944059,0.05422432782053643,1.4923602641368663,0.32144646947347677,0.006644757703840825,0.24820555894072552,0.7484784385077872,0.19312300030979945,0.18631145147360148,1.4292174384648004,1.0,0.0,0.0,1.0,nonlinear_correction,20360721,nonlinear_correction,1.0
3,1,1,0.6924560590910476,0.19245605909104757,0.35495740331532144,0.3779527559055118,1.1717160893783207,0.25662460505369017,1.8888575324970427,0.2324854797173064,0.008728684108449066,0.17582602896552607,1.1718282815842844,0.20752071927198135,0.4308815838192099,1.775896212182726,1.0,0.0,0.0,1.0,nonlinear_correction,20360721,nonlinear_correction,1.0
4,1,1,0.5708624699731402,0.07086246997314015,0.4169411860758176,0.43700787401574803,1.1392457991434484,0.15274078764294624,1.7025541463015383,0.27382937367202165,0.004792076948166336,0.10453499525683893,1.1362207827999489,0.11945404889216897,0.7616191634266425,1.531003167273847,1.0,0.0,0.0,1.0,nonlinear_correction,20360721,nonlinear_correction,1.0
5,1,1,0.53833447688398,0.0383344768839799,0.5393413428342307,0.562992125984252,1.038432934722766,0.19068838396199514,1.4805399234093088,0.3024698607637878,0.010039166282408859,0.1773116324460906,1.0509185082386212,0.18464671646179964,0.4730508741938004,1.5861971010812312,1.0,0.0,0.0,1.0,nonlinear_correction,20360721,nonlinear_correction,1.0
6,0,0,0.33789291208851546,0.16210708791148457,0.5772983096596905,0.594488188976378,0.6739653675450559,0.18208032070237798,1.902389616002326,0.2396196258351808,0.00696898962090063,0.16587086792611688,0.6767815894844816,0.11186917740463202,0.3813395189854623,1.0775805996267518,1.0,0.0,0.0,0.0,nonlinear_correction,20360721,nonlinear_correction,1.0
7,0,0,0.41885686683241796,0.08114313316758205,0.38451715020749266,0.40551181102362205,1.1451449428495046,0.1891710154057308,2.0764191172334177,0.24819964554771562,0.012124081486116987,0.20658393242899425,1.128655880881054,0.23492948142936806,0.37284217724197793,1.836569380023215,1.0,0.0,0.0,0.0,nonlinear_correction,20360721,nonlinear_correction,1.0
8,1,1,0.7271837997796206,0.22718379977962058,0.2642458717194094,0.2677165354330709,1.12991814470697,0.26287182051294716,1.9399011275870008,0.23270554704322155,0.012222568305278722,0.23236544086240557,1.1339221194859677,0.27652249794421724,0.34193399423425397,1.981479605429228,1.0,0.0,0.0,1.0,nonlinear_correction,20360721,nonlinear_correction,1.0
9,1,1,0.6389371987063049,0.13893719870630494,0.5795935585961692,0.594488188976378,0.9856868724130264,0.1094575164172065,2.204853101292923,0.1201599091931449,0.011944063123474756,0.2557557352642851,0.9927740740776066,0.25014324863704235,0.2464217181032566,1.7875356200764385,1.0,0.0,0.0,1.0,nonlinear_correction,20360721,nonlinear_correction,1.0
10,1,1,0.512326345439454,0.01232634543945404,0.5167923737702621,0.531496062992126,1.1970314096269095,0.13744144013657036,2.6327902032434003,0.1713893372024301,0.005607496176637538,0.17070498778644774,1.201099540454659,0.20361165428919012,0.6842973618758191,1.8454855064604243,1.0,0.0,0.0,1.0,nonlinear_correction,20360721,nonlinear_correction,1.0
11,0,0,0.42533290522126915,0.07466709477873085,0.4516381220041529,0.468503937007874,0.9105452041853289,0.11705781967516962,2.5700668882174575,0.2740376544445672,0.01286047785933484,0.1839907614964587,0.9023836970120426,0.16506450749467108,0.3408024601823798,1.352068042792209,1.0,0.0,0.0,0.0,nonlinear_correction,20360721,nonlinear_correction,1.0
12,0,0,0.3140938503825125,0.1859061496174875,0.41379121750240283,0.43700787401574803,1.0040092736199395,0.10994968844126063,1.8484712306133937,0.33358367254935617,0.011924053491706353,0.21325376641176697,1.0033118155052434,0.22152896727599586,0.3851341419352836,1.6226983814211886,1.0,0.0,0.0,0.0,nonlinear_correction,20360721,nonlinear_correction,1.0
13,1,1,0.7354179946710866,0.23541799467108665,0.5572134376106046,0.562992125984252,1.1373861515972052,0.26702936246943826,1.3445969186682616,0.193623032343255,0.008195610995787573,0.23179611400073538,1.1342354237305783,0.27016825776738373,0.2843465378993013,1.9410620930529288,1.0,0.0,0.0,1.0,nonlinear_correction,20360721,nonlinear_correction,1.0
14,1,1,0.5045132483113997,0.004513248311399663,0.5619023956401994,0.562992125984252,0.7771497785320289,0.2618222371405107,2.778033899383619,0.3398352525587256,0.013280277270866588,0.1398202101274591,0.7783522728350107,0.11138914981651435,0.44134018503741873,1.1530890602510693,1.0,0.0,0.0,1.0,nonlinear_correction,20360721,nonlinear_correction,1.0
15,1,1,0.707384413759469,0.20738441375946903,0.4655681804677214,0.468503937007874,0.5087745180242287,0.18386518125701168,1.5005078406554286,0.3190400691727606,0.007020138219482535,0.2480898851886528,0.5048698502071438,0.1271229345592285,0.12719362950605717,0.8810810115630133,1.0,0.0,0.0,1.0,nonlinear_correction,20360721,nonlinear_correction,1.0
16,1,1,0.5628161723367774,0.06281617233677737,0.45243815903105156,0.468503937007874,1.0943416741993994,0.16650276593497657,1.8409558273837219,0.28289215895965825,0.011441982050858796,0.11269684006366895,1.0951644786696637,0.12476668375147418,0.7006423127517025,1.479847956196706,1.0,0.0,0.0,1.0,nonlinear_correction,20360721,nonlinear_correction,1.0
17,1,1,0.5041082461233882,0.00410824612338822,0.28438926653927743,0.2952755905511811,0.740357222431465,0.042600285117012436,1.3423988507795226,0.28606394253855605,0.007345466333873249,0.17021549782233447,0.7531337585488732,0.12010190407736593,0.3444616041188223,1.1616861981384836,1.0,0.0,0.0,1.0,nonlinear_correction,20360721,nonlinear_correction,1.0
18,1,1,0.5089220548197714,0.00892205481977142,0.30155224414758014,0.3228346456692913,1.163913114963229,0.05747237949048024,1.6361027021167105,0.204011951832672,0.006443624190728685,0.1420242039783701,1.1710062256333313,0.15813673689392616,0.7080416468774734,1.6960336750272365,1.0,0.0,0.0,1.0,nonlinear_correction,20360721,nonlinear_correction,1.0
19,1,1,0.6736706578906525,0.17367065789065253,0.5691942878820564,0.594488188976378,0.5760420365327489,0.199771927220696,2.725876637192701,0.22468066505771395,0.010122399908484379,0.18837074193302913,0.5757534272806683,0.10733114541020645,0.24302855568329965,0.872269936280195,1.0,0.0,0.0,1.0,nonlinear_correction,20360721,nonlinear_correction,1.0
20,1,0,0.50772246977196,0.007722469771959988,0.30061372288269755,0.3228346456692913,0.7773903284770216,0.27229505189351916,2.500288993171028,0.3036825861702107,0.007913455190798804,0.206882211663419,0.7709250713028185,0.17506796156909818,0.2638032448467966,1.2342969566837285,1.0,0.0,0.0,0.0,nonlinear_correction,20360721,nonlinear_correction,1.0
21,1,1,0.5046318538556834,0.004631853855683443,0.5854733704398281,0.594488188976378,0.5176818997698215,0.15009292691183507,2.29486283157137,0.16141945742283909,0.0047545183372675595,0.25539070924211327,0.5111757030698518,0.12742388765406223,0.15320823950624796,0.9365014383554863,1.0,0.0,0.0,1.0,nonlinear_correction,20360721,nonlinear_correction,1.0
22,0,0,0.39800997192912196,0.10199002807087805,0.2703166940037101,0.2952755905511811,1.2081805434840152,0.2061514879110518,2.6512939776676583,0.15245210003934992,0.006679300918648828,0.2297569980065207,1.1982781108787133,0.27763134941451006,0.3020451358710038,1.884108912953157,1.0,0.0,0.0,0.0,nonlinear_correction,20360721,nonlinear_correction,1.0
23,0,0,0.4896800188696893,0.010319981130310707,0.24361795179706122,0.2677165354330709,0.6141459608471526,0.2058124167996328,1.841209669320073,0.3217907161341026,0.008680979236601511,0.15787524447521273,0.617106023593991,0.1021543094122846,0.2741176291962154,0.8816764440554875,1.0,0.0,0.0,0.0,nonlinear_correction,20360721,nonlinear_correction,1.0
24,1,0,0.5481929060430965,0.048192906043096416,0.26326693916642546,0.2677165354330709,0.6054549351610077,0.17884860454001475,1.999652940278877,0.3344386303417044,0.0056349906704002825,0.16967379284481354,0.6029881351476906,0.10485770301777349,0.3252244106194177,0.9038140902964805,1.0,0.0,0.0,0.0,nonlinear_correction,20360721,nonlinear_correction,1.0
25,1,1,0.5793008282201304,0.07930082822013035,0.3304523154201185,0.35039370078740156,0.8423258065872227,0.20139364892065686,3.173287040879356,0.20830785531550852,0.0054355382902822,0.10951799174668124,0.8422040716768199,0.09227852979080796,0.526121384672984,1.1140073663940204,1.0,0.0,0.0,1.0,nonlinear_correction,20360721,nonlinear_correction,1.0
26,1,1,0.6072231277030291,0.10722312770302907,0.41838524213075357,0.43700787401574803,1.1265705641538328,0.17126143402155194,1.5078970506231724,0.2052936356813811,0.01162854563885668,0.22128412237829545,1.1199189011276869,0.24761677292741618,0.2816426410384582,1.885146949463313,1.0,0.0,0.0,1.0,nonlinear_correction,20360721,nonlinear_correction,1.0
27,1,1,0.7082573501691214,0.2082573501691214,0.27035582460416147,0.2952755905511811,0.9527096451298126,0.17467006886711123,3.0240370746927665,0.32088830074229613,0.006561583070051849,0.1244700365899732,0.9526675150351367,0.11426996430840386,0.6647990670752724,1.330638644239339,1.0,0.0,0.0,1.0,nonlinear_correction,20360721,nonlinear_correction,1.0
28,1,0,0.5195520454692015,0.019552045469201574,0.2434100851366509,0.2677165354330709,0.8434754677308174,0.18527632790724638,1.7160020022779625,0.2587520459779702,0.009288664506112381,0.257940893369881,0.8566126557011647,0.2377807207200963,0.21086886693270435,1.5427347688412287,1.0,0.0,0.0,0.0,nonlinear_correction,20360721,nonlinear_correction,1.0
29,1,0,0.5329540037401932,0.032954003740193236,0.3296123937306315,0.35039370078740156,1.0206542634201643,0.21278229420529196,2.720063567854267,0.27431154834721566,0.010759105790325133,0.11675703623468767,1.0242436674717073,0.12100325650739682,0.6129696668612015,1.4533952232247023,1.0,0.0,0.0,0.0,nonlinear_correction,20360721,nonlinear_correction,1.0
30,0,0,0.43165792568867,0.06834207431133002,0.3771930665589822,0.3779527559055118,0.875133839994556,0.20722769605027344,2.927140177311708,0.33782508074862694,0.005887700501911186,0.24152067868166607,0.870119370558794,0.20964129633152967,0.218783459998639,1.537961373697801,1.0,0.0,0.0,0.0,nonlinear_correction,20360721,nonlinear_correction,1.0
31,0,0,0.3435396121302736,0.15646038786972635,0.25098555634420483,0.2677165354330709,0.6860553492732521,0.05298948545376462,2.5861523448740256,0.24081730827341927,0.00789037687741118,0.15442042436918346,0.6909227683467106,0.11021003666794411,0.3986297488072139,1.0021338364060646,1.0,0.0,0.0,0.0,nonlinear_correction,20360721,nonlinear_correction,1.0
32,0,1,0.49142687309691263,0.008573126903087374,0.263818324482037,0.2677165354330709,0.6179376624592039,0.26798468018077143,1.8748841329635118,0.30550775432311617,0.007271623775830443,0.12810023263050704,0.615819785780156,0.0793259384646221,0.37080137999394724,0.8605344929358119,1.0,0.0,0.0,1.0,nonlinear_correction,20360721,nonlinear_correction,1.0
33,0,0,0.2512426020005783,0.2487573979994217,0.27261857081283625,0.2952755905511811,0.9823308325969397,0.1783388666353472,1.6699282302008256,0.29113945430381294,0.008241331472476552,0.24099819799419606,1.0008231263602083,0.24039693371983212,0.385517687269632,1.7858184733274043,1.0,0.0,0.0,0.0,nonlinear_correction,20360721,nonlinear_correction,1.0
34,0,0,0.3141360015328342,0.18586399846716578,0.5108429050331373,0.531496062992126,0.9890836610839931,0.22425126136788026,3.1545337032233407,0.1570753550337379,0.010398671284758246,0.12353273074159594,0.9939197439081788,0.11872238372966164,0.6423411046772654,1.35233131855297,1.0,0.0,0.0,0.0,nonlinear_correction,20360721,nonlinear_correction,1.0
35,1,0,0.5104775442397992,0.010477544239799134,0.292345246314788,0.2952755905511811,0.5313956970677367,0.2727096779903368,2.9205476191529423,0.31091791166812405,0.010178907631201474,0.2283490123805455,0.5312773667672969,0.12360997170135599,0.170777995132506,0.8707096222955227,1.0,0.0,0.0,0.0,nonlinear_correction,20360721,nonlinear_correction,1.0
36,1,1,0.5127751329930405,0.012775132993040427,0.27368531110177347,0.2952755905511811,0.7608631315356168,0.09117803987547135,2.765324058335814,0.19431722010178562,0.005350991295381119,0.19990891263700233,0.7648853780395104,0.15401670293226896,0.33156136314682644,1.2909758221243683,1.0,0.0,0.0,1.0,nonlinear_correction,20360721,nonlinear_correction,1.0
37,1,1,0.6024821478796563,0.10248214787965625,0.5207650303248225,0.531496062992126,1.1394335307541623,0.040569244081605754,2.1843474592564727,0.20844385567121726,0.007192859969643659,0.22280860763542482,1.139463247537184,0.24699805167072042,0.3078869880287534,1.9943217817785965,1.0,0.0,0.0,1.0,nonlinear_correction,20360721,nonlinear_correction,1.0
38,1,0,0.508925602078252,0.008925602078252014,0.490137281142899,0.5,0.6307865748489896,0.15318221021740627,2.8895761764648413,0.3097107261894114,0.010894746465154544,0.23514396349024722,0.6261169720393289,0.1466716610093929,0.1576966437122474,1.0932085384313386,1.0,0.0,0.0,0.0,nonlinear_correction,20360721,nonlinear_correction,1.0
39,1,1,0.5427138617566508,0.04271386175665085,0.5227214289920767,0.531496062992126,0.6961866844783157,0.22498044834109557,2.5106117381018596,0.17598034995255335,0.0077639047452508925,0.17989460096927112,0.6865750673489475,0.12168910067997532,0.27262457193378475,1.0375505795859845,1.0,0.0,0.0,1.0,nonlinear_correction,20360721,nonlinear_correction,1.0
40,1,0,0.5066440019552766,0.006644001955276575,0.4442988205477122,0.468503937007874,0.8058596806378399,0.09626708410562687,1.5703136939317417,0.24507256682283815,0.012916928927912614,0.16543265461259454,0.8019982318249681,0.13748743951642792,0.40139109254375,1.1712849404036216,1.0,0.0,0.0,0.0,nonlinear_correction,20360721,nonlinear_correction,1.0
41,1,1,0.5517560924768018,0.05175609247680175,0.3740853353700645,0.3779527559055118,1.1849514560354448,0.23582087778752,1.3289547254930516,0.21940832834644328,0.013463778761324022,0.11059680809861942,1.1833850277345328,0.13784263536066133,0.7954161299492415,1.5595303321787193,1.0,0.0,0.0,1.0,nonlinear_correction,20360721,nonlinear_correction,1.0
42,0,1,0.4930700717928142,0.0069299282071857895,0.40776787793057634,0.43700787401574803,0.9788022296322597,0.08452686121774997,1.35046339097782,0.23735347594213954,0.008039399891860432,0.24360711940528595,0.9874298281108678,0.2382389522448126,0.26150867182030224,1.7085703078656203,1.0,0.0,0.0,1.0,nonlinear_correction,20360721,nonlinear_correction,1.0
43,0,0,0.3566806830536847,0.14331931694631528,0.38648119753068744,0.40551181102362205,1.145946750662859,0.16934768928275137,1.857760463397907,0.3334728815260864,0.005133696070925048,0.16344920078712566,1.1474399433989686,0.18975723908302955,0.4852850274020216,1.835383244770222,1.0,0.0,0.0,0.0,nonlinear_correction,20360721,nonlinear_correction,1.0
44,1,0,0.5046237511533478,0.004623751153347747,0.4281732471435872,0.43700787401574803,0.9924337543253889,0.24558049886107863,2.9439222890259718,0.1536514658271988,0.011615446838353978,0.1789785572404991,0.9958528262638486,0.174695993484396,0.5065640104155938,1.5271412665871897,1.0,0.0,0.0,0.0,nonlinear_correction,20360721,nonlinear_correction,1.0
45,1,1,0.504491499660968,0.004491499660967962,0.2384074095858957,0.24015748031496062,0.6323582226263467,0.11519817113680528,2.061598603614846,0.2712337443442801,0.007045054473324123,0.19220623228683084,0.6339403998209481,0.12731224260396948,0.21327664549034825,1.047802718299151,1.0,0.0,0.0,1.0,nonlinear_correction,20360721,nonlinear_correction,1.0
46,0,0,0.48302647336360094,0.016973526636399054,0.2948463115980773,0.2952755905511811,0.5824368663634711,0.25804435891334754,1.9203855919218533,0.2544979175702004,0.008915851617399603,0.22841639183873233,0.575925088627113,0.13206191424762428,0.14560921659086778,0.9776271940851183,1.0,0.0,0.0,0.0,nonlinear_correction,20360721,nonlinear_correction,1.0
47,0,0,0.491393350568476,0.00860664943152399,0.48305219689819334,0.5,1.0924512457726774,0.21417663997209643,2.789882254574896,0.18527001972348534,0.00461680088602558,0.21577210972233593,1.0918125774530618,0.24996055274762458,0.403375331135461,1.8240194768796738,1.0,0.0,0.0,0.0,nonlinear_correction,20360721,nonlinear_correction,1.0
48,0,0,0.46599653134710445,0.03400346865289554,0.4640975248657871,0.468503937007874,0.7359001142649467,0.11854942514407979,2.9017990274823293,0.22791816741916116,0.012296569653561393,0.25007664438817234,0.7372756756879317,0.1853463186168263,0.230255282912636,1.3304229686825586,1.0,0.0,0.0,0.0,nonlinear_correction,20360721,nonlinear_correction,1.0
49,0,0,0.3242954498981777,0.17570455010182232,0.38842473500772845,0.40551181102362205,0.5912444334988718,0.042510940010974316,1.3090372423656713,0.30485540747731443,0.011183342062221685,0.1496300875554251,0.5950658876982841,0.08808210768756267,0.3332304500128369,0.8621602917351173,1.0,0.0,0.0,0.0,nonlinear_correction,20360721,nonlinear_correction,1.0
50,1,1,0.5141721880687004,0.014172188068700303,0.2925349815389395,0.2952755905511811,1.2079091000828623,0.0956400831369164,2.7583431233855817,0.13468576753166045,0.011592794683329202,0.11879112868863806,1.2123372570654027,0.1457106287457617,0.7604935685283982,1.6409061954410569,1.0,0.0,0.0,1.0,nonlinear_correction,20360721,nonlinear_correction,1.0
51,0,0,0.3117005322483252,0.18829946775167478,0.4738180825019983,0.5,0.7324123561099314,0.11229057819682486,2.1029925281026554,0.1380096210608318,0.012780816339359256,0.1376408051235215,0.7367443685329936,0.09721581069842469,0.46103367665083106,1.005143544606158,1.0,0.0,0.0,0.0,nonlinear_correction,20360721,nonlinear_correction,1.0
52,1,0,0.5441921133634208,0.04419211336342075,0.32367791230234205,0.35039370078740156,0.9172267936010263,0.2269289838354347,2.690213564102983,0.16211045763097207,0.011880048155905031,0.13032382101866372,0.9268554566200548,0.12783751411667887,0.5552055813987119,1.3032870952406999,1.0,0.0,0.0,0.0,nonlinear_correction,20360721,nonlinear_correction,1.0
53,1,1,0.5072259975875214,0.007225997587521388,0.4888698825835932,0.5,1.0160695084810103,0.08477065442501114,2.2795614163107776,0.17294160134953715,0.012233315770832396,0.11786035775169648,1.0138739434704866,0.12584151924407597,0.6343130497325336,1.4043854764840924,1.0,0.0,0.0,1.0,nonlinear_correction,20360721,nonlinear_correction,1.0
54,0,0,0.3766032853526534,0.12339671464734658,0.40195691124946303,0.40551181102362205,1.061243812321882,0.25139478938197046,2.5433414251330615,0.17911623035420027,0.013542719324509907,0.13017720561824964,1.063380776438628,0.141020837431072,0.5714348868864483,1.4956214621255366,1.0,0.0,0.0,0.0,nonlinear_correction,20360721,nonlinear_correction,1.0
55,0,0,0.4833772839594744,0.0166227160405256,0.5890989691352887,0.594488188976378,0.9186673825740743,0.25411638611434145,1.3666384383275518,0.31841762591854444,0.013274953168600771,0.20360245930081494,0.8952854509432433,0.19797619444868678,0.27303860164008836,1.54735430597298,1.0,0.0,0.0,0.0,nonlinear_correction,20360721,nonlinear_correction,1.0
56,1,0,0.6326166810970338,0.13261668109703387,0.263390785537807,0.2677165354330709,1.0718552205478147,0.2318984181774735,2.721088697227175,0.23730911589105258,0.006406273260146051,0.1682529873861041,1.067987671967576,0.1867343410365801,0.5331895482687407,1.5628841620753633,1.0,0.0,0.0,0.0,nonlinear_correction,20360721,nonlinear_correction,1.0
57,1,1,0.549542608959096,0.04954260895909598,0.457193419498452,0.468503937007874,0.814115341737476,0.14673273662599615,1.5678965884940326,0.12593876397794057,0.012867054998516713,0.212806259650914,0.8125396355387676,0.17747321167182725,0.24226937975118296,1.4037434593791436,1.0,0.0,0.0,1.0,nonlinear_correction,20360721,nonlinear_correction,1.0
58,0,1,0.4958407748963703,0.004159225103629693,0.29864197326668623,0.3228346456692913,0.5061826462177164,0.265993362580206,2.0616490336445716,0.13827881352881213,0.01132289068100058,0.19097830558034634,0.5051006820846451,0.09689509500051177,0.14032617312690057,0.7795267625309812,1.0,0.0,0.0,1.0,nonlinear_correction,20360721,nonlinear_correction,1.0
59,1,0,0.5085920530840958,0.008592053084095776,0.4601652113895274,0.468503937007874,0.7568732381773028,0.07369105607025368,1.5076101280818912,0.33807982713911133,0.0066430078410387216,0.16279349447157587,0.7645000642346939,0.12422886259187654,0.3322254244071949,1.1244552437393658,1.0,0.0,0.0,0.0,nonlinear_correction,20360721,nonlinear_correction,1.0
60,1,1,0.5392539085086616,0.03925390850866161,0.31331816859583145,0.3228346456692913,0.6843656580092111,0.16370687609270393,2.229545347191212,0.21729922324791018,0.007784511919094518,0.21600866778751476,0.6986154683736199,0.15275119290326974,0.17109141450230278,1.1123080866797808,1.0,0.0,0.0,1.0,nonlinear_correction,20360721,nonlinear_correction,1.0
61,1,0,0.5098115481096992,0.00981154810969918,0.27531404594766673,0.2952755905511811,0.5300030854380009,0.21656310759944286,1.9453469299843327,0.31742862557665763,0.006966496024396839,0.20422714400245262,0.5272540251676405,0.10872468034028342,0.19472065559848872,0.8087482612420465,1.0,0.0,0.0,0.0,nonlinear_correction,20360721,nonlinear_correction,1.0
62,1,1,0.5183293126066719,0.018329312606671973,0.2421693498528883,0.2677165354330709,0.9436094576835603,0.27823698566935867,2.5785422564219176,0.20646079523909144,0.012813532961962623,0.12760340949127222,0.9524697307746455,0.12502677039128354,0.5673865535656022,1.2983701007539052,1.0,0.0,0.0,1.0,nonlinear_correction,20360721,nonlinear_correction,1.0
63,1,1,0.5515402593369169,0.051540259336916895,0.4484475222908759,0.468503937007874,0.6410968303886545,0.12164714392742185,2.306798211335657,0.12006613233995989,0.007576165054530396,0.10277989171105698,0.639329619139163,0.0658677058673841,0.46548806061039566,0.8394771495746703,1.0,0.0,0.0,1.0,nonlinear_correction,20360721,nonlinear_correction,1.0
64,1,1,0.5097848614670036,0.009784861467003601,0.4642859724047545,0.468503937007874,0.5932816739350973,0.07370454423956771,1.7862556524134883,0.22569532957593408,0.013487077222336219,0.16542577031416558,0.5996068532379791,0.10252650783435324,0.2728479226563967,0.9239493767215466,1.0,0.0,0.0,1.0,nonlinear_correction,20360721,nonlinear_correction,1.0
65,0,0,0.23504645768227744,0.26495354231772256,0.5385560197805259,0.562992125984252,1.1559753338163712,0.10072146766883626,3.0178997615793173,0.3373488473928271,0.009039206736929692,0.24930501549431602,1.1685934661803195,0.29224777489450576,0.2889938334540928,1.8941914073829766,1.0,0.0,0.0,0.0,nonlinear_correction,20360721,nonlinear_correction,1.0
66,1,1,0.5191825755246046,0.01918257552460459,0.2659007926984826,0.2677165354330709,0.7618122741546993,0.1522117555515652,2.9591892435462173,0.31385420603626857,0.012799882497646386,0.23455495673690294,0.7578814485993205,0.18948221121960596,0.2293500142955017,1.28677466451536,1.0,0.0,0.0,1.0,nonlinear_correction,20360721,nonlinear_correction,1.0
67,1,1,0.5259402934847258,0.025940293484725842,0.5132026725372959,0.531496062992126,0.7226952920926872,0.060038409169560436,1.5255422398155885,0.2738546606256021,0.011262054705106574,0.2103099791739889,0.7298648313183638,0.15832954799318838,0.1806738230231718,1.1287698578001917,1.0,0.0,0.0,1.0,nonlinear_correction,20360721,nonlinear_correction,1.0
68,0,1,0.4945679111112491,0.005432088888750882,0.5775857461733824,0.594488188976378,0.616509733526382,0.23027741957745476,2.7638334674281237,0.28840611551291223,0.01175577296475724,0.19052252577046364,0.6169363077980642,0.12051643759250358,0.2780405538957695,0.9630972981687962,1.0,0.0,0.0,1.0,nonlinear_correction,20360721,nonlinear_correction,1.0
69,0,0,0.4620056123444796,0.037994387655520385,0.5377606276926915,0.562992125984252,1.110591393261661,0.1429221428807025,2.362459737119093,0.15572858264761358,0.012459929826863581,0.10619016921056547,1.1096590705613767,0.11718427042436792,0.8026914915428855,1.459407168683031,1.0,0.0,0.0,0.0,nonlinear_correction,20360721,nonlinear_correction,1.0
70,0,0,0.3953207915312616,0.1046792084687384,0.2934281221363674,0.2952755905511811,0.6153062696708721,0.25199238803118695,2.7807882408741746,0.33730233412124266,0.006904460362488023,0.10036339082464876,0.6133076672806814,0.06145059664767187,0.430427585364719,0.8126309156453997,1.0,0.0,0.0,0.0,nonlinear_correction,20360721,nonlinear_correction,1.0
71,1,1,0.5175235233206452,0.017523523320645235,0.5690032097326578,0.594488188976378,0.7083732624086762,0.2522684088460056,1.9570984575926877,0.18758759007244696,0.011115766370206248,0.2560472939020051,0.7112080641270296,0.18030162111201398,0.17709331560216904,1.3133927324354469,1.0,0.0,0.0,1.0,nonlinear_correction,20360721,nonlinear_correction,1.0
72,0,0,0.4636537087407699,0.03634629125923013,0.38867861318413927,0.40551181102362205,1.1609364056075262,0.24459540811831718,1.5098943057225487,0.12932395838195165,0.01148155543143154,0.11592824449959938,1.1669976916540292,0.13111283181124644,0.7830557880374702,1.513801786892699,1.0,0.0,0.0,0.0,nonlinear_correction,20360721,nonlinear_correction,1.0
73,0,0,0.32001214290323254,0.17998785709676748,0.4836235077204962,0.5,0.9403600037343489,0.12982119681130527,2.3304976338719774,0.32705429489518256,0.01047060613632285,0.2455472824686377,0.9479855673172414,0.2209774971919509,0.36653529012308184,1.5897220411814803,1.0,0.0,0.0,0.0,nonlinear_correction,20360721,nonlinear_correction,1.0
74,0,0,0.3569100576183376,0.14308994238166242,0.4420187244946182,0.468503937007874,0.8735361025499756,0.17779497070094896,3.0933974671605036,0.21854828953693523,0.007893122121785012,0.12842926673203242,0.8765669430220956,0.10945685794589718,0.5002431073776719,1.17134680641964,1.0,0.0,0.0,0.0,nonlinear_correction,20360721,nonlinear_correction,1.0
75,0,0,0.37368860601893195,0.12631139398106803,0.478320626237729,0.5,0.8126787308412129,0.1974589450694626,2.9839958766098214,0.14726302192292987,0.010021400710766364,0.13772022693258212,0.8128319167504625,0.10836117600071533,0.5135236562717284,1.1642112065571697,1.0,0.0,0.0,0.0,nonlinear_correction,20360721,nonlinear_correction,1.0
76,0,1,0.4921923327183238,0.007807667281676217,0.25576744642287225,0.2677165354330709,0.7788599688030845,0.1966894658236527,3.1840284551635234,0.21504864020917208,0.012100447880253213,0.2531949458712429,0.7848412559530309,0.20531842244330606,0.19471499220077113,1.3303529987553375,1.0,0.0,0.0,1.0,nonlinear_correction,20360721,nonlinear_correction,1.0
77,0,0,0.4686599560202854,0.03134004397971461,0.3046776316649442,0.3228346456692913,1.2461243948062206,0.1444122915022291,1.7092711911961511,0.2969472269268226,0.008609108016229695,0.17711017336866341,1.258180848465167,0.21721634726525524,0.6648481306169396,1.8958196751045342,1.0,0.0,0.0,0.0,nonlinear_correction,20360721,nonlinear_correction,1.0
78,1,1,0.5611793521638312,0.06117935216383114,0.5582230122484265,0.562992125984252,0.7878883761906381,0.05603483552588683,1.8987930810689835,0.3119113099387072,0.01037538210212163,0.10458506827733388,0.7933686509129196,0.08297769332588228,0.5828380667790996,1.0280997922239439,1.0,0.0,0.0,1.0,nonlinear_correction,20360721,nonlinear_correction,1.0
79,1,0,0.505866840152146,0.00586684015214597,0.38446139654940903,0.40551181102362205,0.7339825440496337,0.11747687577977275,2.2717188261964427,0.13907937506581022,0.004673929472010215,0.24600373895288433,0.7250858907891837,0.17959191580243675,0.18349563601240843,1.212521945121693,1.0,0.0,0.0,0.0,nonlinear_correction,20360721,nonlinear_correction,1.0
80,1,1,0.7470456510608857,0.24704565106088572,0.47182483186551194,0.5,0.8588182866881333,0.25892141289696996,2.815811998898229,0.1212816752818923,0.004492448748529436,0.25167080101343275,0.8639466561554645,0.21423470652553855,0.21470457167203333,1.6122441923888482,1.0,0.0,0.0,1.0,nonlinear_correction,20360721,nonlinear_correction,1.0
81,0,0,0.494356613329037,0.005643386670963002,0.2632924573109704,0.2677165354330709,0.678064255524819,0.0800524136372782,3.070118892041079,0.30893822009084754,0.007238523628606727,0.23303926282351506,0.6822558402015277,0.15635339852372046,0.19955562520715214,1.1363655801421524,1.0,0.0,0.0,0.0,nonlinear_correction,20360721,nonlinear_correction,1.0
82,1,1,0.5561908336375381,0.05619083363753804,0.5197112379459634,0.531496062992126,0.741736741049947,0.20677546177325914,2.5735065650258635,0.174820797511604,0.007487699525877873,0.20415541874970064,0.7463459314427217,0.1489291318885931,0.27554334757424326,1.1957969851875863,1.0,0.0,0.0,1.0,nonlinear_correction,20360721,nonlinear_correction,1.0
83,0,0,0.4014035077739733,0.09859649222602669,0.5249301247911229,0.531496062992126,0.6340364444867264,0.08963168372943767,2.67565795372048,0.16014918950862328,0.012105122919121098,0.2089282543318569,0.6242409346069273,0.1410404510461308,0.19127753467883526,1.057544317595843,1.0,0.0,0.0,0.0,nonlinear_correction,20360721,nonlinear_correction,1.0
84,0,1,0.43726476354617766,0.06273523645382233,0.39395038683501277,0.40551181102362205,1.070069362144042,0.1776802815779155,2.941197065236337,0.2738921237299892,0.008405487334098698,0.21502846366937622,1.073950585338315,0.23713939350612873,0.27787886011746565,1.9220594534474649,1.0,0.0,0.0,1.0,nonlinear_correction,20360721,nonlinear_correction,1.0
85,0,0,0.49357054429883807,0.006429455701161938,0.23010521262540193,0.24015748031496062,0.5777689417102008,0.14177468937339538,1.6277017423844806,0.21621567293731697,0.004062139290078589,0.2596885589777951,0.5846581919896247,0.1573402266348674,0.1444422354275502,1.027593982443634,1.0,0.0,0.0,0.0,nonlinear_correction,20360721,nonlinear_correction,1.0
86,0,0,0.4752862767867528,0.0247137232132472,0.4364354159694134,0.43700787401574803,0.5923646166887042,0.17643259359875488,2.9437364400194204,0.23164741336937542,0.0054839321659522055,0.11108237168719133,0.5874290439520483,0.06431546457597594,0.43052036969345747,0.7778775160740252,1.0,0.0,0.0,0.0,nonlinear_correction,20360721,nonlinear_correction,1.0
87,0,1,0.4922441979005623,0.007755802099437727,0.4265479157016325,0.43700787401574803,0.7622512952363089,0.23485704254380882,3.1254787866125904,0.23864779876682563,0.010637297449262128,0.11783147035434849,0.7599537543647152,0.09014723299636758,0.43870891844092746,1.0072533571722142,1.0,0.0,0.0,1.0,nonlinear_correction,20360721,nonlinear_correction,1.0
88,0,0,0.4057363734157671,0.09426362658423289,0.2791239513374238,0.2952755905511811,0.6219553354228383,0.1228903148438791,1.5105172351226634,0.3046419754827843,0.007972448872506902,0.10764787137289539,0.6239836024270874,0.06583231509934764,0.44067487271269107,0.8350140185736858,1.0,0.0,0.0,0.0,nonlinear_correction,20360721,nonlinear_correction,1.0
89,0,0,0.4804186093842619,0.01958139061573809,0.36846335237346817,0.3779527559055118,1.0007351672089393,0.11279052001818152,3.037834559042785,0.22526596605829263,0.006072442463083143,0.204639497566253,1.0149706359442199,0.21421273219684261,0.42548863895743566,1.735989976036108,1.0,0.0,0.0,0.0,nonlinear_correction,20360721,nonlinear_correction,1.0
90,0,0,0.4728073710685061,0.027192628931493854,0.30012827350014426,0.3228346456692913,0.5476892538170695,0.06893237508488607,1.5122623100948869,0.2457953187074584,0.012572230205376263,0.23750482568209408,0.5405957354845043,0.13324953843155218,0.13692231345426736,1.0066902385093872,1.0,0.0,0.0,0.0,nonlinear_correction,20360721,nonlinear_correction,1.0
91,1,1,0.5822294966147573,0.08222949661475734,0.25190436463857335,0.2677165354330709,0.9536551397462552,0.13057636533561962,2.9703202299187907,0.20731004392615687,0.007879556057346682,0.1874912191639418,0.9715981429949807,0.17318433517327117,0.45249831516756506,1.5261333249145075,1.0,0.0,0.0,1.0,nonlinear_correction,20360721,nonlinear_correction,1.0
92,0,0,0.48769666838186687,0.012303331618133106,0.5345598478548638,0.562992125984252,0.6392310958186649,0.06273761954269279,1.757826514822114,0.19213433591622653,0.0075750046034570515,0.16602147892195857,0.638944851501218,0.10958851443845376,0.3345645031961079,0.994995930696953,1.0,0.0,0.0,0.0,nonlinear_correction,20360721,nonlinear_correction,1.0
93,1,1,0.5067392175532548,0.006739217553254753,0.3070202968763493,0.3228346456692913,1.1742342720185521,0.1335241776970559,2.432839861330561,0.28847314420923464,0.0074109494661578745,0.2030488644594166,1.16907967116323,0.23795134043805272,0.4610355331204726,1.8492053182924502,1.0,0.0,0.0,1.0,nonlinear_correction,20360721,nonlinear_correction,1.0
94,0,0,0.45876264684611884,0.04123735315388116,0.3317748524924886,0.35039370078740156,0.8512550472280015,0.178429878174744,2.027038131826203,0.15405323032313556,0.013949182141352415,0.1260364453678647,0.8475402447698869,0.10402320809653805,0.5302076761670071,1.1131837865863092,1.0,0.0,0.0,0.0,nonlinear_correction,20360721,nonlinear_correction,1.0
95,0,0,0.4706366478107593,0.029363352189240695,0.4569524649808042,0.468503937007874,1.0429306399507365,0.06440341701557845,2.5452607191309973,0.27235786522774585,0.010711749475698685,0.17594340546313186,1.0371738302409428,0.1841556336511862,0.49876891064248663,1.5354056850599789,1.0,0.0,0.0,0.0,nonlinear_correction,20360721,nonlinear_correction,1.0
96,1,1,0.5654893170714542,0.06548931707145425,0.25908500484370717,0.2677165354330709,0.5817165146548214,0.22705088719943448,2.023151992200192,0.29641070127442415,0.010484048342736132,0.13032857552841293,0.5802129943070543,0.07637534361833864,0.3067338720338131,0.7894987665071381,1.0,0.0,0.0,1.0,nonlinear_correction,20360721,nonlinear_correction,1.0
97,1,1,0.5358951832545633,0.0358951832545633,0.5438316712640703,0.562992125984252,1.240539341899331,0.20353839986563407,1.501931953590702,0.14108743349226252,0.011824033057531961,0.10469625041045141,1.2380291554959506,0.12937334630450353,0.8383825121382474,1.6916544457984284,1.0,0.0,0.0,1.0,nonlinear_correction,20360721,nonlinear_correction,1.0
98,1,1,0.5380493857106984,0.03804938571069836,0.5775407984888474,0.594488188976378,1.1882894759583102,0.13351520122390662,1.613252966486096,0.2414339144975961,0.013337431383156984,0.23269478250095846,1.1799982251852135,0.267958203107427,0.29707236898957756,1.8680516714952575,1.0,0.0,0.0,1.0,nonlinear_correction,20360721,nonlinear_correction,1.0
99,1,1,0.5378402806924291,0.037840280692429014,0.33306182047052774,0.35039370078740156,1.0432378383067755,0.25707935182595787,2.697307118913856,0.19066443361482405,0.012362358252451796,0.15518504666739458,1.0433010117184751,0.15685940038791055,0.5995112237416855,1.5509366140152336,1.0,0.0,0.0,1.0,nonlinear_correction,20360721,nonlinear_correction,1.0
100,0,1,0.47896365231134447,0.02103634768865554,0.34368231716150116,0.35039370078740156,1.0638025901787758,0.059071178723450066,2.4207885238640463,0.2261561131622016,0.009917439565313341,0.24845874327504586,1.0856467030606318,0.26288182923622366,0.26595064754469394,1.9099400326300617,1.0,0.0,0.0,1.0,nonlinear_correction,20360721,nonlinear_correction,1.0
101,1,1,0.6690691339447019,0.16906913394470194,0.5831718718970206,0.594488188976378,0.5946555596399891,0.04738338904708479,2.8990457465077304,0.23980261433272215,0.009325634258887553,0.12150665823487633,0.5931924063844743,0.07304860235771761,0.3596692286962097,0.8173093211029054,1.0,0.0,0.0,1.0,nonlinear_correction,20360721,nonlinear_correction,1.0
102,0,1,0.4767021860508084,0.02329781394919164,0.47466852291531814,0.5,0.7059785266428957,0.2245817357926564,1.3561527919240228,0.24964274577930914,0.007618306331153114,0.2267551574972273,0.6960733080908187,0.16476211750022368,0.2329421006184878,1.194580984595533,1.0,0.0,0.0,1.0,nonlinear_correction,20360721,nonlinear_correction,1.0
103,0,0,0.49122380077940037,0.008776199220599612,0.45648024629479167,0.468503937007874,0.5928127537119554,0.21138760193732037,2.6691151294520097,0.2078825592742213,0.005625681472605204,0.12626224556033394,0.5900497083945505,0.0752191083995608,0.3722419061104266,0.8433935187363115,1.0,0.0,0.0,0.0,nonlinear_correction,20360721,nonlinear_correction,1.0
104,0,0,0.4580233578789668,0.04197664212103319,0.2939758520410698,0.2952755905511811,0.9713688385875578,0.2584212321860304,2.212798237350693,0.33193730424753665,0.007566063181894591,0.12036315922278765,0.9658165394030993,0.11681158907610792,0.49341647947827777,1.3036524792434478,1.0,0.0,0.0,0.0,nonlinear_correction,20360721,nonlinear_correction,1.0
105,1,1,0.5078453118187966,0.007845311818796575,0.2246639042390951,0.24015748031496062,1.0024728126069593,0.2696812774668063,2.6429962807751393,0.2698387214557773,0.005162266223285765,0.20655031412720257,0.9887087468008604,0.21455640118754085,0.32790563158508235,1.5215203392507908,1.0,0.0,0.0,1.0,nonlinear_correction,20360721,nonlinear_correction,1.0
106,0,0,0.474529836752268,0.025470163247731995,0.30320753248097937,0.3228346456692913,1.121325671265847,0.24058670349965425,3.173621671077016,0.13937428613860284,0.011049249091463143,0.13990643439428774,1.1192603984157703,0.1551429756769653,0.6573962209602323,1.5335577458099834,1.0,0.0,0.0,0.0,nonlinear_correction,20360721,nonlinear_correction,1.0
107,1,1,0.7367727850524753,0.23677278505247537,0.5468423306716477,0.562992125984252,1.2428551628883469,0.2298910529367481,2.761041520974536,0.33789949892769594,0.005565197117919385,0.12936822976240372,1.2426010499128317,0.1658208788286592,0.7239852370531055,1.6906873048123967,1.0,0.0,0.0,1.0,nonlinear_correction,20360721,nonlinear_correction,1.0
108,1,1,0.5446800123612463,0.04468001236124636,0.5343319288602719,0.562992125984252,0.9925930097987231,0.24427540294783637,3.079419539334736,0.31802586113645964,0.005241289337668965,0.24055737425949422,0.9783284307957825,0.23290269237930214,0.24814825244968078,1.696896282486196,1.0,0.0,0.0,1.0,nonlinear_correction,20360721,nonlinear_correction,1.0
109,1,1,0.5583332058766325,0.058333205876632474,0.5511972345507824,0.562992125984252,0.8823305590148343,0.1547885462088879,1.9789948422908177,0.25708099464213696,0.011853939009206489,0.13056936808504754,0.8850286148317154,0.11998947814750589,0.4996526882109305,1.216401838021409,1.0,0.0,0.0,1.0,nonlinear_correction,20360721,nonlinear_correction,1.0
110,0,1,0.4957141372328768,0.004285862767123213,0.4974272538991862,0.5,0.512448581605261,0.0673300951950496,2.9669325073084556,0.24467739726939675,0.010404482259430605,0.19228142529602388,0.5102224317889024,0.09525741378702,0.19544343657257227,0.7905173134265533,1.0,0.0,0.0,1.0,nonlinear_correction,20360721,nonlinear_correction,1.0
111,0,0,0.33751487364733557,0.1624851263526644,0.452579922061801,0.468503937007874,1.1627900551957964,0.2011488177844012,2.527787435254214,0.14621002588763143,0.011704363143550726,0.15686760784213621,1.1795360856724273,0.17667389015959634,0.7170287645541845,1.7946110018825565,1.0,0.0,0.0,0.0,nonlinear_correction,20360721,nonlinear_correction,1.0
112,0,0,0.49108262135500325,0.00891737864499677,0.43545562400746285,0.43700787401574803,0.8541259667846244,0.19025026815484683,1.5233605500527376,0.21373297577458883,0.013608192384780756,0.16091205700460368,0.8552222523688092,0.13987044303857674,0.442876698495974,1.2715998813612117,1.0,0.0,0.0,0.0,nonlinear_correction,20360721,nonlinear_correction,1.0
113,1,1,0.5201229333222596,0.020122933322259538,0.5102801875714912,0.531496062992126,1.0329592058880146,0.27786153800703844,1.9814276980425494,0.292015462634151,0.009638848466793066,0.1343598573777728,1.0365381402602942,0.14109503507302779,0.6018172729891353,1.4841996648803584,1.0,0.0,0.0,1.0,nonlinear_correction,20360721,nonlinear_correction,1.0
114,0,0,0.34266894611358517,0.15733105388641483,0.4631844367100446,0.468503937007874,0.5592755876907022,0.128095413710562,2.101249430812298,0.20565594085736688,0.012937304147588582,0.20337688330394943,0.5545009329419398,0.11229786625593138,0.2516914350985909,0.8750067912521954,1.0,0.0,0.0,0.0,nonlinear_correction,20360721,nonlinear_correction,1.0
115,0,0,0.47881660617042027,0.021183393829579743,0.3705885886876159,0.3779527559055118,1.21699352306942,0.050163096449220713,2.914425075119775,0.21613291102976784,0.004344513252126231,0.21755122473238991,1.2473248148274039,0.26229784234580855,0.3576808674843945,2.231036983241005,1.0,0.0,0.0,0.0,nonlinear_correction,20360721,nonlinear_correction,1.0
116,0,0,0.20384806649230952,0.2961519335076905,0.4751085182769246,0.5,0.7740679729686386,0.19724567811825205,1.3087987265839922,0.2737069513799948,0.0072437475685560165,0.13248164298617868,0.778835924890774,0.10024525742791868,0.5301388201077326,1.0716151664265072,1.0,0.0,0.0,0.0,nonlinear_correction,20360721,nonlinear_correction,1.0
117,1,0,0.512939535765027,0.012939535765027009,0.5776113111680856,0.594488188976378,0.9610724607042049,0.15372521951972884,1.8492792358304495,0.32210962631983786,0.006111540399804813,0.19182519382457636,0.9602401042509114,0.1768227108996842,0.44459291304203286,1.492616094423305,1.0,0.0,0.0,0.0,nonlinear_correction,20360721,nonlinear_correction,1.0
118,0,0,0.4920006243017161,0.00799937569828391,0.35969484121539214,0.3779527559055118,1.2287853114606047,0.18178907585412782,1.6522816697340432,0.23303422504206173,0.013617910682125816,0.12092675840135421,1.2304786357047386,0.14673128375820588,0.8209966281496942,1.8296367446455386,1.0,0.0,0.0,0.0,nonlinear_correction,20360721,nonlinear_correction,1.0
119,1,1,0.6364640916622984,0.13646409166229842,0.5562026364762579,0.562992125984252,1.226255617011475,0.16279441907033929,3.1961238588476664,0.136115991111886,0.00603878712757268,0.25502081395920695,1.2095768283280428,0.31553293997383747,0.3065639042528687,2.1099550112983887,1.0,0.0,0.0,1.0,nonlinear_correction,20360721,nonlinear_correction,1.0
120,1,0,0.5289579196466823,0.028957919646682227,0.3868945833171065,0.40551181102362205,0.9951168638085138,0.2631700598579013,2.5043519534621406,0.15373503992937756,0.005920611015388628,0.23328324523974867,0.9906113067316477,0.22111832443297919,0.3312114117906402,1.6223235413133636,1.0,0.0,0.0,0.0,nonlinear_correction,20360721,nonlinear_correction,1.0
121,0,0,0.24831616810418017,0.25168383189581983,0.4695127834638386,0.5,0.8832600450545868,0.26936894116479937,3.109917190080796,0.25277209855131244,0.010729147692952638,0.10641857182730695,0.8831212612514314,0.09044928543889827,0.6332572669571537,1.1385950252423236,1.0,0.0,0.0,0.0,nonlinear_correction,20360721,nonlinear_correction,1.0
122,1,1,0.5618726440764101,0.06187264407641009,0.5609554848270846,0.562992125984252,0.8604896423281123,0.16384834716067903,3.1450767507536153,0.12790625181980358,0.008476830647232082,0.1732581442438354,0.8609756237020212,0.14902610827676524,0.3829178900671454,1.309534944050058,1.0,0.0,0.0,1.0,nonlinear_correction,20360721,nonlinear_correction,1.0
123,1,1,0.5942861202254477,0.09428612022544766,0.2647530433432705,0.2677165354330709,0.632901242439388,0.08335841364338545,2.000658993002359,0.12442640077669041,0.004761640120142725,0.2012780250216675,0.6431297197932144,0.12983412593159135,0.25042772162514393,0.9681236149133023,1.0,0.0,0.0,1.0,nonlinear_correction,20360721,nonlinear_correction,1.0
124,0,1,0.4883511532216963,0.011648846778303709,0.27186836013239124,0.2952755905511811,1.189685408279419,0.12603709281685493,3.1071455966262302,0.2671247626112123,0.012315897701085737,0.24903516380624724,1.198495132426425,0.28804126276893105,0.4364839491334554,2.0665658991070686,1.0,0.0,0.0,1.0,nonlinear_correction,20360721,nonlinear_correction,1.0
125,1,0,0.5283402775654213,0.028340277565421297,0.5560012723929062,0.562992125984252,0.6500589991317784,0.04926018808420839,2.4715144950753887,0.20005310128756087,0.007953868079067575,0.20226699095854112,0.6497739467552062,0.12888335996010045,0.3020939378473244,1.0354516591468355,1.0,0.0,0.0,0.0,nonlinear_correction,20360721,nonlinear_correction,1.0
126,1,1,0.5331216501669407,0.033121650166940714,0.31246326868026575,0.3228346456692913,1.0874439790079498,0.17404359546587425,1.5061901785634288,0.22625171872236693,0.006027824491743206,0.23261065566149344,1.0804181550994891,0.25496541443523973,0.27186099475198744,1.8549539019499641,1.0,0.0,0.0,1.0,nonlinear_correction,20360721,nonlinear_correction,1.0
127,0,0,0.2994852819959289,0.2005147180040711,0.43510284910311026,0.43700787401574803,0.5154330967111473,0.1056754785614934,2.273157658906677,0.18861603884517356,0.005977365084105684,0.15695359738072542,0.5161794090702679,0.07911536073992634,0.30181780815578224,0.7186175205724786,1.0,0.0,0.0,0.0,nonlinear_correction,20360721,nonlinear_correction,1.0
128,0,0,0.2437781166954558,0.2562218833045442,0.3074088840604494,0.3228346456692913,0.9017156773598216,0.15474518893601677,1.848380714009025,0.22252420923035643,0.008505444056020533,0.12537395582321448,0.8949137179224615,0.10897200481797349,0.5659401004965047,1.2143429667714711,1.0,0.0,0.0,0.0,nonlinear_correction,20360721,nonlinear_correction,1.0
129,0,0,0.495530828546611,0.004469171453388977,0.5879440476109441,0.594488188976378,0.5019178402141712,0.14076061398036832,2.2295522679830033,0.3375311757406,0.012659216554017503,0.15177837794398977,0.5003006800455624,0.07757809447546447,0.2762678209594843,0.7700760204610382,1.0,0.0,0.0,0.0,nonlinear_correction,20360721,nonlinear_correction,1.0
130,0,0,0.24679158427186054,0.25320841572813946,0.4934857066967082,0.5,0.910114362496633,0.1569983336412989,3.126974603842293,0.1319426910191705,0.007964980556627687,0.14033615532597693,0.8969012818810138,0.13035485218591536,0.4816951421724526,1.273249210517389,1.0,0.0,0.0,0.0,nonlinear_correction,20360721,nonlinear_correction,1.0
131,1,1,0.5150079850555841,0.015007985055584146,0.3637930301304638,0.3779527559055118,0.6849625124563841,0.2508893107819314,1.5165262192337905,0.3149614250930267,0.009677860166652064,0.1270799910604683,0.6864563933660662,0.08940924917973542,0.3815006876033791,0.9382689043734814,1.0,0.0,0.0,1.0,nonlinear_correction,20360721,nonlinear_correction,1.0
132,0,0,0.3233800972523644,0.17661990274763564,0.45920114571487974,0.468503937007874,1.1422561368177258,0.05295571542517143,2.6667067229660066,0.3398078506319914,0.011967200525885666,0.25517718636810494,1.136580831155613,0.2876394457450827,0.4241344281612865,2.0577058042969627,1.0,0.0,0.0,0.0,nonlinear_correction,20360721,nonlinear_correction,1.0
133,1,1,0.5204548619772069,0.020454861977206956,0.4749271383525231,0.5,0.7835015106828617,0.08053315807744846,2.186556111364787,0.2158053915336885,0.01070918282481749,0.13216682438360222,0.7747877742655176,0.1058587790084058,0.43231657497392756,1.0786342322923026,1.0,0.0,0.0,1.0,nonlinear_correction,20360721,nonlinear_correction,1.0
134,0,0,0.4435303880693931,0.05646961193060692,0.5535296797679674,0.562992125984252,0.858423280234853,0.21247458141910835,2.214366800716082,0.20908461574263265,0.013637861450818883,0.16932191832697815,0.8622523922570395,0.1382086582149974,0.3985596008994799,1.2876649790534604,1.0,0.0,0.0,0.0,nonlinear_correction,20360721,nonlinear_correction,1.0
135,0,0,0.4395810888555392,0.06041891114446081,0.4430038603858718,0.468503937007874,1.0468664379153767,0.13179771607907298,2.0486272282827076,0.14166107182189933,0.006169481613936583,0.24809804099515398,1.0504474284630503,0.2682137440892364,0.34374154649199773,1.872665018479527,1.0,0.0,0.0,0.0,nonlinear_correction,20360721,nonlinear_correction,1.0
136,1,1,0.5244323849818756,0.02443238498187561,0.40308545719688327,0.40551181102362205,0.8371254040062008,0.15027038499093284,2.220143650699638,0.1607431147800848,0.013721978339055632,0.1716241555878705,0.825174607932078,0.14456143664122373,0.393901671125825,1.3117479134397048,1.0,0.0,0.0,1.0,nonlinear_correction,20360721,nonlinear_correction,1.0
137,0,0,0.4938010911732177,0.0061989088267823105,0.22334792847077287,0.24015748031496062,0.8627791268239282,0.2468071373752967,2.1314589999957128,0.26651417692451307,0.008606050204048454,0.10776695117350554,0.8610917082635396,0.10138265830422254,0.5673571398106256,1.1749509938891693,1.0,0.0,0.0,0.0,nonlinear_correction,20360721,nonlinear_correction,1.0
138,0,0,0.4122609996939459,0.08773900030605407,0.28848205936813875,0.2952755905511811,0.5453071427463302,0.10451166736929521,1.8713767950176579,0.2072557310857992,0.012379309454974266,0.10084534155947147,0.5460975569162583,0.0544221667388362,0.37409633163385014,0.6851591522060932,1.0,0.0,0.0,0.0,nonlinear_correction,20360721,nonlinear_correction,1.0
139,1,1,0.5296543159929727,0.029654315992972795,0.4931020385364949,0.5,0.7600447813130835,0.05858825130980137,2.9256153233708604,0.297305746480613,0.010600846903820885,0.18497104008927778,0.7482642093029533,0.14249080186081817,0.2971506335139506,1.1176310428739604,1.0,0.0,0.0,1.0,nonlinear_correction,20360721,nonlinear_correction,1.0
140,0,0,0.4749005830774143,0.025099416922585722,0.4209988157130421,0.43700787401574803,1.1710992027559306,0.2301434427038723,3.008929091267237,0.3286699676055005,0.007824085829512842,0.19992177176839687,1.1756821365924428,0.2460012629228004,0.4477325773232511,1.977282552839794,1.0,0.0,0.0,0.0,nonlinear_correction,20360721,nonlinear_correction,1.0
141,1,0,0.5122869577740513,0.012286957774051269,0.3215831778323671,0.3228346456692913,1.1095921009747303,0.06818641634347766,3.0821011230631683,0.1831155814207019,0.004623338349588567,0.1808890349029198,1.1070967064271584,0.19531366079825657,0.6050507698171529,1.8616744300539976,1.0,0.0,0.0,0.0,nonlinear_correction,20360721,nonlinear_correction,1.0
142,1,0,0.5628483220567828,0.06284832205678283,0.5095080290650944,0.531496062992126,1.0229755484229175,0.05634170582576684,1.487452321061281,0.32520607588188155,0.007363965015340838,0.2065648506144863,1.0094828323080298,0.20948040488891723,0.4037390045107362,1.687935895753147,1.0,0.0,0.0,0.0,nonlinear_correction,20360721,nonlinear_correction,1.0
143,1,1,0.5041880490482651,0.004188049048265043,0.23913595543693883,0.24015748031496062,0.7787816376180006,0.13681924694100925,3.025226605930463,0.23568502875990108,0.00942983465392524,0.25646895159996574,0.7856165052081099,0.2073991289581609,0.2243819482930495,1.3734748358643745,1.0,0.0,0.0,1.0,nonlinear_correction,20360721,nonlinear_correction,1.0
144,0,1,0.49245202763310725,0.007547972366892769,0.27317762229675147,0.2952755905511811,0.9145770644194724,0.16034016185445957,1.6000290696244845,0.2607153124988222,0.0080605733122265,0.22177798892750827,0.916648964524983,0.19397461286183773,0.30374100837913665,1.447464466932533,1.0,0.0,0.0,1.0,nonlinear_correction,20360721,nonlinear_correction,1.0
145,0,0,0.3444282114672712,0.15557178853272877,0.4021626017158715,0.40551181102362205,0.9962998124573793,0.13985040386391479,2.7959869443177845,0.3010774725403569,0.011447431312272783,0.17800879549835508,1.0067037375044,0.17168847064920553,0.24907495311434483,1.5447747501530722,1.0,0.0,0.0,0.0,nonlinear_correction,20360721,nonlinear_correction,1.0
146,0,0,0.38503339573720075,0.11496660426279924,0.3311201430139119,0.35039370078740156,1.0231145256650578,0.23248355520947672,1.6654935480907562,0.25276725628859087,0.01126596636874308,0.10226948915449206,1.0232964680873355,0.10586141335265897,0.74068460683192,1.3377645663509588,1.0,0.0,0.0,0.0,nonlinear_correction,20360721,nonlinear_correction,1.0
147,1,1,0.6498380163808901,0.1498380163808901,0.5006416852191066,0.5,0.915167768387898,0.1408923902172958,2.0820856746023475,0.27017664925266494,0.006997581860963647,0.24050232060602378,0.9161495144592376,0.22064640422638507,0.2287919420969745,1.6316701018762898,1.0,0.0,0.0,1.0,nonlinear_correction,20360721,nonlinear_correction,1.0
148,0,0,0.27932663375382283,0.22067336624617717,0.5109503023563168,0.531496062992126,0.5808948406516569,0.16020284247474698,1.8452380404160043,0.181778846589134,0.01211748116966959,0.2132662170224755,0.5790126722853366,0.13027120899533665,0.23105487496836102,0.961441325765489,1.0,0.0,0.0,0.0,nonlinear_correction,20360721,nonlinear_correction,1.0
149,1,1,0.5053376507665528,0.005337650766552831,0.5293662687389242,0.531496062992126,1.010102737224073,0.2769636618178967,3.1843022562238685,0.23592766565992696,0.01213452551807883,0.24525799631242834,1.015735820338867,0.2476367655987785,0.3243504146950965,1.7551660592807625,1.0,0.0,0.0,1.0,nonlinear_correction,20360721,nonlinear_correction,1.0
150,0,0,0.4484707419413896,0.05152925805861043,0.24421609802087263,0.2677165354330709,0.8399793639518132,0.263217222540309,3.072796465811371,0.23896237457220834,0.013604687697864873,0.2054294292982831,0.849348839703906,0.17694407306703683,0.2950923818121058,1.355027789771239,1.0,0.0,0.0,0.0,nonlinear_correction,20360721,nonlinear_correction,1.0
151,0,1,0.4513756266629044,0.04862437333709563,0.3157297311051416,0.3228346456692913,1.0095409478225041,0.14637982109418435,1.6152012306484917,0.17593811997522968,0.009628505556142423,0.2163799696014903,1.0043464066096655,0.22586775132670278,0.25238523695562604,1.6608494943383525,1.0,0.0,0.0,1.0,nonlinear_correction,20360721,nonlinear_correction,1.0
152,1,1,0.5086786148574557,0.00867861485745565,0.5223860775667343,0.531496062992126,0.6160711098774212,0.16297264499577946,2.7743649870509657,0.1372186649296861,0.010726980803941806,0.1443433549445036,0.6157510265133432,0.08966271964956998,0.3598425691286659,0.8752919890053981,1.0,0.0,0.0,1.0,nonlinear_correction,20360721,nonlinear_correction,1.0
153,0,0,0.4690987906748487,0.030901209325151297,0.24785571452599764,0.2677165354330709,0.795753763304322,0.07496197216965704,2.618898856201426,0.17756677064551254,0.007285543336896103,0.15118554930159014,0.7974201608450058,0.12285368929524518,0.455963272105611,1.1822840699025121,1.0,0.0,0.0,0.0,nonlinear_correction,20360721,nonlinear_correction,1.0
154,1,1,0.7515155273095738,0.2515155273095738,0.2661166251937959,0.2677165354330709,0.5731781657145005,0.06322049761964059,2.9528824510479197,0.2230931263136275,0.013548279119014557,0.25021210686490114,0.5743515190831947,0.139289819681322,0.14329454142862513,0.962001769515054,1.0,0.0,0.0,1.0,nonlinear_correction,20360721,nonlinear_correction,1.0
155,0,0,0.24319980286804171,0.2568001971319583,0.49285118725507115,0.5,1.2170220642637752,0.14646184054287736,2.3358005683004994,0.2960019761647549,0.013602904482513872,0.22950802287723265,1.224449603096517,0.2767431752914812,0.3042555160659438,1.9594888785202862,1.0,0.0,0.0,0.0,nonlinear_correction,20360721,nonlinear_correction,1.0
156,0,0,0.441326206905137,0.05867379309486296,0.35815919702596183,0.3779527559055118,0.8722512973534755,0.09822614885367685,2.601129491369196,0.2690090906345861,0.007056588867799139,0.2082749194914545,0.8692301635150167,0.1838050105959022,0.3418342136648011,1.5588156936029365,1.0,0.0,0.0,0.0,nonlinear_correction,20360721,nonlinear_correction,1.0
157,0,0,0.4689742764063539,0.0310257235936461,0.3424719717371484,0.35039370078740156,0.7471885678288157,0.20344853935978308,2.138399203708526,0.17642959216202897,0.007453813318937207,0.17489908461782194,0.7384532203944398,0.1262980160448635,0.35571781667977304,1.1248244513923107,1.0,0.0,0.0,0.0,nonlinear_correction,20360721,nonlinear_correction,1.0
158,0,0,0.43425221511722,0.06574778488277996,0.3262602412953984,0.35039370078740156,0.6781869973496224,0.2421886651903326,1.882074186528191,0.19420151518035444,0.00927296847216493,0.22402798968394888,0.6653905733005905,0.15423204832110293,0.20131375828232084,1.119304505049979,1.0,0.0,0.0,0.0,nonlinear_correction,20360721,nonlinear_correction,1.0
159,1,1,0.7397913887349916,0.23979138873499165,0.4532090097175243,0.468503937007874,0.6176713150121779,0.2759803776551546,1.4272826180316311,0.2821995427538011,0.00973687735592329,0.2537321386530105,0.6164300797215241,0.16297292166625374,0.20409983971259454,1.2257250183675952,1.0,0.0,0.0,1.0,nonlinear_correction,20360721,nonlinear_correction,1.0
0,0,0,0.4876989600263338,0.012301039973666194,0.5358697431956682,0.562992125984252,1.0493602379675395,0.11710322427494568,1.6330755186641641,0.19566926881620847,0.00991448841579158,0.20083184066079424,1.0341630656210887,0.21239933902903363,0.37039330811673776,1.6858166278248305,1.0,0.0,0.0,0.0,time_varying_correction,20360721,time_varying_correction,1.0
1,0,0,0.4205447994444914,0.07945520055550857,0.36440787756217086,0.3779527559055118,0.9367673031593826,0.11693960678436799,1.703037171062399,0.3388924183444567,0.007660688477492543,0.10063308324756494,0.9396239653257498,0.09755173211648242,0.6104334904135823,1.1939352653434843,1.0,0.0,0.0,0.0,time_varying_correction,20360721,time_varying_correction,1.0
2,1,1,0.5061414496372072,0.006141449637207172,0.5950811334007232,0.594488188976378,0.7452458058944059,0.05422432782053643,1.4923602641368663,0.32144646947347677,0.006644757703840825,0.24820555894072552,0.7484784385077872,0.19312300030979945,0.18631145147360148,1.4292174384648004,1.0,0.0,0.0,1.0,time_varying_correction,20360721,time_varying_correction,1.0
3,1,1,0.6924560590910476,0.19245605909104757,0.35495740331532144,0.3779527559055118,1.1717160893783207,0.25662460505369017,1.8888575324970427,0.2324854797173064,0.008728684108449066,0.17582602896552607,1.1718282815842844,0.20752071927198135,0.4308815838192099,1.775896212182726,1.0,0.0,0.0,1.0,time_varying_correction,20360721,time_varying_correction,1.0
4,1,1,0.5708624699731402,0.07086246997314015,0.4169411860758176,0.43700787401574803,1.1392457991434484,0.15274078764294624,1.7025541463015383,0.27382937367202165,0.004792076948166336,0.10453499525683893,1.1362207827999489,0.11945404889216897,0.7616191634266425,1.531003167273847,1.0,0.0,0.0,1.0,time_varying_correction,20360721,time_varying_correction,1.0
5,1,1,0.53833447688398,0.0383344768839799,0.5393413428342307,0.562992125984252,1.038432934722766,0.19068838396199514,1.4805399234093088,0.3024698607637878,0.010039166282408859,0.1773116324460906,1.0509185082386212,0.18464671646179964,0.4730508741938004,1.5861971010812312,1.0,0.0,0.0,1.0,time_varying_correction,20360721,time_varying_correction,1.0
6,0,0,0.33789291208851546,0.16210708791148457,0.5772983096596905,0.594488188976378,0.6739653675450559,0.18208032070237798,1.902389616002326,0.2396196258351808,0.00696898962090063,0.16587086792611688,0.6767815894844816,0.11186917740463202,0.3813395189854623,1.0775805996267518,1.0,0.0,0.0,0.0,time_varying_correction,20360721,time_varying_correction,1.0
7,0,0,0.41885686683241796,0.08114313316758205,0.38451715020749266,0.40551181102362205,1.1451449428495046,0.1891710154057308,2.0764191172334177,0.24819964554771562,0.012124081486116987,0.20658393242899425,1.128655880881054,0.23492948142936806,0.37284217724197793,1.836569380023215,1.0,0.0,0.0,0.0,time_varying_correction,20360721,time_varying_correction,1.0
8,1,1,0.7271837997796206,0.22718379977962058,0.2642458717194094,0.2677165354330709,1.12991814470697,0.26287182051294716,1.9399011275870008,0.23270554704322155,0.012222568305278722,0.23236544086240557,1.1339221194859677,0.27652249794421724,0.34193399423425397,1.981479605429228,1.0,0.0,0.0,1.0,time_varying_correction,20360721,time_varying_correction,1.0
9,1,1,0.6389371987063049,0.13893719870630494,0.5795935585961692,0.594488188976378,0.9856868724130264,0.1094575164172065,2.204853101292923,0.1201599091931449,0.011944063123474756,0.2557557352642851,0.9927740740776066,0.25014324863704235,0.2464217181032566,1.7875356200764385,1.0,0.0,0.0,1.0,time_varying_correction,20360721,time_varying_correction,1.0
10,1,1,0.512326345439454,0.01232634543945404,0.5167923737702621,0.531496062992126,1.1970314096269095,0.13744144013657036,2.6327902032434003,0.1713893372024301,0.005607496176637538,0.17070498778644774,1.201099540454659,0.20361165428919012,0.6842973618758191,1.8454855064604243,1.0,0.0,0.0,1.0,time_varying_correction,20360721,time_varying_correction,1.0
11,0,0,0.42533290522126915,0.07466709477873085,0.4516381220041529,0.468503937007874,0.9105452041853289,0.11705781967516962,2.5700668882174575,0.2740376544445672,0.01286047785933484,0.1839907614964587,0.9023836970120426,0.16506450749467108,0.3408024601823798,1.352068042792209,1.0,0.0,0.0,0.0,time_varying_correction,20360721,time_varying_correction,1.0
12,0,0,0.3140938503825125,0.1859061496174875,0.41379121750240283,0.43700787401574803,1.0040092736199395,0.10994968844126063,1.8484712306133937,0.33358367254935617,0.011924053491706353,0.21325376641176697,1.0033118155052434,0.22152896727599586,0.3851341419352836,1.6226983814211886,1.0,0.0,0.0,0.0,time_varying_correction,20360721,time_varying_correction,1.0
13,1,1,0.7354179946710866,0.23541799467108665,0.5572134376106046,0.562992125984252,1.1373861515972052,0.26702936246943826,1.3445969186682616,0.193623032343255,0.008195610995787573,0.23179611400073538,1.1342354237305783,0.27016825776738373,0.2843465378993013,1.9410620930529288,1.0,0.0,0.0,1.0,time_varying_correction,20360721,time_varying_correction,1.0
14,1,1,0.5045132483113997,0.004513248311399663,0.5619023956401994,0.562992125984252,0.7771497785320289,0.2618222371405107,2.778033899383619,0.3398352525587256,0.013280277270866588,0.1398202101274591,0.7783522728350107,0.11138914981651435,0.44134018503741873,1.1530890602510693,1.0,0.0,0.0,1.0,time_varying_correction,20360721,time_varying_correction,1.0
15,1,1,0.707384413759469,0.20738441375946903,0.4655681804677214,0.468503937007874,0.5087745180242287,0.18386518125701168,1.5005078406554286,0.3190400691727606,0.007020138219482535,0.2480898851886528,0.5048698502071438,0.1271229345592285,0.12719362950605717,0.8810810115630133,1.0,0.0,0.0,1.0,time_varying_correction,20360721,time_varying_correction,1.0
16,1,1,0.5628161723367774,0.06281617233677737,0.45243815903105156,0.468503937007874,1.0943416741993994,0.16650276593497657,1.8409558273837219,0.28289215895965825,0.011441982050858796,0.11269684006366895,1.0951644786696637,0.12476668375147418,0.7006423127517025,1.479847956196706,1.0,0.0,0.0,1.0,time_varying_correction,20360721,time_varying_correction,1.0
17,1,1,0.5041082461233882,0.00410824612338822,0.28438926653927743,0.2952755905511811,0.740357222431465,0.042600285117012436,1.3423988507795226,0.28606394253855605,0.007345466333873249,0.17021549782233447,0.7531337585488732,0.12010190407736593,0.3444616041188223,1.1616861981384836,1.0,0.0,0.0,1.0,time_varying_correction,20360721,time_varying_correction,1.0
18,1,1,0.5089220548197714,0.00892205481977142,0.30155224414758014,0.3228346456692913,1.163913114963229,0.05747237949048024,1.6361027021167105,0.204011951832672,0.006443624190728685,0.1420242039783701,1.1710062256333313,0.15813673689392616,0.7080416468774734,1.6960336750272365,1.0,0.0,0.0,1.0,time_varying_correction,20360721,time_varying_correction,1.0
19,1,1,0.6736706578906525,0.17367065789065253,0.5691942878820564,0.594488188976378,0.5760420365327489,0.199771927220696,2.725876637192701,0.22468066505771395,0.010122399908484379,0.18837074193302913,0.5757534272806683,0.10733114541020645,0.24302855568329965,0.872269936280195,1.0,0.0,0.0,1.0,time_varying_correction,20360721,time_varying_correction,1.0
20,1,0,0.50772246977196,0.007722469771959988,0.30061372288269755,0.3228346456692913,0.7773903284770216,0.27229505189351916,2.500288993171028,0.3036825861702107,0.007913455190798804,0.206882211663419,0.7709250713028185,0.17506796156909818,0.2638032448467966,1.2342969566837285,1.0,0.0,0.0,0.0,time_varying_correction,20360721,time_varying_correction,1.0
21,1,1,0.5046318538556834,0.004631853855683443,0.5854733704398281,0.594488188976378,0.5176818997698215,0.15009292691183507,2.29486283157137,0.16141945742283909,0.0047545183372675595,0.25539070924211327,0.5111757030698518,0.12742388765406223,0.15320823950624796,0.9365014383554863,1.0,0.0,0.0,1.0,time_varying_correction,20360721,time_varying_correction,1.0
22,0,0,0.39800997192912196,0.10199002807087805,0.2703166940037101,0.2952755905511811,1.2081805434840152,0.2061514879110518,2.6512939776676583,0.15245210003934992,0.006679300918648828,0.2297569980065207,1.1982781108787133,0.27763134941451006,0.3020451358710038,1.884108912953157,1.0,0.0,0.0,0.0,time_varying_correction,20360721,time_varying_correction,1.0
23,0,0,0.4896800188696893,0.010319981130310707,0.24361795179706122,0.2677165354330709,0.6141459608471526,0.2058124167996328,1.841209669320073,0.3217907161341026,0.008680979236601511,0.15787524447521273,0.617106023593991,0.1021543094122846,0.2741176291962154,0.8816764440554875,1.0,0.0,0.0,0.0,time_varying_correction,20360721,time_varying_correction,1.0
24,1,0,0.5481929060430965,0.048192906043096416,0.26326693916642546,0.2677165354330709,0.6054549351610077,0.17884860454001475,1.999652940278877,0.3344386303417044,0.0056349906704002825,0.16967379284481354,0.6029881351476906,0.10485770301777349,0.3252244106194177,0.9038140902964805,1.0,0.0,0.0,0.0,time_varying_correction,20360721,time_varying_correction,1.0
25,1,1,0.5793008282201304,0.07930082822013035,0.3304523154201185,0.35039370078740156,0.8423258065872227,0.20139364892065686,3.173287040879356,0.20830785531550852,0.0054355382902822,0.10951799174668124,0.8422040716768199,0.09227852979080796,0.526121384672984,1.1140073663940204,1.0,0.0,0.0,1.0,time_varying_correction,20360721,time_varying_correction,1.0
26,1,1,0.6072231277030291,0.10722312770302907,0.41838524213075357,0.43700787401574803,1.1265705641538328,0.17126143402155194,1.5078970506231724,0.2052936356813811,0.01162854563885668,0.22128412237829545,1.1199189011276869,0.24761677292741618,0.2816426410384582,1.885146949463313,1.0,0.0,0.0,1.0,time_varying_correction,20360721,time_varying_correction,1.0
27,1,1,0.7082573501691214,0.2082573501691214,0.27035582460416147,0.2952755905511811,0.9527096451298126,0.17467006886711123,3.0240370746927665,0.32088830074229613,0.006561583070051849,0.1244700365899732,0.9526675150351367,0.11426996430840386,0.6647990670752724,1.330638644239339,1.0,0.0,0.0,1.0,time_varying_correction,20360721,time_varying_correction,1.0
28,1,0,0.5195520454692015,0.019552045469201574,0.2434100851366509,0.2677165354330709,0.8434754677308174,0.18527632790724638,1.7160020022779625,0.2587520459779702,0.009288664506112381,0.257940893369881,0.8566126557011647,0.2377807207200963,0.21086886693270435,1.5427347688412287,1.0,0.0,0.0,0.0,time_varying_correction,20360721,time_varying_correction,1.0
29,1,0,0.5329540037401932,0.032954003740193236,0.3296123937306315,0.35039370078740156,1.0206542634201643,0.21278229420529196,2.720063567854267,0.27431154834721566,0.010759105790325133,0.11675703623468767,1.0242436674717073,0.12100325650739682,0.6129696668612015,1.4533952232247023,1.0,0.0,0.0,0.0,time_varying_correction,20360721,time_varying_correction,1.0
30,0,0,0.43165792568867,0.06834207431133002,0.3771930665589822,0.3779527559055118,0.875133839994556,0.20722769605027344,2.927140177311708,0.33782508074862694,0.005887700501911186,0.24152067868166607,0.870119370558794,0.20964129633152967,0.218783459998639,1.537961373697801,1.0,0.0,0.0,0.0,time_varying_correction,20360721,time_varying_correction,1.0
31,0,0,0.3435396121302736,0.15646038786972635,0.25098555634420483,0.2677165354330709,0.6860553492732521,0.05298948545376462,2.5861523448740256,0.24081730827341927,0.00789037687741118,0.15442042436918346,0.6909227683467106,0.11021003666794411,0.3986297488072139,1.0021338364060646,1.0,0.0,0.0,0.0,time_varying_correction,20360721,time_varying_correction,1.0
32,0,1,0.49142687309691263,0.008573126903087374,0.263818324482037,0.2677165354330709,0.6179376624592039,0.26798468018077143,1.8748841329635118,0.30550775432311617,0.007271623775830443,0.12810023263050704,0.615819785780156,0.0793259384646221,0.37080137999394724,0.8605344929358119,1.0,0.0,0.0,1.0,time_varying_correction,20360721,time_varying_correction,1.0
33,0,0,0.2512426020005783,0.2487573979994217,0.27261857081283625,0.2952755905511811,0.9823308325969397,0.1783388666353472,1.6699282302008256,0.29113945430381294,0.008241331472476552,0.24099819799419606,1.0008231263602083,0.24039693371983212,0.385517687269632,1.7858184733274043,1.0,0.0,0.0,0.0,time_varying_correction,20360721,time_varying_correction,1.0
34,0,0,0.3141360015328342,0.18586399846716578,0.5108429050331373,0.531496062992126,0.9890836610839931,0.22425126136788026,3.1545337032233407,0.1570753550337379,0.010398671284758246,0.12353273074159594,0.9939197439081788,0.11872238372966164,0.6423411046772654,1.35233131855297,1.0,0.0,0.0,0.0,time_varying_correction,20360721,time_varying_correction,1.0
35,1,0,0.5104775442397992,0.010477544239799134,0.292345246314788,0.2952755905511811,0.5313956970677367,0.2727096779903368,2.9205476191529423,0.31091791166812405,0.010178907631201474,0.2283490123805455,0.5312773667672969,0.12360997170135599,0.170777995132506,0.8707096222955227,1.0,0.0,0.0,0.0,time_varying_correction,20360721,time_varying_correction,1.0
36,1,1,0.5127751329930405,0.012775132993040427,0.27368531110177347,0.2952755905511811,0.7608631315356168,0.09117803987547135,2.765324058335814,0.19431722010178562,0.005350991295381119,0.19990891263700233,0.7648853780395104,0.15401670293226896,0.33156136314682644,1.2909758221243683,1.0,0.0,0.0,1.0,time_varying_correction,20360721,time_varying_correction,1.0
37,1,1,0.6024821478796563,0.10248214787965625,0.5207650303248225,0.531496062992126,1.1394335307541623,0.040569244081605754,2.1843474592564727,0.20844385567121726,0.007192859969643659,0.22280860763542482,1.139463247537184,0.24699805167072042,0.3078869880287534,1.9943217817785965,1.0,0.0,0.0,1.0,time_varying_correction,20360721,time_varying_correction,1.0
38,1,0,0.508925602078252,0.008925602078252014,0.490137281142899,0.5,0.6307865748489896,0.15318221021740627,2.8895761764648413,0.3097107261894114,0.010894746465154544,0.23514396349024722,0.6261169720393289,0.1466716610093929,0.1576966437122474,1.0932085384313386,1.0,0.0,0.0,0.0,time_varying_correction,20360721,time_varying_correction,1.0
39,1,1,0.5427138617566508,0.04271386175665085,0.5227214289920767,0.531496062992126,0.6961866844783157,0.22498044834109557,2.5106117381018596,0.17598034995255335,0.0077639047452508925,0.17989460096927112,0.6865750673489475,0.12168910067997532,0.27262457193378475,1.0375505795859845,1.0,0.0,0.0,1.0,time_varying_correction,20360721,time_varying_correction,1.0
40,1,0,0.5066440019552766,0.006644001955276575,0.4442988205477122,0.468503937007874,0.8058596806378399,0.09626708410562687,1.5703136939317417,0.24507256682283815,0.012916928927912614,0.16543265461259454,0.8019982318249681,0.13748743951642792,0.40139109254375,1.1712849404036216,1.0,0.0,0.0,0.0,time_varying_correction,20360721,time_varying_correction,1.0
41,1,1,0.5517560924768018,0.05175609247680175,0.3740853353700645,0.3779527559055118,1.1849514560354448,0.23582087778752,1.3289547254930516,0.21940832834644328,0.013463778761324022,0.11059680809861942,1.1833850277345328,0.13784263536066133,0.7954161299492415,1.5595303321787193,1.0,0.0,0.0,1.0,time_varying_correction,20360721,time_varying_correction,1.0
42,0,1,0.4930700717928142,0.0069299282071857895,0.40776787793057634,0.43700787401574803,0.9788022296322597,0.08452686121774997,1.35046339097782,0.23735347594213954,0.008039399891860432,0.24360711940528595,0.9874298281108678,0.2382389522448126,0.26150867182030224,1.7085703078656203,1.0,0.0,0.0,1.0,time_varying_correction,20360721,time_varying_correction,1.0
43,0,0,0.3566806830536847,0.14331931694631528,0.38648119753068744,0.40551181102362205,1.145946750662859,0.16934768928275137,1.857760463397907,0.3334728815260864,0.005133696070925048,0.16344920078712566,1.1474399433989686,0.18975723908302955,0.4852850274020216,1.835383244770222,1.0,0.0,0.0,0.0,time_varying_correction,20360721,time_varying_correction,1.0
44,1,0,0.5046237511533478,0.004623751153347747,0.4281732471435872,0.43700787401574803,0.9924337543253889,0.24558049886107863,2.9439222890259718,0.1536514658271988,0.011615446838353978,0.1789785572404991,0.9958528262638486,0.174695993484396,0.5065640104155938,1.5271412665871897,1.0,0.0,0.0,0.0,time_varying_correction,20360721,time_varying_correction,1.0
45,1,1,0.504491499660968,0.004491499660967962,0.2384074095858957,0.24015748031496062,0.6323582226263467,0.11519817113680528,2.061598603614846,0.2712337443442801,0.007045054473324123,0.19220623228683084,0.6339403998209481,0.12731224260396948,0.21327664549034825,1.047802718299151,1.0,0.0,0.0,1.0,time_varying_correction,20360721,time_varying_correction,1.0
46,0,0,0.48302647336360094,0.016973526636399054,0.2948463115980773,0.2952755905511811,0.5824368663634711,0.25804435891334754,1.9203855919218533,0.2544979175702004,0.008915851617399603,0.22841639183873233,0.575925088627113,0.13206191424762428,0.14560921659086778,0.9776271940851183,1.0,0.0,0.0,0.0,time_varying_correction,20360721,time_varying_correction,1.0
47,0,0,0.491393350568476,0.00860664943152399,0.48305219689819334,0.5,1.0924512457726774,0.21417663997209643,2.789882254574896,0.18527001972348534,0.00461680088602558,0.21577210972233593,1.0918125774530618,0.24996055274762458,0.403375331135461,1.8240194768796738,1.0,0.0,0.0,0.0,time_varying_correction,20360721,time_varying_correction,1.0
48,0,0,0.46599653134710445,0.03400346865289554,0.4640975248657871,0.468503937007874,0.7359001142649467,0.11854942514407979,2.9017990274823293,0.22791816741916116,0.012296569653561393,0.25007664438817234,0.7372756756879317,0.1853463186168263,0.230255282912636,1.3304229686825586,1.0,0.0,0.0,0.0,time_varying_correction,20360721,time_varying_correction,1.0
49,0,0,0.3242954498981777,0.17570455010182232,0.38842473500772845,0.40551181102362205,0.5912444334988718,0.042510940010974316,1.3090372423656713,0.30485540747731443,0.011183342062221685,0.1496300875554251,0.5950658876982841,0.08808210768756267,0.3332304500128369,0.8621602917351173,1.0,0.0,0.0,0.0,time_varying_correction,20360721,time_varying_correction,1.0
50,1,1,0.5141721880687004,0.014172188068700303,0.2925349815389395,0.2952755905511811,1.2079091000828623,0.0956400831369164,2.7583431233855817,0.13468576753166045,0.011592794683329202,0.11879112868863806,1.2123372570654027,0.1457106287457617,0.7604935685283982,1.6409061954410569,1.0,0.0,0.0,1.0,time_varying_correction,20360721,time_varying_correction,1.0
51,0,0,0.3117005322483252,0.18829946775167478,0.4738180825019983,0.5,0.7324123561099314,0.11229057819682486,2.1029925281026554,0.1380096210608318,0.012780816339359256,0.1376408051235215,0.7367443685329936,0.09721581069842469,0.46103367665083106,1.005143544606158,1.0,0.0,0.0,0.0,time_varying_correction,20360721,time_varying_correction,1.0
52,1,0,0.5441921133634208,0.04419211336342075,0.32367791230234205,0.35039370078740156,0.9172267936010263,0.2269289838354347,2.690213564102983,0.16211045763097207,0.011880048155905031,0.13032382101866372,0.9268554566200548,0.12783751411667887,0.5552055813987119,1.3032870952406999,1.0,0.0,0.0,0.0,time_varying_correction,20360721,time_varying_correction,1.0
53,1,1,0.5072259975875214,0.007225997587521388,0.4888698825835932,0.5,1.0160695084810103,0.08477065442501114,2.2795614163107776,0.17294160134953715,0.012233315770832396,0.11786035775169648,1.0138739434704866,0.12584151924407597,0.6343130497325336,1.4043854764840924,1.0,0.0,0.0,1.0,time_varying_correction,20360721,time_varying_correction,1.0
54,0,0,0.3766032853526534,0.12339671464734658,0.40195691124946303,0.40551181102362205,1.061243812321882,0.25139478938197046,2.5433414251330615,0.17911623035420027,0.013542719324509907,0.13017720561824964,1.063380776438628,0.141020837431072,0.5714348868864483,1.4956214621255366,1.0,0.0,0.0,0.0,time_varying_correction,20360721,time_varying_correction,1.0
55,0,0,0.4833772839594744,0.0166227160405256,0.5890989691352887,0.594488188976378,0.9186673825740743,0.25411638611434145,1.3666384383275518,0.31841762591854444,0.013274953168600771,0.20360245930081494,0.8952854509432433,0.19797619444868678,0.27303860164008836,1.54735430597298,1.0,0.0,0.0,0.0,time_varying_correction,20360721,time_varying_correction,1.0
56,1,0,0.6326166810970338,0.13261668109703387,0.263390785537807,0.2677165354330709,1.0718552205478147,0.2318984181774735,2.721088697227175,0.23730911589105258,0.006406273260146051,0.1682529873861041,1.067987671967576,0.1867343410365801,0.5331895482687407,1.5628841620753633,1.0,0.0,0.0,0.0,time_varying_correction,20360721,time_varying_correction,1.0
57,1,1,0.549542608959096,0.04954260895909598,0.457193419498452,0.468503937007874,0.814115341737476,0.14673273662599615,1.5678965884940326,0.12593876397794057,0.012867054998516713,0.212806259650914,0.8125396355387676,0.17747321167182725,0.24226937975118296,1.4037434593791436,1.0,0.0,0.0,1.0,time_varying_correction,20360721,time_varying_correction,1.0
58,0,1,0.4958407748963703,0.004159225103629693,0.29864197326668623,0.3228346456692913,0.5061826462177164,0.265993362580206,2.0616490336445716,0.13827881352881213,0.01132289068100058,0.19097830558034634,0.5051006820846451,0.09689509500051177,0.14032617312690057,0.7795267625309812,1.0,0.0,0.0,1.0,time_varying_correction,20360721,time_varying_correction,1.0
59,1,0,0.5085920530840958,0.008592053084095776,0.4601652113895274,0.468503937007874,0.7568732381773028,0.07369105607025368,1.5076101280818912,0.33807982713911133,0.0066430078410387216,0.16279349447157587,0.7645000642346939,0.12422886259187654,0.3322254244071949,1.1244552437393658,1.0,0.0,0.0,0.0,time_varying_correction,20360721,time_varying_correction,1.0
60,1,1,0.5392539085086616,0.03925390850866161,0.31331816859583145,0.3228346456692913,0.6843656580092111,0.16370687609270393,2.229545347191212,0.21729922324791018,0.007784511919094518,0.21600866778751476,0.6986154683736199,0.15275119290326974,0.17109141450230278,1.1123080866797808,1.0,0.0,0.0,1.0,time_varying_correction,20360721,time_varying_correction,1.0
61,1,0,0.5098115481096992,0.00981154810969918,0.27531404594766673,0.2952755905511811,0.5300030854380009,0.21656310759944286,1.9453469299843327,0.31742862557665763,0.006966496024396839,0.20422714400245262,0.5272540251676405,0.10872468034028342,0.19472065559848872,0.8087482612420465,1.0,0.0,0.0,0.0,time_varying_correction,20360721,time_varying_correction,1.0
62,1,1,0.5183293126066719,0.018329312606671973,0.2421693498528883,0.2677165354330709,0.9436094576835603,0.27823698566935867,2.5785422564219176,0.20646079523909144,0.012813532961962623,0.12760340949127222,0.9524697307746455,0.12502677039128354,0.5673865535656022,1.2983701007539052,1.0,0.0,0.0,1.0,time_varying_correction,20360721,time_varying_correction,1.0
63,1,1,0.5515402593369169,0.051540259336916895,0.4484475222908759,0.468503937007874,0.6410968303886545,0.12164714392742185,2.306798211335657,0.12006613233995989,0.007576165054530396,0.10277989171105698,0.639329619139163,0.0658677058673841,0.46548806061039566,0.8394771495746703,1.0,0.0,0.0,1.0,time_varying_correction,20360721,time_varying_correction,1.0
64,1,1,0.5097848614670036,0.009784861467003601,0.4642859724047545,0.468503937007874,0.5932816739350973,0.07370454423956771,1.7862556524134883,0.22569532957593408,0.013487077222336219,0.16542577031416558,0.5996068532379791,0.10252650783435324,0.2728479226563967,0.9239493767215466,1.0,0.0,0.0,1.0,time_varying_correction,20360721,time_varying_correction,1.0
65,0,0,0.23504645768227744,0.26495354231772256,0.5385560197805259,0.562992125984252,1.1559753338163712,0.10072146766883626,3.0178997615793173,0.3373488473928271,0.009039206736929692,0.24930501549431602,1.1685934661803195,0.29224777489450576,0.2889938334540928,1.8941914073829766,1.0,0.0,0.0,0.0,time_varying_correction,20360721,time_varying_correction,1.0
66,1,1,0.5191825755246046,0.01918257552460459,0.2659007926984826,0.2677165354330709,0.7618122741546993,0.1522117555515652,2.9591892435462173,0.31385420603626857,0.012799882497646386,0.23455495673690294,0.7578814485993205,0.18948221121960596,0.2293500142955017,1.28677466451536,1.0,0.0,0.0,1.0,time_varying_correction,20360721,time_varying_correction,1.0
67,1,1,0.5259402934847258,0.025940293484725842,0.5132026725372959,0.531496062992126,0.7226952920926872,0.060038409169560436,1.5255422398155885,0.2738546606256021,0.011262054705106574,0.2103099791739889,0.7298648313183638,0.15832954799318838,0.1806738230231718,1.1287698578001917,1.0,0.0,0.0,1.0,time_varying_correction,20360721,time_varying_correction,1.0
68,0,1,0.4945679111112491,0.005432088888750882,0.5775857461733824,0.594488188976378,0.616509733526382,0.23027741957745476,2.7638334674281237,0.28840611551291223,0.01175577296475724,0.19052252577046364,0.6169363077980642,0.12051643759250358,0.2780405538957695,0.9630972981687962,1.0,0.0,0.0,1.0,time_varying_correction,20360721,time_varying_correction,1.0
69,0,0,0.4620056123444796,0.037994387655520385,0.5377606276926915,0.562992125984252,1.110591393261661,0.1429221428807025,2.362459737119093,0.15572858264761358,0.012459929826863581,0.10619016921056547,1.1096590705613767,0.11718427042436792,0.8026914915428855,1.459407168683031,1.0,0.0,0.0,0.0,time_varying_correction,20360721,time_varying_correction,1.0
70,0,0,0.3953207915312616,0.1046792084687384,0.2934281221363674,0.2952755905511811,0.6153062696708721,0.25199238803118695,2.7807882408741746,0.33730233412124266,0.006904460362488023,0.10036339082464876,0.6133076672806814,0.06145059664767187,0.430427585364719,0.8126309156453997,1.0,0.0,0.0,0.0,time_varying_correction,20360721,time_varying_correction,1.0
71,1,1,0.5175235233206452,0.017523523320645235,0.5690032097326578,0.594488188976378,0.7083732624086762,0.2522684088460056,1.9570984575926877,0.18758759007244696,0.011115766370206248,0.2560472939020051,0.7112080641270296,0.18030162111201398,0.17709331560216904,1.3133927324354469,1.0,0.0,0.0,1.0,time_varying_correction,20360721,time_varying_correction,1.0
72,0,0,0.4636537087407699,0.03634629125923013,0.38867861318413927,0.40551181102362205,1.1609364056075262,0.24459540811831718,1.5098943057225487,0.12932395838195165,0.01148155543143154,0.11592824449959938,1.1669976916540292,0.13111283181124644,0.7830557880374702,1.513801786892699,1.0,0.0,0.0,0.0,time_varying_correction,20360721,time_varying_correction,1.0
73,0,0,0.32001214290323254,0.17998785709676748,0.4836235077204962,0.5,0.9403600037343489,0.12982119681130527,2.3304976338719774,0.32705429489518256,0.01047060613632285,0.2455472824686377,0.9479855673172414,0.2209774971919509,0.36653529012308184,1.5897220411814803,1.0,0.0,0.0,0.0,time_varying_correction,20360721,time_varying_correction,1.0
74,0,0,0.3569100576183376,0.14308994238166242,0.4420187244946182,0.468503937007874,0.8735361025499756,0.17779497070094896,3.0933974671605036,0.21854828953693523,0.007893122121785012,0.12842926673203242,0.8765669430220956,0.10945685794589718,0.5002431073776719,1.17134680641964,1.0,0.0,0.0,0.0,time_varying_correction,20360721,time_varying_correction,1.0
75,0,0,0.37368860601893195,0.12631139398106803,0.478320626237729,0.5,0.8126787308412129,0.1974589450694626,2.9839958766098214,0.14726302192292987,0.010021400710766364,0.13772022693258212,0.8128319167504625,0.10836117600071533,0.5135236562717284,1.1642112065571697,1.0,0.0,0.0,0.0,time_varying_correction,20360721,time_varying_correction,1.0
76,0,1,0.4921923327183238,0.007807667281676217,0.25576744642287225,0.2677165354330709,0.7788599688030845,0.1966894658236527,3.1840284551635234,0.21504864020917208,0.012100447880253213,0.2531949458712429,0.7848412559530309,0.20531842244330606,0.19471499220077113,1.3303529987553375,1.0,0.0,0.0,1.0,time_varying_correction,20360721,time_varying_correction,1.0
77,0,0,0.4686599560202854,0.03134004397971461,0.3046776316649442,0.3228346456692913,1.2461243948062206,0.1444122915022291,1.7092711911961511,0.2969472269268226,0.008609108016229695,0.17711017336866341,1.258180848465167,0.21721634726525524,0.6648481306169396,1.8958196751045342,1.0,0.0,0.0,0.0,time_varying_correction,20360721,time_varying_correction,1.0
78,1,1,0.5611793521638312,0.06117935216383114,0.5582230122484265,0.562992125984252,0.7878883761906381,0.05603483552588683,1.8987930810689835,0.3119113099387072,0.01037538210212163,0.10458506827733388,0.7933686509129196,0.08297769332588228,0.5828380667790996,1.0280997922239439,1.0,0.0,0.0,1.0,time_varying_correction,20360721,time_varying_correction,1.0
79,1,0,0.505866840152146,0.00586684015214597,0.38446139654940903,0.40551181102362205,0.7339825440496337,0.11747687577977275,2.2717188261964427,0.13907937506581022,0.004673929472010215,0.24600373895288433,0.7250858907891837,0.17959191580243675,0.18349563601240843,1.212521945121693,1.0,0.0,0.0,0.0,time_varying_correction,20360721,time_varying_correction,1.0
80,1,1,0.7470456510608857,0.24704565106088572,0.47182483186551194,0.5,0.8588182866881333,0.25892141289696996,2.815811998898229,0.1212816752818923,0.004492448748529436,0.25167080101343275,0.8639466561554645,0.21423470652553855,0.21470457167203333,1.6122441923888482,1.0,0.0,0.0,1.0,time_varying_correction,20360721,time_varying_correction,1.0
81,0,0,0.494356613329037,0.005643386670963002,0.2632924573109704,0.2677165354330709,0.678064255524819,0.0800524136372782,3.070118892041079,0.30893822009084754,0.007238523628606727,0.23303926282351506,0.6822558402015277,0.15635339852372046,0.19955562520715214,1.1363655801421524,1.0,0.0,0.0,0.0,time_varying_correction,20360721,time_varying_correction,1.0
82,1,1,0.5561908336375381,0.05619083363753804,0.5197112379459634,0.531496062992126,0.741736741049947,0.20677546177325914,2.5735065650258635,0.174820797511604,0.007487699525877873,0.20415541874970064,0.7463459314427217,0.1489291318885931,0.27554334757424326,1.1957969851875863,1.0,0.0,0.0,1.0,time_varying_correction,20360721,time_varying_correction,1.0
83,0,0,0.4014035077739733,0.09859649222602669,0.5249301247911229,0.531496062992126,0.6340364444867264,0.08963168372943767,2.67565795372048,0.16014918950862328,0.012105122919121098,0.2089282543318569,0.6242409346069273,0.1410404510461308,0.19127753467883526,1.057544317595843,1.0,0.0,0.0,0.0,time_varying_correction,20360721,time_varying_correction,1.0
84,0,1,0.43726476354617766,0.06273523645382233,0.39395038683501277,0.40551181102362205,1.070069362144042,0.1776802815779155,2.941197065236337,0.2738921237299892,0.008405487334098698,0.21502846366937622,1.073950585338315,0.23713939350612873,0.27787886011746565,1.9220594534474649,1.0,0.0,0.0,1.0,time_varying_correction,20360721,time_varying_correction,1.0
85,0,0,0.49357054429883807,0.006429455701161938,0.23010521262540193,0.24015748031496062,0.5777689417102008,0.14177468937339538,1.6277017423844806,0.21621567293731697,0.004062139290078589,0.2596885589777951,0.5846581919896247,0.1573402266348674,0.1444422354275502,1.027593982443634,1.0,0.0,0.0,0.0,time_varying_correction,20360721,time_varying_correction,1.0
86,0,0,0.4752862767867528,0.0247137232132472,0.4364354159694134,0.43700787401574803,0.5923646166887042,0.17643259359875488,2.9437364400194204,0.23164741336937542,0.0054839321659522055,0.11108237168719133,0.5874290439520483,0.06431546457597594,0.43052036969345747,0.7778775160740252,1.0,0.0,0.0,0.0,time_varying_correction,20360721,time_varying_correction,1.0
87,0,1,0.4922441979005623,0.007755802099437727,0.4265479157016325,0.43700787401574803,0.7622512952363089,0.23485704254380882,3.1254787866125904,0.23864779876682563,0.010637297449262128,0.11783147035434849,0.7599537543647152,0.09014723299636758,0.43870891844092746,1.0072533571722142,1.0,0.0,0.0,1.0,time_varying_correction,20360721,time_varying_correction,1.0
88,0,0,0.4057363734157671,0.09426362658423289,0.2791239513374238,0.2952755905511811,0.6219553354228383,0.1228903148438791,1.5105172351226634,0.3046419754827843,0.007972448872506902,0.10764787137289539,0.6239836024270874,0.06583231509934764,0.44067487271269107,0.8350140185736858,1.0,0.0,0.0,0.0,time_varying_correction,20360721,time_varying_correction,1.0
89,0,0,0.4804186093842619,0.01958139061573809,0.36846335237346817,0.3779527559055118,1.0007351672089393,0.11279052001818152,3.037834559042785,0.22526596605829263,0.006072442463083143,0.204639497566253,1.0149706359442199,0.21421273219684261,0.42548863895743566,1.735989976036108,1.0,0.0,0.0,0.0,time_varying_correction,20360721,time_varying_correction,1.0
90,0,0,0.4728073710685061,0.027192628931493854,0.30012827350014426,0.3228346456692913,0.5476892538170695,0.06893237508488607,1.5122623100948869,0.2457953187074584,0.012572230205376263,0.23750482568209408,0.5405957354845043,0.13324953843155218,0.13692231345426736,1.0066902385093872,1.0,0.0,0.0,0.0,time_varying_correction,20360721,time_varying_correction,1.0
91,1,1,0.5822294966147573,0.08222949661475734,0.25190436463857335,0.2677165354330709,0.9536551397462552,0.13057636533561962,2.9703202299187907,0.20731004392615687,0.007879556057346682,0.1874912191639418,0.9715981429949807,0.17318433517327117,0.45249831516756506,1.5261333249145075,1.0,0.0,0.0,1.0,time_varying_correction,20360721,time_varying_correction,1.0
92,0,0,0.48769666838186687,0.012303331618133106,0.5345598478548638,0.562992125984252,0.6392310958186649,0.06273761954269279,1.757826514822114,0.19213433591622653,0.0075750046034570515,0.16602147892195857,0.638944851501218,0.10958851443845376,0.3345645031961079,0.994995930696953,1.0,0.0,0.0,0.0,time_varying_correction,20360721,time_varying_correction,1.0
93,1,1,0.5067392175532548,0.006739217553254753,0.3070202968763493,0.3228346456692913,1.1742342720185521,0.1335241776970559,2.432839861330561,0.28847314420923464,0.0074109494661578745,0.2030488644594166,1.16907967116323,0.23795134043805272,0.4610355331204726,1.8492053182924502,1.0,0.0,0.0,1.0,time_varying_correction,20360721,time_varying_correction,1.0
94,0,0,0.45876264684611884,0.04123735315388116,0.3317748524924886,0.35039370078740156,0.8512550472280015,0.178429878174744,2.027038131826203,0.15405323032313556,0.013949182141352415,0.1260364453678647,0.8475402447698869,0.10402320809653805,0.5302076761670071,1.1131837865863092,1.0,0.0,0.0,0.0,time_varying_correction,20360721,time_varying_correction,1.0
95,0,0,0.4706366478107593,0.029363352189240695,0.4569524649808042,0.468503937007874,1.0429306399507365,0.06440341701557845,2.5452607191309973,0.27235786522774585,0.010711749475698685,0.17594340546313186,1.0371738302409428,0.1841556336511862,0.49876891064248663,1.5354056850599789,1.0,0.0,0.0,0.0,time_varying_correction,20360721,time_varying_correction,1.0
96,1,1,0.5654893170714542,0.06548931707145425,0.25908500484370717,0.2677165354330709,0.5817165146548214,0.22705088719943448,2.023151992200192,0.29641070127442415,0.010484048342736132,0.13032857552841293,0.5802129943070543,0.07637534361833864,0.3067338720338131,0.7894987665071381,1.0,0.0,0.0,1.0,time_varying_correction,20360721,time_varying_correction,1.0
97,1,1,0.5358951832545633,0.0358951832545633,0.5438316712640703,0.562992125984252,1.240539341899331,0.20353839986563407,1.501931953590702,0.14108743349226252,0.011824033057531961,0.10469625041045141,1.2380291554959506,0.12937334630450353,0.8383825121382474,1.6916544457984284,1.0,0.0,0.0,1.0,time_varying_correction,20360721,time_varying_correction,1.0
98,1,1,0.5380493857106984,0.03804938571069836,0.5775407984888474,0.594488188976378,1.1882894759583102,0.13351520122390662,1.613252966486096,0.2414339144975961,0.013337431383156984,0.23269478250095846,1.1799982251852135,0.267958203107427,0.29707236898957756,1.8680516714952575,1.0,0.0,0.0,1.0,time_varying_correction,20360721,time_varying_correction,1.0
99,1,1,0.5378402806924291,0.037840280692429014,0.33306182047052774,0.35039370078740156,1.0432378383067755,0.25707935182595787,2.697307118913856,0.19066443361482405,0.012362358252451796,0.15518504666739458,1.0433010117184751,0.15685940038791055,0.5995112237416855,1.5509366140152336,1.0,0.0,0.0,1.0,time_varying_correction,20360721,time_varying_correction,1.0
100,0,1,0.47896365231134447,0.02103634768865554,0.34368231716150116,0.35039370078740156,1.0638025901787758,0.059071178723450066,2.4207885238640463,0.2261561131622016,0.009917439565313341,0.24845874327504586,1.0856467030606318,0.26288182923622366,0.26595064754469394,1.9099400326300617,1.0,0.0,0.0,1.0,time_varying_correction,20360721,time_varying_correction,1.0
101,1,1,0.6690691339447019,0.16906913394470194,0.5831718718970206,0.594488188976378,0.5946555596399891,0.04738338904708479,2.8990457465077304,0.23980261433272215,0.009325634258887553,0.12150665823487633,0.5931924063844743,0.07304860235771761,0.3596692286962097,0.8173093211029054,1.0,0.0,0.0,1.0,time_varying_correction,20360721,time_varying_correction,1.0
102,0,1,0.4767021860508084,0.02329781394919164,0.47466852291531814,0.5,0.7059785266428957,0.2245817357926564,1.3561527919240228,0.24964274577930914,0.007618306331153114,0.2267551574972273,0.6960733080908187,0.16476211750022368,0.2329421006184878,1.194580984595533,1.0,0.0,0.0,1.0,time_varying_correction,20360721,time_varying_correction,1.0
103,0,0,0.49122380077940037,0.008776199220599612,0.45648024629479167,0.468503937007874,0.5928127537119554,0.21138760193732037,2.6691151294520097,0.2078825592742213,0.005625681472605204,0.12626224556033394,0.5900497083945505,0.0752191083995608,0.3722419061104266,0.8433935187363115,1.0,0.0,0.0,0.0,time_varying_correction,20360721,time_varying_correction,1.0
104,0,0,0.4580233578789668,0.04197664212103319,0.2939758520410698,0.2952755905511811,0.9713688385875578,0.2584212321860304,2.212798237350693,0.33193730424753665,0.007566063181894591,0.12036315922278765,0.9658165394030993,0.11681158907610792,0.49341647947827777,1.3036524792434478,1.0,0.0,0.0,0.0,time_varying_correction,20360721,time_varying_correction,1.0
105,1,1,0.5078453118187966,0.007845311818796575,0.2246639042390951,0.24015748031496062,1.0024728126069593,0.2696812774668063,2.6429962807751393,0.2698387214557773,0.005162266223285765,0.20655031412720257,0.9887087468008604,0.21455640118754085,0.32790563158508235,1.5215203392507908,1.0,0.0,0.0,1.0,time_varying_correction,20360721,time_varying_correction,1.0
106,0,0,0.474529836752268,0.025470163247731995,0.30320753248097937,0.3228346456692913,1.121325671265847,0.24058670349965425,3.173621671077016,0.13937428613860284,0.011049249091463143,0.13990643439428774,1.1192603984157703,0.1551429756769653,0.6573962209602323,1.5335577458099834,1.0,0.0,0.0,0.0,time_varying_correction,20360721,time_varying_correction,1.0
107,1,1,0.7367727850524753,0.23677278505247537,0.5468423306716477,0.562992125984252,1.2428551628883469,0.2298910529367481,2.761041520974536,0.33789949892769594,0.005565197117919385,0.12936822976240372,1.2426010499128317,0.1658208788286592,0.7239852370531055,1.6906873048123967,1.0,0.0,0.0,1.0,time_varying_correction,20360721,time_varying_correction,1.0
108,1,1,0.5446800123612463,0.04468001236124636,0.5343319288602719,0.562992125984252,0.9925930097987231,0.24427540294783637,3.079419539334736,0.31802586113645964,0.005241289337668965,0.24055737425949422,0.9783284307957825,0.23290269237930214,0.24814825244968078,1.696896282486196,1.0,0.0,0.0,1.0,time_varying_correction,20360721,time_varying_correction,1.0
109,1,1,0.5583332058766325,0.058333205876632474,0.5511972345507824,0.562992125984252,0.8823305590148343,0.1547885462088879,1.9789948422908177,0.25708099464213696,0.011853939009206489,0.13056936808504754,0.8850286148317154,0.11998947814750589,0.4996526882109305,1.216401838021409,1.0,0.0,0.0,1.0,time_varying_correction,20360721,time_varying_correction,1.0
110,0,1,0.4957141372328768,0.004285862767123213,0.4974272538991862,0.5,0.512448581605261,0.0673300951950496,2.9669325073084556,0.24467739726939675,0.010404482259430605,0.19228142529602388,0.5102224317889024,0.09525741378702,0.19544343657257227,0.7905173134265533,1.0,0.0,0.0,1.0,time_varying_correction,20360721,time_varying_correction,1.0
111,0,0,0.33751487364733557,0.1624851263526644,0.452579922061801,0.468503937007874,1.1627900551957964,0.2011488177844012,2.527787435254214,0.14621002588763143,0.011704363143550726,0.15686760784213621,1.1795360856724273,0.17667389015959634,0.7170287645541845,1.7946110018825565,1.0,0.0,0.0,0.0,time_varying_correction,20360721,time_varying_correction,1.0
112,0,0,0.49108262135500325,0.00891737864499677,0.43545562400746285,0.43700787401574803,0.8541259667846244,0.19025026815484683,1.5233605500527376,0.21373297577458883,0.013608192384780756,0.16091205700460368,0.8552222523688092,0.13987044303857674,0.442876698495974,1.2715998813612117,1.0,0.0,0.0,0.0,time_varying_correction,20360721,time_varying_correction,1.0
113,1,1,0.5201229333222596,0.020122933322259538,0.5102801875714912,0.531496062992126,1.0329592058880146,0.27786153800703844,1.9814276980425494,0.292015462634151,0.009638848466793066,0.1343598573777728,1.0365381402602942,0.14109503507302779,0.6018172729891353,1.4841996648803584,1.0,0.0,0.0,1.0,time_varying_correction,20360721,time_varying_correction,1.0
114,0,0,0.34266894611358517,0.15733105388641483,0.4631844367100446,0.468503937007874,0.5592755876907022,0.128095413710562,2.101249430812298,0.20565594085736688,0.012937304147588582,0.20337688330394943,0.5545009329419398,0.11229786625593138,0.2516914350985909,0.8750067912521954,1.0,0.0,0.0,0.0,time_varying_correction,20360721,time_varying_correction,1.0
115,0,0,0.47881660617042027,0.021183393829579743,0.3705885886876159,0.3779527559055118,1.21699352306942,0.050163096449220713,2.914425075119775,0.21613291102976784,0.004344513252126231,0.21755122473238991,1.2473248148274039,0.26229784234580855,0.3576808674843945,2.231036983241005,1.0,0.0,0.0,0.0,time_varying_correction,20360721,time_varying_correction,1.0
116,0,0,0.20384806649230952,0.2961519335076905,0.4751085182769246,0.5,0.7740679729686386,0.19724567811825205,1.3087987265839922,0.2737069513799948,0.0072437475685560165,0.13248164298617868,0.778835924890774,0.10024525742791868,0.5301388201077326,1.0716151664265072,1.0,0.0,0.0,0.0,time_varying_correction,20360721,time_varying_correction,1.0
117,1,0,0.512939535765027,0.012939535765027009,0.5776113111680856,0.594488188976378,0.9610724607042049,0.15372521951972884,1.8492792358304495,0.32210962631983786,0.006111540399804813,0.19182519382457636,0.9602401042509114,0.1768227108996842,0.44459291304203286,1.492616094423305,1.0,0.0,0.0,0.0,time_varying_correction,20360721,time_varying_correction,1.0
118,0,0,0.4920006243017161,0.00799937569828391,0.35969484121539214,0.3779527559055118,1.2287853114606047,0.18178907585412782,1.6522816697340432,0.23303422504206173,0.013617910682125816,0.12092675840135421,1.2304786357047386,0.14673128375820588,0.8209966281496942,1.8296367446455386,1.0,0.0,0.0,0.0,time_varying_correction,20360721,time_varying_correction,1.0
119,1,1,0.6364640916622984,0.13646409166229842,0.5562026364762579,0.562992125984252,1.226255617011475,0.16279441907033929,3.1961238588476664,0.136115991111886,0.00603878712757268,0.25502081395920695,1.2095768283280428,0.31553293997383747,0.3065639042528687,2.1099550112983887,1.0,0.0,0.0,1.0,time_varying_correction,20360721,time_varying_correction,1.0
120,1,0,0.5289579196466823,0.028957919646682227,0.3868945833171065,0.40551181102362205,0.9951168638085138,0.2631700598579013,2.5043519534621406,0.15373503992937756,0.005920611015388628,0.23328324523974867,0.9906113067316477,0.22111832443297919,0.3312114117906402,1.6223235413133636,1.0,0.0,0.0,0.0,time_varying_correction,20360721,time_varying_correction,1.0
121,0,0,0.24831616810418017,0.25168383189581983,0.4695127834638386,0.5,0.8832600450545868,0.26936894116479937,3.109917190080796,0.25277209855131244,0.010729147692952638,0.10641857182730695,0.8831212612514314,0.09044928543889827,0.6332572669571537,1.1385950252423236,1.0,0.0,0.0,0.0,time_varying_correction,20360721,time_varying_correction,1.0
122,1,1,0.5618726440764101,0.06187264407641009,0.5609554848270846,0.562992125984252,0.8604896423281123,0.16384834716067903,3.1450767507536153,0.12790625181980358,0.008476830647232082,0.1732581442438354,0.8609756237020212,0.14902610827676524,0.3829178900671454,1.309534944050058,1.0,0.0,0.0,1.0,time_varying_correction,20360721,time_varying_correction,1.0
123,1,1,0.5942861202254477,0.09428612022544766,0.2647530433432705,0.2677165354330709,0.632901242439388,0.08335841364338545,2.000658993002359,0.12442640077669041,0.004761640120142725,0.2012780250216675,0.6431297197932144,0.12983412593159135,0.25042772162514393,0.9681236149133023,1.0,0.0,0.0,1.0,time_varying_correction,20360721,time_varying_correction,1.0
124,0,1,0.4883511532216963,0.011648846778303709,0.27186836013239124,0.2952755905511811,1.189685408279419,0.12603709281685493,3.1071455966262302,0.2671247626112123,0.012315897701085737,0.24903516380624724,1.198495132426425,0.28804126276893105,0.4364839491334554,2.0665658991070686,1.0,0.0,0.0,1.0,time_varying_correction,20360721,time_varying_correction,1.0
125,1,0,0.5283402775654213,0.028340277565421297,0.5560012723929062,0.562992125984252,0.6500589991317784,0.04926018808420839,2.4715144950753887,0.20005310128756087,0.007953868079067575,0.20226699095854112,0.6497739467552062,0.12888335996010045,0.3020939378473244,1.0354516591468355,1.0,0.0,0.0,0.0,time_varying_correction,20360721,time_varying_correction,1.0
126,1,1,0.5331216501669407,0.033121650166940714,0.31246326868026575,0.3228346456692913,1.0874439790079498,0.17404359546587425,1.5061901785634288,0.22625171872236693,0.006027824491743206,0.23261065566149344,1.0804181550994891,0.25496541443523973,0.27186099475198744,1.8549539019499641,1.0,0.0,0.0,1.0,time_varying_correction,20360721,time_varying_correction,1.0
127,0,0,0.2994852819959289,0.2005147180040711,0.43510284910311026,0.43700787401574803,0.5154330967111473,0.1056754785614934,2.273157658906677,0.18861603884517356,0.005977365084105684,0.15695359738072542,0.5161794090702679,0.07911536073992634,0.30181780815578224,0.7186175205724786,1.0,0.0,0.0,0.0,time_varying_correction,20360721,time_varying_correction,1.0
128,0,0,0.2437781166954558,0.2562218833045442,0.3074088840604494,0.3228346456692913,0.9017156773598216,0.15474518893601677,1.848380714009025,0.22252420923035643,0.008505444056020533,0.12537395582321448,0.8949137179224615,0.10897200481797349,0.5659401004965047,1.2143429667714711,1.0,0.0,0.0,0.0,time_varying_correction,20360721,time_varying_correction,1.0
129,0,0,0.495530828546611,0.004469171453388977,0.5879440476109441,0.594488188976378,0.5019178402141712,0.14076061398036832,2.2295522679830033,0.3375311757406,0.012659216554017503,0.15177837794398977,0.5003006800455624,0.07757809447546447,0.2762678209594843,0.7700760204610382,1.0,0.0,0.0,0.0,time_varying_correction,20360721,time_varying_correction,1.0
130,0,0,0.24679158427186054,0.25320841572813946,0.4934857066967082,0.5,0.910114362496633,0.1569983336412989,3.126974603842293,0.1319426910191705,0.007964980556627687,0.14033615532597693,0.8969012818810138,0.13035485218591536,0.4816951421724526,1.273249210517389,1.0,0.0,0.0,0.0,time_varying_correction,20360721,time_varying_correction,1.0
131,1,1,0.5150079850555841,0.015007985055584146,0.3637930301304638,0.3779527559055118,0.6849625124563841,0.2508893107819314,1.5165262192337905,0.3149614250930267,0.009677860166652064,0.1270799910604683,0.6864563933660662,0.08940924917973542,0.3815006876033791,0.9382689043734814,1.0,0.0,0.0,1.0,time_varying_correction,20360721,time_varying_correction,1.0
132,0,0,0.3233800972523644,0.17661990274763564,0.45920114571487974,0.468503937007874,1.1422561368177258,0.05295571542517143,2.6667067229660066,0.3398078506319914,0.011967200525885666,0.25517718636810494,1.136580831155613,0.2876394457450827,0.4241344281612865,2.0577058042969627,1.0,0.0,0.0,0.0,time_varying_correction,20360721,time_varying_correction,1.0
133,1,1,0.5204548619772069,0.020454861977206956,0.4749271383525231,0.5,0.7835015106828617,0.08053315807744846,2.186556111364787,0.2158053915336885,0.01070918282481749,0.13216682438360222,0.7747877742655176,0.1058587790084058,0.43231657497392756,1.0786342322923026,1.0,0.0,0.0,1.0,time_varying_correction,20360721,time_varying_correction,1.0
134,0,0,0.4435303880693931,0.05646961193060692,0.5535296797679674,0.562992125984252,0.858423280234853,0.21247458141910835,2.214366800716082,0.20908461574263265,0.013637861450818883,0.16932191832697815,0.8622523922570395,0.1382086582149974,0.3985596008994799,1.2876649790534604,1.0,0.0,0.0,0.0,time_varying_correction,20360721,time_varying_correction,1.0
135,0,0,0.4395810888555392,0.06041891114446081,0.4430038603858718,0.468503937007874,1.0468664379153767,0.13179771607907298,2.0486272282827076,0.14166107182189933,0.006169481613936583,0.24809804099515398,1.0504474284630503,0.2682137440892364,0.34374154649199773,1.872665018479527,1.0,0.0,0.0,0.0,time_varying_correction,20360721,time_varying_correction,1.0
136,1,1,0.5244323849818756,0.02443238498187561,0.40308545719688327,0.40551181102362205,0.8371254040062008,0.15027038499093284,2.220143650699638,0.1607431147800848,0.013721978339055632,0.1716241555878705,0.825174607932078,0.14456143664122373,0.393901671125825,1.3117479134397048,1.0,0.0,0.0,1.0,time_varying_correction,20360721,time_varying_correction,1.0
137,0,0,0.4938010911732177,0.0061989088267823105,0.22334792847077287,0.24015748031496062,0.8627791268239282,0.2468071373752967,2.1314589999957128,0.26651417692451307,0.008606050204048454,0.10776695117350554,0.8610917082635396,0.10138265830422254,0.5673571398106256,1.1749509938891693,1.0,0.0,0.0,0.0,time_varying_correction,20360721,time_varying_correction,1.0
138,0,0,0.4122609996939459,0.08773900030605407,0.28848205936813875,0.2952755905511811,0.5453071427463302,0.10451166736929521,1.8713767950176579,0.2072557310857992,0.012379309454974266,0.10084534155947147,0.5460975569162583,0.0544221667388362,0.37409633163385014,0.6851591522060932,1.0,0.0,0.0,0.0,time_varying_correction,20360721,time_varying_correction,1.0
139,1,1,0.5296543159929727,0.029654315992972795,0.4931020385364949,0.5,0.7600447813130835,0.05858825130980137,2.9256153233708604,0.297305746480613,0.010600846903820885,0.18497104008927778,0.7482642093029533,0.14249080186081817,0.2971506335139506,1.1176310428739604,1.0,0.0,0.0,1.0,time_varying_correction,20360721,time_varying_correction,1.0
140,0,0,0.4749005830774143,0.025099416922585722,0.4209988157130421,0.43700787401574803,1.1710992027559306,0.2301434427038723,3.008929091267237,0.3286699676055005,0.007824085829512842,0.19992177176839687,1.1756821365924428,0.2460012629228004,0.4477325773232511,1.977282552839794,1.0,0.0,0.0,0.0,time_varying_correction,20360721,time_varying_correction,1.0
141,1,0,0.5122869577740513,0.012286957774051269,0.3215831778323671,0.3228346456692913,1.1095921009747303,0.06818641634347766,3.0821011230631683,0.1831155814207019,0.004623338349588567,0.1808890349029198,1.1070967064271584,0.19531366079825657,0.6050507698171529,1.8616744300539976,1.0,0.0,0.0,0.0,time_varying_correction,20360721,time_varying_correction,1.0
142,1,0,0.5628483220567828,0.06284832205678283,0.5095080290650944,0.531496062992126,1.0229755484229175,0.05634170582576684,1.487452321061281,0.32520607588188155,0.007363965015340838,0.2065648506144863,1.0094828323080298,0.20948040488891723,0.4037390045107362,1.687935895753147,1.0,0.0,0.0,0.0,time_varying_correction,20360721,time_varying_correction,1.0
143,1,1,0.5041880490482651,0.004188049048265043,0.23913595543693883,0.24015748031496062,0.7787816376180006,0.13681924694100925,3.025226605930463,0.23568502875990108,0.00942983465392524,0.25646895159996574,0.7856165052081099,0.2073991289581609,0.2243819482930495,1.3734748358643745,1.0,0.0,0.0,1.0,time_varying_correction,20360721,time_varying_correction,1.0
144,0,1,0.49245202763310725,0.007547972366892769,0.27317762229675147,0.2952755905511811,0.9145770644194724,0.16034016185445957,1.6000290696244845,0.2607153124988222,0.0080605733122265,0.22177798892750827,0.916648964524983,0.19397461286183773,0.30374100837913665,1.447464466932533,1.0,0.0,0.0,1.0,time_varying_correction,20360721,time_varying_correction,1.0
145,0,0,0.3444282114672712,0.15557178853272877,0.4021626017158715,0.40551181102362205,0.9962998124573793,0.13985040386391479,2.7959869443177845,0.3010774725403569,0.011447431312272783,0.17800879549835508,1.0067037375044,0.17168847064920553,0.24907495311434483,1.5447747501530722,1.0,0.0,0.0,0.0,time_varying_correction,20360721,time_varying_correction,1.0
146,0,0,0.38503339573720075,0.11496660426279924,0.3311201430139119,0.35039370078740156,1.0231145256650578,0.23248355520947672,1.6654935480907562,0.25276725628859087,0.01126596636874308,0.10226948915449206,1.0232964680873355,0.10586141335265897,0.74068460683192,1.3377645663509588,1.0,0.0,0.0,0.0,time_varying_correction,20360721,time_varying_correction,1.0
147,1,1,0.6498380163808901,0.1498380163808901,0.5006416852191066,0.5,0.915167768387898,0.1408923902172958,2.0820856746023475,0.27017664925266494,0.006997581860963647,0.24050232060602378,0.9161495144592376,0.22064640422638507,0.2287919420969745,1.6316701018762898,1.0,0.0,0.0,1.0,time_varying_correction,20360721,time_varying_correction,1.0
148,0,0,0.27932663375382283,0.22067336624617717,0.5109503023563168,0.531496062992126,0.5808948406516569,0.16020284247474698,1.8452380404160043,0.181778846589134,0.01211748116966959,0.2132662170224755,0.5790126722853366,0.13027120899533665,0.23105487496836102,0.961441325765489,1.0,0.0,0.0,0.0,time_varying_correction,20360721,time_varying_correction,1.0
149,1,1,0.5053376507665528,0.005337650766552831,0.5293662687389242,0.531496062992126,1.010102737224073,0.2769636618178967,3.1843022562238685,0.23592766565992696,0.01213452551807883,0.24525799631242834,1.015735820338867,0.2476367655987785,0.3243504146950965,1.7551660592807625,1.0,0.0,0.0,1.0,time_varying_correction,20360721,time_varying_correction,1.0
150,0,0,0.4484707419413896,0.05152925805861043,0.24421609802087263,0.2677165354330709,0.8399793639518132,0.263217222540309,3.072796465811371,0.23896237457220834,0.013604687697864873,0.2054294292982831,0.849348839703906,0.17694407306703683,0.2950923818121058,1.355027789771239,1.0,0.0,0.0,0.0,time_varying_correction,20360721,time_varying_correction,1.0
151,0,1,0.4513756266629044,0.04862437333709563,0.3157297311051416,0.3228346456692913,1.0095409478225041,0.14637982109418435,1.6152012306484917,0.17593811997522968,0.009628505556142423,0.2163799696014903,1.0043464066096655,0.22586775132670278,0.25238523695562604,1.6608494943383525,1.0,0.0,0.0,1.0,time_varying_correction,20360721,time_varying_correction,1.0
152,1,1,0.5086786148574557,0.00867861485745565,0.5223860775667343,0.531496062992126,0.6160711098774212,0.16297264499577946,2.7743649870509657,0.1372186649296861,0.010726980803941806,0.1443433549445036,0.6157510265133432,0.08966271964956998,0.3598425691286659,0.8752919890053981,1.0,0.0,0.0,1.0,time_varying_correction,20360721,time_varying_correction,1.0
153,0,0,0.4690987906748487,0.030901209325151297,0.24785571452599764,0.2677165354330709,0.795753763304322,0.07496197216965704,2.618898856201426,0.17756677064551254,0.007285543336896103,0.15118554930159014,0.7974201608450058,0.12285368929524518,0.455963272105611,1.1822840699025121,1.0,0.0,0.0,0.0,time_varying_correction,20360721,time_varying_correction,1.0
154,1,1,0.7515155273095738,0.2515155273095738,0.2661166251937959,0.2677165354330709,0.5731781657145005,0.06322049761964059,2.9528824510479197,0.2230931263136275,0.013548279119014557,0.25021210686490114,0.5743515190831947,0.139289819681322,0.14329454142862513,0.962001769515054,1.0,0.0,0.0,1.0,time_varying_correction,20360721,time_varying_correction,1.0
155,0,0,0.24319980286804171,0.2568001971319583,0.49285118725507115,0.5,1.2170220642637752,0.14646184054287736,2.3358005683004994,0.2960019761647549,0.013602904482513872,0.22950802287723265,1.224449603096517,0.2767431752914812,0.3042555160659438,1.9594888785202862,1.0,0.0,0.0,0.0,time_varying_correction,20360721,time_varying_correction,1.0
156,0,0,0.441326206905137,0.05867379309486296,0.35815919702596183,0.3779527559055118,0.8722512973534755,0.09822614885367685,2.601129491369196,0.2690090906345861,0.007056588867799139,0.2082749194914545,0.8692301635150167,0.1838050105959022,0.3418342136648011,1.5588156936029365,1.0,0.0,0.0,0.0,time_varying_correction,20360721,time_varying_correction,1.0
157,0,0,0.4689742764063539,0.0310257235936461,0.3424719717371484,0.35039370078740156,0.7471885678288157,0.20344853935978308,2.138399203708526,0.17642959216202897,0.007453813318937207,0.17489908461782194,0.7384532203944398,0.1262980160448635,0.35571781667977304,1.1248244513923107,1.0,0.0,0.0,0.0,time_varying_correction,20360721,time_varying_correction,1.0
158,0,0,0.43425221511722,0.06574778488277996,0.3262602412953984,0.35039370078740156,0.6781869973496224,0.2421886651903326,1.882074186528191,0.19420151518035444,0.00927296847216493,0.22402798968394888,0.6653905733005905,0.15423204832110293,0.20131375828232084,1.119304505049979,1.0,0.0,0.0,0.0,time_varying_correction,20360721,time_varying_correction,1.0
159,1,1,0.7397913887349916,0.23979138873499165,0.4532090097175243,0.468503937007874,0.6176713150121779,0.2759803776551546,1.4272826180316311,0.2821995427538011,0.00973687735592329,0.2537321386530105,0.6164300797215241,0.16297292166625374,0.20409983971259454,1.2257250183675952,1.0,0.0,0.0,1.0,time_varying_correction,20360721,time_varying_correction,1.0
0,0,0,0.4876989600263338,0.012301039973666194,0.5358697431956682,0.562992125984252,1.0493602379675395,0.11710322427494568,1.6330755186641641,0.19566926881620847,0.00991448841579158,0.20083184066079424,1.0341630656210887,0.21239933902903363,0.37039330811673776,1.6858166278248305,1.0,0.0,0.0,0.0,anisotropic_coupling,20360721,anisotropic_coupling,1.0
1,0,0,0.4205447994444914,0.07945520055550857,0.36440787756217086,0.3779527559055118,0.9367673031593826,0.11693960678436799,1.703037171062399,0.3388924183444567,0.007660688477492543,0.10063308324756494,0.9396239653257498,0.09755173211648242,0.6104334904135823,1.1939352653434843,1.0,0.0,0.0,0.0,anisotropic_coupling,20360721,anisotropic_coupling,1.0
2,1,1,0.5061414496372072,0.006141449637207172,0.5950811334007232,0.594488188976378,0.7452458058944059,0.05422432782053643,1.4923602641368663,0.32144646947347677,0.006644757703840825,0.24820555894072552,0.7484784385077872,0.19312300030979945,0.18631145147360148,1.4292174384648004,1.0,0.0,0.0,1.0,anisotropic_coupling,20360721,anisotropic_coupling,1.0
3,1,1,0.6924560590910476,0.19245605909104757,0.35495740331532144,0.3779527559055118,1.1717160893783207,0.25662460505369017,1.8888575324970427,0.2324854797173064,0.008728684108449066,0.17582602896552607,1.1718282815842844,0.20752071927198135,0.4308815838192099,1.775896212182726,1.0,0.0,0.0,1.0,anisotropic_coupling,20360721,anisotropic_coupling,1.0
4,1,1,0.5708624699731402,0.07086246997314015,0.4169411860758176,0.43700787401574803,1.1392457991434484,0.15274078764294624,1.7025541463015383,0.27382937367202165,0.004792076948166336,0.10453499525683893,1.1362207827999489,0.11945404889216897,0.7616191634266425,1.531003167273847,1.0,0.0,0.0,1.0,anisotropic_coupling,20360721,anisotropic_coupling,1.0
5,1,1,0.53833447688398,0.0383344768839799,0.5393413428342307,0.562992125984252,1.038432934722766,0.19068838396199514,1.4805399234093088,0.3024698607637878,0.010039166282408859,0.1773116324460906,1.0509185082386212,0.18464671646179964,0.4730508741938004,1.5861971010812312,1.0,0.0,0.0,1.0,anisotropic_coupling,20360721,anisotropic_coupling,1.0
6,0,0,0.33789291208851546,0.16210708791148457,0.5772983096596905,0.594488188976378,0.6739653675450559,0.18208032070237798,1.902389616002326,0.2396196258351808,0.00696898962090063,0.16587086792611688,0.6767815894844816,0.11186917740463202,0.3813395189854623,1.0775805996267518,1.0,0.0,0.0,0.0,anisotropic_coupling,20360721,anisotropic_coupling,1.0
7,0,0,0.41885686683241796,0.08114313316758205,0.38451715020749266,0.40551181102362205,1.1451449428495046,0.1891710154057308,2.0764191172334177,0.24819964554771562,0.012124081486116987,0.20658393242899425,1.128655880881054,0.23492948142936806,0.37284217724197793,1.836569380023215,1.0,0.0,0.0,0.0,anisotropic_coupling,20360721,anisotropic_coupling,1.0
8,1,1,0.7271837997796206,0.22718379977962058,0.2642458717194094,0.2677165354330709,1.12991814470697,0.26287182051294716,1.9399011275870008,0.23270554704322155,0.012222568305278722,0.23236544086240557,1.1339221194859677,0.27652249794421724,0.34193399423425397,1.981479605429228,1.0,0.0,0.0,1.0,anisotropic_coupling,20360721,anisotropic_coupling,1.0
9,1,1,0.6389371987063049,0.13893719870630494,0.5795935585961692,0.594488188976378,0.9856868724130264,0.1094575164172065,2.204853101292923,0.1201599091931449,0.011944063123474756,0.2557557352642851,0.9927740740776066,0.25014324863704235,0.2464217181032566,1.7875356200764385,1.0,0.0,0.0,1.0,anisotropic_coupling,20360721,anisotropic_coupling,1.0
10,1,1,0.512326345439454,0.01232634543945404,0.5167923737702621,0.531496062992126,1.1970314096269095,0.13744144013657036,2.6327902032434003,0.1713893372024301,0.005607496176637538,0.17070498778644774,1.201099540454659,0.20361165428919012,0.6842973618758191,1.8454855064604243,1.0,0.0,0.0,1.0,anisotropic_coupling,20360721,anisotropic_coupling,1.0
11,0,0,0.42533290522126915,0.07466709477873085,0.4516381220041529,0.468503937007874,0.9105452041853289,0.11705781967516962,2.5700668882174575,0.2740376544445672,0.01286047785933484,0.1839907614964587,0.9023836970120426,0.16506450749467108,0.3408024601823798,1.352068042792209,1.0,0.0,0.0,0.0,anisotropic_coupling,20360721,anisotropic_coupling,1.0
12,0,0,0.3140938503825125,0.1859061496174875,0.41379121750240283,0.43700787401574803,1.0040092736199395,0.10994968844126063,1.8484712306133937,0.33358367254935617,0.011924053491706353,0.21325376641176697,1.0033118155052434,0.22152896727599586,0.3851341419352836,1.6226983814211886,1.0,0.0,0.0,0.0,anisotropic_coupling,20360721,anisotropic_coupling,1.0
13,1,1,0.7354179946710866,0.23541799467108665,0.5572134376106046,0.562992125984252,1.1373861515972052,0.26702936246943826,1.3445969186682616,0.193623032343255,0.008195610995787573,0.23179611400073538,1.1342354237305783,0.27016825776738373,0.2843465378993013,1.9410620930529288,1.0,0.0,0.0,1.0,anisotropic_coupling,20360721,anisotropic_coupling,1.0
14,1,1,0.5045132483113997,0.004513248311399663,0.5619023956401994,0.562992125984252,0.7771497785320289,0.2618222371405107,2.778033899383619,0.3398352525587256,0.013280277270866588,0.1398202101274591,0.7783522728350107,0.11138914981651435,0.44134018503741873,1.1530890602510693,1.0,0.0,0.0,1.0,anisotropic_coupling,20360721,anisotropic_coupling,1.0
15,1,1,0.707384413759469,0.20738441375946903,0.4655681804677214,0.468503937007874,0.5087745180242287,0.18386518125701168,1.5005078406554286,0.3190400691727606,0.007020138219482535,0.2480898851886528,0.5048698502071438,0.1271229345592285,0.12719362950605717,0.8810810115630133,1.0,0.0,0.0,1.0,anisotropic_coupling,20360721,anisotropic_coupling,1.0
16,1,1,0.5628161723367774,0.06281617233677737,0.45243815903105156,0.468503937007874,1.0943416741993994,0.16650276593497657,1.8409558273837219,0.28289215895965825,0.011441982050858796,0.11269684006366895,1.0951644786696637,0.12476668375147418,0.7006423127517025,1.479847956196706,1.0,0.0,0.0,1.0,anisotropic_coupling,20360721,anisotropic_coupling,1.0
17,1,1,0.5041082461233882,0.00410824612338822,0.28438926653927743,0.2952755905511811,0.740357222431465,0.042600285117012436,1.3423988507795226,0.28606394253855605,0.007345466333873249,0.17021549782233447,0.7531337585488732,0.12010190407736593,0.3444616041188223,1.1616861981384836,1.0,0.0,0.0,1.0,anisotropic_coupling,20360721,anisotropic_coupling,1.0
18,1,1,0.5089220548197714,0.00892205481977142,0.30155224414758014,0.3228346456692913,1.163913114963229,0.05747237949048024,1.6361027021167105,0.204011951832672,0.006443624190728685,0.1420242039783701,1.1710062256333313,0.15813673689392616,0.7080416468774734,1.6960336750272365,1.0,0.0,0.0,1.0,anisotropic_coupling,20360721,anisotropic_coupling,1.0
19,1,1,0.6736706578906525,0.17367065789065253,0.5691942878820564,0.594488188976378,0.5760420365327489,0.199771927220696,2.725876637192701,0.22468066505771395,0.010122399908484379,0.18837074193302913,0.5757534272806683,0.10733114541020645,0.24302855568329965,0.872269936280195,1.0,0.0,0.0,1.0,anisotropic_coupling,20360721,anisotropic_coupling,1.0
20,1,0,0.50772246977196,0.007722469771959988,0.30061372288269755,0.3228346456692913,0.7773903284770216,0.27229505189351916,2.500288993171028,0.3036825861702107,0.007913455190798804,0.206882211663419,0.7709250713028185,0.17506796156909818,0.2638032448467966,1.2342969566837285,1.0,0.0,0.0,0.0,anisotropic_coupling,20360721,anisotropic_coupling,1.0
21,1,1,0.5046318538556834,0.004631853855683443,0.5854733704398281,0.594488188976378,0.5176818997698215,0.15009292691183507,2.29486283157137,0.16141945742283909,0.0047545183372675595,0.25539070924211327,0.5111757030698518,0.12742388765406223,0.15320823950624796,0.9365014383554863,1.0,0.0,0.0,1.0,anisotropic_coupling,20360721,anisotropic_coupling,1.0
22,0,0,0.39800997192912196,0.10199002807087805,0.2703166940037101,0.2952755905511811,1.2081805434840152,0.2061514879110518,2.6512939776676583,0.15245210003934992,0.006679300918648828,0.2297569980065207,1.1982781108787133,0.27763134941451006,0.3020451358710038,1.884108912953157,1.0,0.0,0.0,0.0,anisotropic_coupling,20360721,anisotropic_coupling,1.0
23,0,0,0.4896800188696893,0.010319981130310707,0.24361795179706122,0.2677165354330709,0.6141459608471526,0.2058124167996328,1.841209669320073,0.3217907161341026,0.008680979236601511,0.15787524447521273,0.617106023593991,0.1021543094122846,0.2741176291962154,0.8816764440554875,1.0,0.0,0.0,0.0,anisotropic_coupling,20360721,anisotropic_coupling,1.0
24,1,0,0.5481929060430965,0.048192906043096416,0.26326693916642546,0.2677165354330709,0.6054549351610077,0.17884860454001475,1.999652940278877,0.3344386303417044,0.0056349906704002825,0.16967379284481354,0.6029881351476906,0.10485770301777349,0.3252244106194177,0.9038140902964805,1.0,0.0,0.0,0.0,anisotropic_coupling,20360721,anisotropic_coupling,1.0
25,1,1,0.5793008282201304,0.07930082822013035,0.3304523154201185,0.35039370078740156,0.8423258065872227,0.20139364892065686,3.173287040879356,0.20830785531550852,0.0054355382902822,0.10951799174668124,0.8422040716768199,0.09227852979080796,0.526121384672984,1.1140073663940204,1.0,0.0,0.0,1.0,anisotropic_coupling,20360721,anisotropic_coupling,1.0
26,1,1,0.6072231277030291,0.10722312770302907,0.41838524213075357,0.43700787401574803,1.1265705641538328,0.17126143402155194,1.5078970506231724,0.2052936356813811,0.01162854563885668,0.22128412237829545,1.1199189011276869,0.24761677292741618,0.2816426410384582,1.885146949463313,1.0,0.0,0.0,1.0,anisotropic_coupling,20360721,anisotropic_coupling,1.0
27,1,1,0.7082573501691214,0.2082573501691214,0.27035582460416147,0.2952755905511811,0.9527096451298126,0.17467006886711123,3.0240370746927665,0.32088830074229613,0.006561583070051849,0.1244700365899732,0.9526675150351367,0.11426996430840386,0.6647990670752724,1.330638644239339,1.0,0.0,0.0,1.0,anisotropic_coupling,20360721,anisotropic_coupling,1.0
28,1,0,0.5195520454692015,0.019552045469201574,0.2434100851366509,0.2677165354330709,0.8434754677308174,0.18527632790724638,1.7160020022779625,0.2587520459779702,0.009288664506112381,0.257940893369881,0.8566126557011647,0.2377807207200963,0.21086886693270435,1.5427347688412287,1.0,0.0,0.0,0.0,anisotropic_coupling,20360721,anisotropic_coupling,1.0
29,1,0,0.5329540037401932,0.032954003740193236,0.3296123937306315,0.35039370078740156,1.0206542634201643,0.21278229420529196,2.720063567854267,0.27431154834721566,0.010759105790325133,0.11675703623468767,1.0242436674717073,0.12100325650739682,0.6129696668612015,1.4533952232247023,1.0,0.0,0.0,0.0,anisotropic_coupling,20360721,anisotropic_coupling,1.0
30,0,0,0.43165792568867,0.06834207431133002,0.3771930665589822,0.3779527559055118,0.875133839994556,0.20722769605027344,2.927140177311708,0.33782508074862694,0.005887700501911186,0.24152067868166607,0.870119370558794,0.20964129633152967,0.218783459998639,1.537961373697801,1.0,0.0,0.0,0.0,anisotropic_coupling,20360721,anisotropic_coupling,1.0
31,0,0,0.3435396121302736,0.15646038786972635,0.25098555634420483,0.2677165354330709,0.6860553492732521,0.05298948545376462,2.5861523448740256,0.24081730827341927,0.00789037687741118,0.15442042436918346,0.6909227683467106,0.11021003666794411,0.3986297488072139,1.0021338364060646,1.0,0.0,0.0,0.0,anisotropic_coupling,20360721,anisotropic_coupling,1.0
32,0,1,0.49142687309691263,0.008573126903087374,0.263818324482037,0.2677165354330709,0.6179376624592039,0.26798468018077143,1.8748841329635118,0.30550775432311617,0.007271623775830443,0.12810023263050704,0.615819785780156,0.0793259384646221,0.37080137999394724,0.8605344929358119,1.0,0.0,0.0,1.0,anisotropic_coupling,20360721,anisotropic_coupling,1.0
33,0,0,0.2512426020005783,0.2487573979994217,0.27261857081283625,0.2952755905511811,0.9823308325969397,0.1783388666353472,1.6699282302008256,0.29113945430381294,0.008241331472476552,0.24099819799419606,1.0008231263602083,0.24039693371983212,0.385517687269632,1.7858184733274043,1.0,0.0,0.0,0.0,anisotropic_coupling,20360721,anisotropic_coupling,1.0
34,0,0,0.3141360015328342,0.18586399846716578,0.5108429050331373,0.531496062992126,0.9890836610839931,0.22425126136788026,3.1545337032233407,0.1570753550337379,0.010398671284758246,0.12353273074159594,0.9939197439081788,0.11872238372966164,0.6423411046772654,1.35233131855297,1.0,0.0,0.0,0.0,anisotropic_coupling,20360721,anisotropic_coupling,1.0
35,1,0,0.5104775442397992,0.010477544239799134,0.292345246314788,0.2952755905511811,0.5313956970677367,0.2727096779903368,2.9205476191529423,0.31091791166812405,0.010178907631201474,0.2283490123805455,0.5312773667672969,0.12360997170135599,0.170777995132506,0.8707096222955227,1.0,0.0,0.0,0.0,anisotropic_coupling,20360721,anisotropic_coupling,1.0
36,1,1,0.5127751329930405,0.012775132993040427,0.27368531110177347,0.2952755905511811,0.7608631315356168,0.09117803987547135,2.765324058335814,0.19431722010178562,0.005350991295381119,0.19990891263700233,0.7648853780395104,0.15401670293226896,0.33156136314682644,1.2909758221243683,1.0,0.0,0.0,1.0,anisotropic_coupling,20360721,anisotropic_coupling,1.0
37,1,1,0.6024821478796563,0.10248214787965625,0.5207650303248225,0.531496062992126,1.1394335307541623,0.040569244081605754,2.1843474592564727,0.20844385567121726,0.007192859969643659,0.22280860763542482,1.139463247537184,0.24699805167072042,0.3078869880287534,1.9943217817785965,1.0,0.0,0.0,1.0,anisotropic_coupling,20360721,anisotropic_coupling,1.0
38,1,0,0.508925602078252,0.008925602078252014,0.490137281142899,0.5,0.6307865748489896,0.15318221021740627,2.8895761764648413,0.3097107261894114,0.010894746465154544,0.23514396349024722,0.6261169720393289,0.1466716610093929,0.1576966437122474,1.0932085384313386,1.0,0.0,0.0,0.0,anisotropic_coupling,20360721,anisotropic_coupling,1.0
39,1,1,0.5427138617566508,0.04271386175665085,0.5227214289920767,0.531496062992126,0.6961866844783157,0.22498044834109557,2.5106117381018596,0.17598034995255335,0.0077639047452508925,0.17989460096927112,0.6865750673489475,0.12168910067997532,0.27262457193378475,1.0375505795859845,1.0,0.0,0.0,1.0,anisotropic_coupling,20360721,anisotropic_coupling,1.0
40,1,0,0.5066440019552766,0.006644001955276575,0.4442988205477122,0.468503937007874,0.8058596806378399,0.09626708410562687,1.5703136939317417,0.24507256682283815,0.012916928927912614,0.16543265461259454,0.8019982318249681,0.13748743951642792,0.40139109254375,1.1712849404036216,1.0,0.0,0.0,0.0,anisotropic_coupling,20360721,anisotropic_coupling,1.0
41,1,1,0.5517560924768018,0.05175609247680175,0.3740853353700645,0.3779527559055118,1.1849514560354448,0.23582087778752,1.3289547254930516,0.21940832834644328,0.013463778761324022,0.11059680809861942,1.1833850277345328,0.13784263536066133,0.7954161299492415,1.5595303321787193,1.0,0.0,0.0,1.0,anisotropic_coupling,20360721,anisotropic_coupling,1.0
42,0,1,0.4930700717928142,0.0069299282071857895,0.40776787793057634,0.43700787401574803,0.9788022296322597,0.08452686121774997,1.35046339097782,0.23735347594213954,0.008039399891860432,0.24360711940528595,0.9874298281108678,0.2382389522448126,0.26150867182030224,1.7085703078656203,1.0,0.0,0.0,1.0,anisotropic_coupling,20360721,anisotropic_coupling,1.0
43,0,0,0.3566806830536847,0.14331931694631528,0.38648119753068744,0.40551181102362205,1.145946750662859,0.16934768928275137,1.857760463397907,0.3334728815260864,0.005133696070925048,0.16344920078712566,1.1474399433989686,0.18975723908302955,0.4852850274020216,1.835383244770222,1.0,0.0,0.0,0.0,anisotropic_coupling,20360721,anisotropic_coupling,1.0
44,1,0,0.5046237511533478,0.004623751153347747,0.4281732471435872,0.43700787401574803,0.9924337543253889,0.24558049886107863,2.9439222890259718,0.1536514658271988,0.011615446838353978,0.1789785572404991,0.9958528262638486,0.174695993484396,0.5065640104155938,1.5271412665871897,1.0,0.0,0.0,0.0,anisotropic_coupling,20360721,anisotropic_coupling,1.0
45,1,1,0.504491499660968,0.004491499660967962,0.2384074095858957,0.24015748031496062,0.6323582226263467,0.11519817113680528,2.061598603614846,0.2712337443442801,0.007045054473324123,0.19220623228683084,0.6339403998209481,0.12731224260396948,0.21327664549034825,1.047802718299151,1.0,0.0,0.0,1.0,anisotropic_coupling,20360721,anisotropic_coupling,1.0
46,0,0,0.48302647336360094,0.016973526636399054,0.2948463115980773,0.2952755905511811,0.5824368663634711,0.25804435891334754,1.9203855919218533,0.2544979175702004,0.008915851617399603,0.22841639183873233,0.575925088627113,0.13206191424762428,0.14560921659086778,0.9776271940851183,1.0,0.0,0.0,0.0,anisotropic_coupling,20360721,anisotropic_coupling,1.0
47,0,0,0.491393350568476,0.00860664943152399,0.48305219689819334,0.5,1.0924512457726774,0.21417663997209643,2.789882254574896,0.18527001972348534,0.00461680088602558,0.21577210972233593,1.0918125774530618,0.24996055274762458,0.403375331135461,1.8240194768796738,1.0,0.0,0.0,0.0,anisotropic_coupling,20360721,anisotropic_coupling,1.0
48,0,0,0.46599653134710445,0.03400346865289554,0.4640975248657871,0.468503937007874,0.7359001142649467,0.11854942514407979,2.9017990274823293,0.22791816741916116,0.012296569653561393,0.25007664438817234,0.7372756756879317,0.1853463186168263,0.230255282912636,1.3304229686825586,1.0,0.0,0.0,0.0,anisotropic_coupling,20360721,anisotropic_coupling,1.0
49,0,0,0.3242954498981777,0.17570455010182232,0.38842473500772845,0.40551181102362205,0.5912444334988718,0.042510940010974316,1.3090372423656713,0.30485540747731443,0.011183342062221685,0.1496300875554251,0.5950658876982841,0.08808210768756267,0.3332304500128369,0.8621602917351173,1.0,0.0,0.0,0.0,anisotropic_coupling,20360721,anisotropic_coupling,1.0
50,1,1,0.5141721880687004,0.014172188068700303,0.2925349815389395,0.2952755905511811,1.2079091000828623,0.0956400831369164,2.7583431233855817,0.13468576753166045,0.011592794683329202,0.11879112868863806,1.2123372570654027,0.1457106287457617,0.7604935685283982,1.6409061954410569,1.0,0.0,0.0,1.0,anisotropic_coupling,20360721,anisotropic_coupling,1.0
51,0,0,0.3117005322483252,0.18829946775167478,0.4738180825019983,0.5,0.7324123561099314,0.11229057819682486,2.1029925281026554,0.1380096210608318,0.012780816339359256,0.1376408051235215,0.7367443685329936,0.09721581069842469,0.46103367665083106,1.005143544606158,1.0,0.0,0.0,0.0,anisotropic_coupling,20360721,anisotropic_coupling,1.0
52,1,0,0.5441921133634208,0.04419211336342075,0.32367791230234205,0.35039370078740156,0.9172267936010263,0.2269289838354347,2.690213564102983,0.16211045763097207,0.011880048155905031,0.13032382101866372,0.9268554566200548,0.12783751411667887,0.5552055813987119,1.3032870952406999,1.0,0.0,0.0,0.0,anisotropic_coupling,20360721,anisotropic_coupling,1.0
53,1,1,0.5072259975875214,0.007225997587521388,0.4888698825835932,0.5,1.0160695084810103,0.08477065442501114,2.2795614163107776,0.17294160134953715,0.012233315770832396,0.11786035775169648,1.0138739434704866,0.12584151924407597,0.6343130497325336,1.4043854764840924,1.0,0.0,0.0,1.0,anisotropic_coupling,20360721,anisotropic_coupling,1.0
54,0,0,0.3766032853526534,0.12339671464734658,0.40195691124946303,0.40551181102362205,1.061243812321882,0.25139478938197046,2.5433414251330615,0.17911623035420027,0.013542719324509907,0.13017720561824964,1.063380776438628,0.141020837431072,0.5714348868864483,1.4956214621255366,1.0,0.0,0.0,0.0,anisotropic_coupling,20360721,anisotropic_coupling,1.0
55,0,0,0.4833772839594744,0.0166227160405256,0.5890989691352887,0.594488188976378,0.9186673825740743,0.25411638611434145,1.3666384383275518,0.31841762591854444,0.013274953168600771,0.20360245930081494,0.8952854509432433,0.19797619444868678,0.27303860164008836,1.54735430597298,1.0,0.0,0.0,0.0,anisotropic_coupling,20360721,anisotropic_coupling,1.0
56,1,0,0.6326166810970338,0.13261668109703387,0.263390785537807,0.2677165354330709,1.0718552205478147,0.2318984181774735,2.721088697227175,0.23730911589105258,0.006406273260146051,0.1682529873861041,1.067987671967576,0.1867343410365801,0.5331895482687407,1.5628841620753633,1.0,0.0,0.0,0.0,anisotropic_coupling,20360721,anisotropic_coupling,1.0
57,1,1,0.549542608959096,0.04954260895909598,0.457193419498452,0.468503937007874,0.814115341737476,0.14673273662599615,1.5678965884940326,0.12593876397794057,0.012867054998516713,0.212806259650914,0.8125396355387676,0.17747321167182725,0.24226937975118296,1.4037434593791436,1.0,0.0,0.0,1.0,anisotropic_coupling,20360721,anisotropic_coupling,1.0
58,0,1,0.4958407748963703,0.004159225103629693,0.29864197326668623,0.3228346456692913,0.5061826462177164,0.265993362580206,2.0616490336445716,0.13827881352881213,0.01132289068100058,0.19097830558034634,0.5051006820846451,0.09689509500051177,0.14032617312690057,0.7795267625309812,1.0,0.0,0.0,1.0,anisotropic_coupling,20360721,anisotropic_coupling,1.0
59,1,0,0.5085920530840958,0.008592053084095776,0.4601652113895274,0.468503937007874,0.7568732381773028,0.07369105607025368,1.5076101280818912,0.33807982713911133,0.0066430078410387216,0.16279349447157587,0.7645000642346939,0.12422886259187654,0.3322254244071949,1.1244552437393658,1.0,0.0,0.0,0.0,anisotropic_coupling,20360721,anisotropic_coupling,1.0
60,1,1,0.5392539085086616,0.03925390850866161,0.31331816859583145,0.3228346456692913,0.6843656580092111,0.16370687609270393,2.229545347191212,0.21729922324791018,0.007784511919094518,0.21600866778751476,0.6986154683736199,0.15275119290326974,0.17109141450230278,1.1123080866797808,1.0,0.0,0.0,1.0,anisotropic_coupling,20360721,anisotropic_coupling,1.0
61,1,0,0.5098115481096992,0.00981154810969918,0.27531404594766673,0.2952755905511811,0.5300030854380009,0.21656310759944286,1.9453469299843327,0.31742862557665763,0.006966496024396839,0.20422714400245262,0.5272540251676405,0.10872468034028342,0.19472065559848872,0.8087482612420465,1.0,0.0,0.0,0.0,anisotropic_coupling,20360721,anisotropic_coupling,1.0
62,1,1,0.5183293126066719,0.018329312606671973,0.2421693498528883,0.2677165354330709,0.9436094576835603,0.27823698566935867,2.5785422564219176,0.20646079523909144,0.012813532961962623,0.12760340949127222,0.9524697307746455,0.12502677039128354,0.5673865535656022,1.2983701007539052,1.0,0.0,0.0,1.0,anisotropic_coupling,20360721,anisotropic_coupling,1.0
63,1,1,0.5515402593369169,0.051540259336916895,0.4484475222908759,0.468503937007874,0.6410968303886545,0.12164714392742185,2.306798211335657,0.12006613233995989,0.007576165054530396,0.10277989171105698,0.639329619139163,0.0658677058673841,0.46548806061039566,0.8394771495746703,1.0,0.0,0.0,1.0,anisotropic_coupling,20360721,anisotropic_coupling,1.0
64,1,1,0.5097848614670036,0.009784861467003601,0.4642859724047545,0.468503937007874,0.5932816739350973,0.07370454423956771,1.7862556524134883,0.22569532957593408,0.013487077222336219,0.16542577031416558,0.5996068532379791,0.10252650783435324,0.2728479226563967,0.9239493767215466,1.0,0.0,0.0,1.0,anisotropic_coupling,20360721,anisotropic_coupling,1.0
65,0,0,0.23504645768227744,0.26495354231772256,0.5385560197805259,0.562992125984252,1.1559753338163712,0.10072146766883626,3.0178997615793173,0.3373488473928271,0.009039206736929692,0.24930501549431602,1.1685934661803195,0.29224777489450576,0.2889938334540928,1.8941914073829766,1.0,0.0,0.0,0.0,anisotropic_coupling,20360721,anisotropic_coupling,1.0
66,1,1,0.5191825755246046,0.01918257552460459,0.2659007926984826,0.2677165354330709,0.7618122741546993,0.1522117555515652,2.9591892435462173,0.31385420603626857,0.012799882497646386,0.23455495673690294,0.7578814485993205,0.18948221121960596,0.2293500142955017,1.28677466451536,1.0,0.0,0.0,1.0,anisotropic_coupling,20360721,anisotropic_coupling,1.0
67,1,1,0.5259402934847258,0.025940293484725842,0.5132026725372959,0.531496062992126,0.7226952920926872,0.060038409169560436,1.5255422398155885,0.2738546606256021,0.011262054705106574,0.2103099791739889,0.7298648313183638,0.15832954799318838,0.1806738230231718,1.1287698578001917,1.0,0.0,0.0,1.0,anisotropic_coupling,20360721,anisotropic_coupling,1.0
68,0,1,0.4945679111112491,0.005432088888750882,0.5775857461733824,0.594488188976378,0.616509733526382,0.23027741957745476,2.7638334674281237,0.28840611551291223,0.01175577296475724,0.19052252577046364,0.6169363077980642,0.12051643759250358,0.2780405538957695,0.9630972981687962,1.0,0.0,0.0,1.0,anisotropic_coupling,20360721,anisotropic_coupling,1.0
69,0,0,0.4620056123444796,0.037994387655520385,0.5377606276926915,0.562992125984252,1.110591393261661,0.1429221428807025,2.362459737119093,0.15572858264761358,0.012459929826863581,0.10619016921056547,1.1096590705613767,0.11718427042436792,0.8026914915428855,1.459407168683031,1.0,0.0,0.0,0.0,anisotropic_coupling,20360721,anisotropic_coupling,1.0
70,0,0,0.3953207915312616,0.1046792084687384,0.2934281221363674,0.2952755905511811,0.6153062696708721,0.25199238803118695,2.7807882408741746,0.33730233412124266,0.006904460362488023,0.10036339082464876,0.6133076672806814,0.06145059664767187,0.430427585364719,0.8126309156453997,1.0,0.0,0.0,0.0,anisotropic_coupling,20360721,anisotropic_coupling,1.0
71,1,1,0.5175235233206452,0.017523523320645235,0.5690032097326578,0.594488188976378,0.7083732624086762,0.2522684088460056,1.9570984575926877,0.18758759007244696,0.011115766370206248,0.2560472939020051,0.7112080641270296,0.18030162111201398,0.17709331560216904,1.3133927324354469,1.0,0.0,0.0,1.0,anisotropic_coupling,20360721,anisotropic_coupling,1.0
72,0,0,0.4636537087407699,0.03634629125923013,0.38867861318413927,0.40551181102362205,1.1609364056075262,0.24459540811831718,1.5098943057225487,0.12932395838195165,0.01148155543143154,0.11592824449959938,1.1669976916540292,0.13111283181124644,0.7830557880374702,1.513801786892699,1.0,0.0,0.0,0.0,anisotropic_coupling,20360721,anisotropic_coupling,1.0
73,0,0,0.32001214290323254,0.17998785709676748,0.4836235077204962,0.5,0.9403600037343489,0.12982119681130527,2.3304976338719774,0.32705429489518256,0.01047060613632285,0.2455472824686377,0.9479855673172414,0.2209774971919509,0.36653529012308184,1.5897220411814803,1.0,0.0,0.0,0.0,anisotropic_coupling,20360721,anisotropic_coupling,1.0
74,0,0,0.3569100576183376,0.14308994238166242,0.4420187244946182,0.468503937007874,0.8735361025499756,0.17779497070094896,3.0933974671605036,0.21854828953693523,0.007893122121785012,0.12842926673203242,0.8765669430220956,0.10945685794589718,0.5002431073776719,1.17134680641964,1.0,0.0,0.0,0.0,anisotropic_coupling,20360721,anisotropic_coupling,1.0
75,0,0,0.37368860601893195,0.12631139398106803,0.478320626237729,0.5,0.8126787308412129,0.1974589450694626,2.9839958766098214,0.14726302192292987,0.010021400710766364,0.13772022693258212,0.8128319167504625,0.10836117600071533,0.5135236562717284,1.1642112065571697,1.0,0.0,0.0,0.0,anisotropic_coupling,20360721,anisotropic_coupling,1.0
76,0,1,0.4921923327183238,0.007807667281676217,0.25576744642287225,0.2677165354330709,0.7788599688030845,0.1966894658236527,3.1840284551635234,0.21504864020917208,0.012100447880253213,0.2531949458712429,0.7848412559530309,0.20531842244330606,0.19471499220077113,1.3303529987553375,1.0,0.0,0.0,1.0,anisotropic_coupling,20360721,anisotropic_coupling,1.0
77,0,0,0.4686599560202854,0.03134004397971461,0.3046776316649442,0.3228346456692913,1.2461243948062206,0.1444122915022291,1.7092711911961511,0.2969472269268226,0.008609108016229695,0.17711017336866341,1.258180848465167,0.21721634726525524,0.6648481306169396,1.8958196751045342,1.0,0.0,0.0,0.0,anisotropic_coupling,20360721,anisotropic_coupling,1.0
78,1,1,0.5611793521638312,0.06117935216383114,0.5582230122484265,0.562992125984252,0.7878883761906381,0.05603483552588683,1.8987930810689835,0.3119113099387072,0.01037538210212163,0.10458506827733388,0.7933686509129196,0.08297769332588228,0.5828380667790996,1.0280997922239439,1.0,0.0,0.0,1.0,anisotropic_coupling,20360721,anisotropic_coupling,1.0
79,1,0,0.505866840152146,0.00586684015214597,0.38446139654940903,0.40551181102362205,0.7339825440496337,0.11747687577977275,2.2717188261964427,0.13907937506581022,0.004673929472010215,0.24600373895288433,0.7250858907891837,0.17959191580243675,0.18349563601240843,1.212521945121693,1.0,0.0,0.0,0.0,anisotropic_coupling,20360721,anisotropic_coupling,1.0
80,1,1,0.7470456510608857,0.24704565106088572,0.47182483186551194,0.5,0.8588182866881333,0.25892141289696996,2.815811998898229,0.1212816752818923,0.004492448748529436,0.25167080101343275,0.8639466561554645,0.21423470652553855,0.21470457167203333,1.6122441923888482,1.0,0.0,0.0,1.0,anisotropic_coupling,20360721,anisotropic_coupling,1.0
81,0,0,0.494356613329037,0.005643386670963002,0.2632924573109704,0.2677165354330709,0.678064255524819,0.0800524136372782,3.070118892041079,0.30893822009084754,0.007238523628606727,0.23303926282351506,0.6822558402015277,0.15635339852372046,0.19955562520715214,1.1363655801421524,1.0,0.0,0.0,0.0,anisotropic_coupling,20360721,anisotropic_coupling,1.0
82,1,1,0.5561908336375381,0.05619083363753804,0.5197112379459634,0.531496062992126,0.741736741049947,0.20677546177325914,2.5735065650258635,0.174820797511604,0.007487699525877873,0.20415541874970064,0.7463459314427217,0.1489291318885931,0.27554334757424326,1.1957969851875863,1.0,0.0,0.0,1.0,anisotropic_coupling,20360721,anisotropic_coupling,1.0
83,0,0,0.4014035077739733,0.09859649222602669,0.5249301247911229,0.531496062992126,0.6340364444867264,0.08963168372943767,2.67565795372048,0.16014918950862328,0.012105122919121098,0.2089282543318569,0.6242409346069273,0.1410404510461308,0.19127753467883526,1.057544317595843,1.0,0.0,0.0,0.0,anisotropic_coupling,20360721,anisotropic_coupling,1.0
84,0,1,0.43726476354617766,0.06273523645382233,0.39395038683501277,0.40551181102362205,1.070069362144042,0.1776802815779155,2.941197065236337,0.2738921237299892,0.008405487334098698,0.21502846366937622,1.073950585338315,0.23713939350612873,0.27787886011746565,1.9220594534474649,1.0,0.0,0.0,1.0,anisotropic_coupling,20360721,anisotropic_coupling,1.0
85,0,0,0.49357054429883807,0.006429455701161938,0.23010521262540193,0.24015748031496062,0.5777689417102008,0.14177468937339538,1.6277017423844806,0.21621567293731697,0.004062139290078589,0.2596885589777951,0.5846581919896247,0.1573402266348674,0.1444422354275502,1.027593982443634,1.0,0.0,0.0,0.0,anisotropic_coupling,20360721,anisotropic_coupling,1.0
86,0,0,0.4752862767867528,0.0247137232132472,0.4364354159694134,0.43700787401574803,0.5923646166887042,0.17643259359875488,2.9437364400194204,0.23164741336937542,0.0054839321659522055,0.11108237168719133,0.5874290439520483,0.06431546457597594,0.43052036969345747,0.7778775160740252,1.0,0.0,0.0,0.0,anisotropic_coupling,20360721,anisotropic_coupling,1.0
87,0,1,0.4922441979005623,0.007755802099437727,0.4265479157016325,0.43700787401574803,0.7622512952363089,0.23485704254380882,3.1254787866125904,0.23864779876682563,0.010637297449262128,0.11783147035434849,0.7599537543647152,0.09014723299636758,0.43870891844092746,1.0072533571722142,1.0,0.0,0.0,1.0,anisotropic_coupling,20360721,anisotropic_coupling,1.0
88,0,0,0.4057363734157671,0.09426362658423289,0.2791239513374238,0.2952755905511811,0.6219553354228383,0.1228903148438791,1.5105172351226634,0.3046419754827843,0.007972448872506902,0.10764787137289539,0.6239836024270874,0.06583231509934764,0.44067487271269107,0.8350140185736858,1.0,0.0,0.0,0.0,anisotropic_coupling,20360721,anisotropic_coupling,1.0
89,0,0,0.4804186093842619,0.01958139061573809,0.36846335237346817,0.3779527559055118,1.0007351672089393,0.11279052001818152,3.037834559042785,0.22526596605829263,0.006072442463083143,0.204639497566253,1.0149706359442199,0.21421273219684261,0.42548863895743566,1.735989976036108,1.0,0.0,0.0,0.0,anisotropic_coupling,20360721,anisotropic_coupling,1.0
90,0,0,0.4728073710685061,0.027192628931493854,0.30012827350014426,0.3228346456692913,0.5476892538170695,0.06893237508488607,1.5122623100948869,0.2457953187074584,0.012572230205376263,0.23750482568209408,0.5405957354845043,0.13324953843155218,0.13692231345426736,1.0066902385093872,1.0,0.0,0.0,0.0,anisotropic_coupling,20360721,anisotropic_coupling,1.0
91,1,1,0.5822294966147573,0.08222949661475734,0.25190436463857335,0.2677165354330709,0.9536551397462552,0.13057636533561962,2.9703202299187907,0.20731004392615687,0.007879556057346682,0.1874912191639418,0.9715981429949807,0.17318433517327117,0.45249831516756506,1.5261333249145075,1.0,0.0,0.0,1.0,anisotropic_coupling,20360721,anisotropic_coupling,1.0
92,0,0,0.48769666838186687,0.012303331618133106,0.5345598478548638,0.562992125984252,0.6392310958186649,0.06273761954269279,1.757826514822114,0.19213433591622653,0.0075750046034570515,0.16602147892195857,0.638944851501218,0.10958851443845376,0.3345645031961079,0.994995930696953,1.0,0.0,0.0,0.0,anisotropic_coupling,20360721,anisotropic_coupling,1.0
93,1,1,0.5067392175532548,0.006739217553254753,0.3070202968763493,0.3228346456692913,1.1742342720185521,0.1335241776970559,2.432839861330561,0.28847314420923464,0.0074109494661578745,0.2030488644594166,1.16907967116323,0.23795134043805272,0.4610355331204726,1.8492053182924502,1.0,0.0,0.0,1.0,anisotropic_coupling,20360721,anisotropic_coupling,1.0
94,0,0,0.45876264684611884,0.04123735315388116,0.3317748524924886,0.35039370078740156,0.8512550472280015,0.178429878174744,2.027038131826203,0.15405323032313556,0.013949182141352415,0.1260364453678647,0.8475402447698869,0.10402320809653805,0.5302076761670071,1.1131837865863092,1.0,0.0,0.0,0.0,anisotropic_coupling,20360721,anisotropic_coupling,1.0
95,0,0,0.4706366478107593,0.029363352189240695,0.4569524649808042,0.468503937007874,1.0429306399507365,0.06440341701557845,2.5452607191309973,0.27235786522774585,0.010711749475698685,0.17594340546313186,1.0371738302409428,0.1841556336511862,0.49876891064248663,1.5354056850599789,1.0,0.0,0.0,0.0,anisotropic_coupling,20360721,anisotropic_coupling,1.0
96,1,1,0.5654893170714542,0.06548931707145425,0.25908500484370717,0.2677165354330709,0.5817165146548214,0.22705088719943448,2.023151992200192,0.29641070127442415,0.010484048342736132,0.13032857552841293,0.5802129943070543,0.07637534361833864,0.3067338720338131,0.7894987665071381,1.0,0.0,0.0,1.0,anisotropic_coupling,20360721,anisotropic_coupling,1.0
97,1,1,0.5358951832545633,0.0358951832545633,0.5438316712640703,0.562992125984252,1.240539341899331,0.20353839986563407,1.501931953590702,0.14108743349226252,0.011824033057531961,0.10469625041045141,1.2380291554959506,0.12937334630450353,0.8383825121382474,1.6916544457984284,1.0,0.0,0.0,1.0,anisotropic_coupling,20360721,anisotropic_coupling,1.0
98,1,1,0.5380493857106984,0.03804938571069836,0.5775407984888474,0.594488188976378,1.1882894759583102,0.13351520122390662,1.613252966486096,0.2414339144975961,0.013337431383156984,0.23269478250095846,1.1799982251852135,0.267958203107427,0.29707236898957756,1.8680516714952575,1.0,0.0,0.0,1.0,anisotropic_coupling,20360721,anisotropic_coupling,1.0
99,1,1,0.5378402806924291,0.037840280692429014,0.33306182047052774,0.35039370078740156,1.0432378383067755,0.25707935182595787,2.697307118913856,0.19066443361482405,0.012362358252451796,0.15518504666739458,1.0433010117184751,0.15685940038791055,0.5995112237416855,1.5509366140152336,1.0,0.0,0.0,1.0,anisotropic_coupling,20360721,anisotropic_coupling,1.0
100,0,1,0.47896365231134447,0.02103634768865554,0.34368231716150116,0.35039370078740156,1.0638025901787758,0.059071178723450066,2.4207885238640463,0.2261561131622016,0.009917439565313341,0.24845874327504586,1.0856467030606318,0.26288182923622366,0.26595064754469394,1.9099400326300617,1.0,0.0,0.0,1.0,anisotropic_coupling,20360721,anisotropic_coupling,1.0
101,1,1,0.6690691339447019,0.16906913394470194,0.5831718718970206,0.594488188976378,0.5946555596399891,0.04738338904708479,2.8990457465077304,0.23980261433272215,0.009325634258887553,0.12150665823487633,0.5931924063844743,0.07304860235771761,0.3596692286962097,0.8173093211029054,1.0,0.0,0.0,1.0,anisotropic_coupling,20360721,anisotropic_coupling,1.0
102,0,1,0.4767021860508084,0.02329781394919164,0.47466852291531814,0.5,0.7059785266428957,0.2245817357926564,1.3561527919240228,0.24964274577930914,0.007618306331153114,0.2267551574972273,0.6960733080908187,0.16476211750022368,0.2329421006184878,1.194580984595533,1.0,0.0,0.0,1.0,anisotropic_coupling,20360721,anisotropic_coupling,1.0
103,0,0,0.49122380077940037,0.008776199220599612,0.45648024629479167,0.468503937007874,0.5928127537119554,0.21138760193732037,2.6691151294520097,0.2078825592742213,0.005625681472605204,0.12626224556033394,0.5900497083945505,0.0752191083995608,0.3722419061104266,0.8433935187363115,1.0,0.0,0.0,0.0,anisotropic_coupling,20360721,anisotropic_coupling,1.0
104,0,0,0.4580233578789668,0.04197664212103319,0.2939758520410698,0.2952755905511811,0.9713688385875578,0.2584212321860304,2.212798237350693,0.33193730424753665,0.007566063181894591,0.12036315922278765,0.9658165394030993,0.11681158907610792,0.49341647947827777,1.3036524792434478,1.0,0.0,0.0,0.0,anisotropic_coupling,20360721,anisotropic_coupling,1.0
105,1,1,0.5078453118187966,0.007845311818796575,0.2246639042390951,0.24015748031496062,1.0024728126069593,0.2696812774668063,2.6429962807751393,0.2698387214557773,0.005162266223285765,0.20655031412720257,0.9887087468008604,0.21455640118754085,0.32790563158508235,1.5215203392507908,1.0,0.0,0.0,1.0,anisotropic_coupling,20360721,anisotropic_coupling,1.0
106,0,0,0.474529836752268,0.025470163247731995,0.30320753248097937,0.3228346456692913,1.121325671265847,0.24058670349965425,3.173621671077016,0.13937428613860284,0.011049249091463143,0.13990643439428774,1.1192603984157703,0.1551429756769653,0.6573962209602323,1.5335577458099834,1.0,0.0,0.0,0.0,anisotropic_coupling,20360721,anisotropic_coupling,1.0
107,1,1,0.7367727850524753,0.23677278505247537,0.5468423306716477,0.562992125984252,1.2428551628883469,0.2298910529367481,2.761041520974536,0.33789949892769594,0.005565197117919385,0.12936822976240372,1.2426010499128317,0.1658208788286592,0.7239852370531055,1.6906873048123967,1.0,0.0,0.0,1.0,anisotropic_coupling,20360721,anisotropic_coupling,1.0
108,1,1,0.5446800123612463,0.04468001236124636,0.5343319288602719,0.562992125984252,0.9925930097987231,0.24427540294783637,3.079419539334736,0.31802586113645964,0.005241289337668965,0.24055737425949422,0.9783284307957825,0.23290269237930214,0.24814825244968078,1.696896282486196,1.0,0.0,0.0,1.0,anisotropic_coupling,20360721,anisotropic_coupling,1.0
109,1,1,0.5583332058766325,0.058333205876632474,0.5511972345507824,0.562992125984252,0.8823305590148343,0.1547885462088879,1.9789948422908177,0.25708099464213696,0.011853939009206489,0.13056936808504754,0.8850286148317154,0.11998947814750589,0.4996526882109305,1.216401838021409,1.0,0.0,0.0,1.0,anisotropic_coupling,20360721,anisotropic_coupling,1.0
110,0,1,0.4957141372328768,0.004285862767123213,0.4974272538991862,0.5,0.512448581605261,0.0673300951950496,2.9669325073084556,0.24467739726939675,0.010404482259430605,0.19228142529602388,0.5102224317889024,0.09525741378702,0.19544343657257227,0.7905173134265533,1.0,0.0,0.0,1.0,anisotropic_coupling,20360721,anisotropic_coupling,1.0
111,0,0,0.33751487364733557,0.1624851263526644,0.452579922061801,0.468503937007874,1.1627900551957964,0.2011488177844012,2.527787435254214,0.14621002588763143,0.011704363143550726,0.15686760784213621,1.1795360856724273,0.17667389015959634,0.7170287645541845,1.7946110018825565,1.0,0.0,0.0,0.0,anisotropic_coupling,20360721,anisotropic_coupling,1.0
112,0,0,0.49108262135500325,0.00891737864499677,0.43545562400746285,0.43700787401574803,0.8541259667846244,0.19025026815484683,1.5233605500527376,0.21373297577458883,0.013608192384780756,0.16091205700460368,0.8552222523688092,0.13987044303857674,0.442876698495974,1.2715998813612117,1.0,0.0,0.0,0.0,anisotropic_coupling,20360721,anisotropic_coupling,1.0
113,1,1,0.5201229333222596,0.020122933322259538,0.5102801875714912,0.531496062992126,1.0329592058880146,0.27786153800703844,1.9814276980425494,0.292015462634151,0.009638848466793066,0.1343598573777728,1.0365381402602942,0.14109503507302779,0.6018172729891353,1.4841996648803584,1.0,0.0,0.0,1.0,anisotropic_coupling,20360721,anisotropic_coupling,1.0
114,0,0,0.34266894611358517,0.15733105388641483,0.4631844367100446,0.468503937007874,0.5592755876907022,0.128095413710562,2.101249430812298,0.20565594085736688,0.012937304147588582,0.20337688330394943,0.5545009329419398,0.11229786625593138,0.2516914350985909,0.8750067912521954,1.0,0.0,0.0,0.0,anisotropic_coupling,20360721,anisotropic_coupling,1.0
115,0,0,0.47881660617042027,0.021183393829579743,0.3705885886876159,0.3779527559055118,1.21699352306942,0.050163096449220713,2.914425075119775,0.21613291102976784,0.004344513252126231,0.21755122473238991,1.2473248148274039,0.26229784234580855,0.3576808674843945,2.231036983241005,1.0,0.0,0.0,0.0,anisotropic_coupling,20360721,anisotropic_coupling,1.0
116,0,0,0.20384806649230952,0.2961519335076905,0.4751085182769246,0.5,0.7740679729686386,0.19724567811825205,1.3087987265839922,0.2737069513799948,0.0072437475685560165,0.13248164298617868,0.778835924890774,0.10024525742791868,0.5301388201077326,1.0716151664265072,1.0,0.0,0.0,0.0,anisotropic_coupling,20360721,anisotropic_coupling,1.0
117,1,0,0.512939535765027,0.012939535765027009,0.5776113111680856,0.594488188976378,0.9610724607042049,0.15372521951972884,1.8492792358304495,0.32210962631983786,0.006111540399804813,0.19182519382457636,0.9602401042509114,0.1768227108996842,0.44459291304203286,1.492616094423305,1.0,0.0,0.0,0.0,anisotropic_coupling,20360721,anisotropic_coupling,1.0
118,0,0,0.4920006243017161,0.00799937569828391,0.35969484121539214,0.3779527559055118,1.2287853114606047,0.18178907585412782,1.6522816697340432,0.23303422504206173,0.013617910682125816,0.12092675840135421,1.2304786357047386,0.14673128375820588,0.8209966281496942,1.8296367446455386,1.0,0.0,0.0,0.0,anisotropic_coupling,20360721,anisotropic_coupling,1.0
119,1,1,0.6364640916622984,0.13646409166229842,0.5562026364762579,0.562992125984252,1.226255617011475,0.16279441907033929,3.1961238588476664,0.136115991111886,0.00603878712757268,0.25502081395920695,1.2095768283280428,0.31553293997383747,0.3065639042528687,2.1099550112983887,1.0,0.0,0.0,1.0,anisotropic_coupling,20360721,anisotropic_coupling,1.0
120,1,0,0.5289579196466823,0.028957919646682227,0.3868945833171065,0.40551181102362205,0.9951168638085138,0.2631700598579013,2.5043519534621406,0.15373503992937756,0.005920611015388628,0.23328324523974867,0.9906113067316477,0.22111832443297919,0.3312114117906402,1.6223235413133636,1.0,0.0,0.0,0.0,anisotropic_coupling,20360721,anisotropic_coupling,1.0
121,0,0,0.24831616810418017,0.25168383189581983,0.4695127834638386,0.5,0.8832600450545868,0.26936894116479937,3.109917190080796,0.25277209855131244,0.010729147692952638,0.10641857182730695,0.8831212612514314,0.09044928543889827,0.6332572669571537,1.1385950252423236,1.0,0.0,0.0,0.0,anisotropic_coupling,20360721,anisotropic_coupling,1.0
122,1,1,0.5618726440764101,0.06187264407641009,0.5609554848270846,0.562992125984252,0.8604896423281123,0.16384834716067903,3.1450767507536153,0.12790625181980358,0.008476830647232082,0.1732581442438354,0.8609756237020212,0.14902610827676524,0.3829178900671454,1.309534944050058,1.0,0.0,0.0,1.0,anisotropic_coupling,20360721,anisotropic_coupling,1.0
123,1,1,0.5942861202254477,0.09428612022544766,0.2647530433432705,0.2677165354330709,0.632901242439388,0.08335841364338545,2.000658993002359,0.12442640077669041,0.004761640120142725,0.2012780250216675,0.6431297197932144,0.12983412593159135,0.25042772162514393,0.9681236149133023,1.0,0.0,0.0,1.0,anisotropic_coupling,20360721,anisotropic_coupling,1.0
124,0,1,0.4883511532216963,0.011648846778303709,0.27186836013239124,0.2952755905511811,1.189685408279419,0.12603709281685493,3.1071455966262302,0.2671247626112123,0.012315897701085737,0.24903516380624724,1.198495132426425,0.28804126276893105,0.4364839491334554,2.0665658991070686,1.0,0.0,0.0,1.0,anisotropic_coupling,20360721,anisotropic_coupling,1.0
125,1,0,0.5283402775654213,0.028340277565421297,0.5560012723929062,0.562992125984252,0.6500589991317784,0.04926018808420839,2.4715144950753887,0.20005310128756087,0.007953868079067575,0.20226699095854112,0.6497739467552062,0.12888335996010045,0.3020939378473244,1.0354516591468355,1.0,0.0,0.0,0.0,anisotropic_coupling,20360721,anisotropic_coupling,1.0
126,1,1,0.5331216501669407,0.033121650166940714,0.31246326868026575,0.3228346456692913,1.0874439790079498,0.17404359546587425,1.5061901785634288,0.22625171872236693,0.006027824491743206,0.23261065566149344,1.0804181550994891,0.25496541443523973,0.27186099475198744,1.8549539019499641,1.0,0.0,0.0,1.0,anisotropic_coupling,20360721,anisotropic_coupling,1.0
127,0,0,0.2994852819959289,0.2005147180040711,0.43510284910311026,0.43700787401574803,0.5154330967111473,0.1056754785614934,2.273157658906677,0.18861603884517356,0.005977365084105684,0.15695359738072542,0.5161794090702679,0.07911536073992634,0.30181780815578224,0.7186175205724786,1.0,0.0,0.0,0.0,anisotropic_coupling,20360721,anisotropic_coupling,1.0
128,0,0,0.2437781166954558,0.2562218833045442,0.3074088840604494,0.3228346456692913,0.9017156773598216,0.15474518893601677,1.848380714009025,0.22252420923035643,0.008505444056020533,0.12537395582321448,0.8949137179224615,0.10897200481797349,0.5659401004965047,1.2143429667714711,1.0,0.0,0.0,0.0,anisotropic_coupling,20360721,anisotropic_coupling,1.0
129,0,0,0.495530828546611,0.004469171453388977,0.5879440476109441,0.594488188976378,0.5019178402141712,0.14076061398036832,2.2295522679830033,0.3375311757406,0.012659216554017503,0.15177837794398977,0.5003006800455624,0.07757809447546447,0.2762678209594843,0.7700760204610382,1.0,0.0,0.0,0.0,anisotropic_coupling,20360721,anisotropic_coupling,1.0
130,0,0,0.24679158427186054,0.25320841572813946,0.4934857066967082,0.5,0.910114362496633,0.1569983336412989,3.126974603842293,0.1319426910191705,0.007964980556627687,0.14033615532597693,0.8969012818810138,0.13035485218591536,0.4816951421724526,1.273249210517389,1.0,0.0,0.0,0.0,anisotropic_coupling,20360721,anisotropic_coupling,1.0
131,1,1,0.5150079850555841,0.015007985055584146,0.3637930301304638,0.3779527559055118,0.6849625124563841,0.2508893107819314,1.5165262192337905,0.3149614250930267,0.009677860166652064,0.1270799910604683,0.6864563933660662,0.08940924917973542,0.3815006876033791,0.9382689043734814,1.0,0.0,0.0,1.0,anisotropic_coupling,20360721,anisotropic_coupling,1.0
132,0,0,0.3233800972523644,0.17661990274763564,0.45920114571487974,0.468503937007874,1.1422561368177258,0.05295571542517143,2.6667067229660066,0.3398078506319914,0.011967200525885666,0.25517718636810494,1.136580831155613,0.2876394457450827,0.4241344281612865,2.0577058042969627,1.0,0.0,0.0,0.0,anisotropic_coupling,20360721,anisotropic_coupling,1.0
133,1,1,0.5204548619772069,0.020454861977206956,0.4749271383525231,0.5,0.7835015106828617,0.08053315807744846,2.186556111364787,0.2158053915336885,0.01070918282481749,0.13216682438360222,0.7747877742655176,0.1058587790084058,0.43231657497392756,1.0786342322923026,1.0,0.0,0.0,1.0,anisotropic_coupling,20360721,anisotropic_coupling,1.0
134,0,0,0.4435303880693931,0.05646961193060692,0.5535296797679674,0.562992125984252,0.858423280234853,0.21247458141910835,2.214366800716082,0.20908461574263265,0.013637861450818883,0.16932191832697815,0.8622523922570395,0.1382086582149974,0.3985596008994799,1.2876649790534604,1.0,0.0,0.0,0.0,anisotropic_coupling,20360721,anisotropic_coupling,1.0
135,0,0,0.4395810888555392,0.06041891114446081,0.4430038603858718,0.468503937007874,1.0468664379153767,0.13179771607907298,2.0486272282827076,0.14166107182189933,0.006169481613936583,0.24809804099515398,1.0504474284630503,0.2682137440892364,0.34374154649199773,1.872665018479527,1.0,0.0,0.0,0.0,anisotropic_coupling,20360721,anisotropic_coupling,1.0
136,1,1,0.5244323849818756,0.02443238498187561,0.40308545719688327,0.40551181102362205,0.8371254040062008,0.15027038499093284,2.220143650699638,0.1607431147800848,0.013721978339055632,0.1716241555878705,0.825174607932078,0.14456143664122373,0.393901671125825,1.3117479134397048,1.0,0.0,0.0,1.0,anisotropic_coupling,20360721,anisotropic_coupling,1.0
137,0,0,0.4938010911732177,0.0061989088267823105,0.22334792847077287,0.24015748031496062,0.8627791268239282,0.2468071373752967,2.1314589999957128,0.26651417692451307,0.008606050204048454,0.10776695117350554,0.8610917082635396,0.10138265830422254,0.5673571398106256,1.1749509938891693,1.0,0.0,0.0,0.0,anisotropic_coupling,20360721,anisotropic_coupling,1.0
138,0,0,0.4122609996939459,0.08773900030605407,0.28848205936813875,0.2952755905511811,0.5453071427463302,0.10451166736929521,1.8713767950176579,0.2072557310857992,0.012379309454974266,0.10084534155947147,0.5460975569162583,0.0544221667388362,0.37409633163385014,0.6851591522060932,1.0,0.0,0.0,0.0,anisotropic_coupling,20360721,anisotropic_coupling,1.0
139,1,1,0.5296543159929727,0.029654315992972795,0.4931020385364949,0.5,0.7600447813130835,0.05858825130980137,2.9256153233708604,0.297305746480613,0.010600846903820885,0.18497104008927778,0.7482642093029533,0.14249080186081817,0.2971506335139506,1.1176310428739604,1.0,0.0,0.0,1.0,anisotropic_coupling,20360721,anisotropic_coupling,1.0
140,0,0,0.4749005830774143,0.025099416922585722,0.4209988157130421,0.43700787401574803,1.1710992027559306,0.2301434427038723,3.008929091267237,0.3286699676055005,0.007824085829512842,0.19992177176839687,1.1756821365924428,0.2460012629228004,0.4477325773232511,1.977282552839794,1.0,0.0,0.0,0.0,anisotropic_coupling,20360721,anisotropic_coupling,1.0
141,1,0,0.5122869577740513,0.012286957774051269,0.3215831778323671,0.3228346456692913,1.1095921009747303,0.06818641634347766,3.0821011230631683,0.1831155814207019,0.004623338349588567,0.1808890349029198,1.1070967064271584,0.19531366079825657,0.6050507698171529,1.8616744300539976,1.0,0.0,0.0,0.0,anisotropic_coupling,20360721,anisotropic_coupling,1.0
142,1,0,0.5628483220567828,0.06284832205678283,0.5095080290650944,0.531496062992126,1.0229755484229175,0.05634170582576684,1.487452321061281,0.32520607588188155,0.007363965015340838,0.2065648506144863,1.0094828323080298,0.20948040488891723,0.4037390045107362,1.687935895753147,1.0,0.0,0.0,0.0,anisotropic_coupling,20360721,anisotropic_coupling,1.0
143,1,1,0.5041880490482651,0.004188049048265043,0.23913595543693883,0.24015748031496062,0.7787816376180006,0.13681924694100925,3.025226605930463,0.23568502875990108,0.00942983465392524,0.25646895159996574,0.7856165052081099,0.2073991289581609,0.2243819482930495,1.3734748358643745,1.0,0.0,0.0,1.0,anisotropic_coupling,20360721,anisotropic_coupling,1.0
144,0,1,0.49245202763310725,0.007547972366892769,0.27317762229675147,0.2952755905511811,0.9145770644194724,0.16034016185445957,1.6000290696244845,0.2607153124988222,0.0080605733122265,0.22177798892750827,0.916648964524983,0.19397461286183773,0.30374100837913665,1.447464466932533,1.0,0.0,0.0,1.0,anisotropic_coupling,20360721,anisotropic_coupling,1.0
145,0,0,0.3444282114672712,0.15557178853272877,0.4021626017158715,0.40551181102362205,0.9962998124573793,0.13985040386391479,2.7959869443177845,0.3010774725403569,0.011447431312272783,0.17800879549835508,1.0067037375044,0.17168847064920553,0.24907495311434483,1.5447747501530722,1.0,0.0,0.0,0.0,anisotropic_coupling,20360721,anisotropic_coupling,1.0
146,0,0,0.38503339573720075,0.11496660426279924,0.3311201430139119,0.35039370078740156,1.0231145256650578,0.23248355520947672,1.6654935480907562,0.25276725628859087,0.01126596636874308,0.10226948915449206,1.0232964680873355,0.10586141335265897,0.74068460683192,1.3377645663509588,1.0,0.0,0.0,0.0,anisotropic_coupling,20360721,anisotropic_coupling,1.0
147,1,1,0.6498380163808901,0.1498380163808901,0.5006416852191066,0.5,0.915167768387898,0.1408923902172958,2.0820856746023475,0.27017664925266494,0.006997581860963647,0.24050232060602378,0.9161495144592376,0.22064640422638507,0.2287919420969745,1.6316701018762898,1.0,0.0,0.0,1.0,anisotropic_coupling,20360721,anisotropic_coupling,1.0
148,0,0,0.27932663375382283,0.22067336624617717,0.5109503023563168,0.531496062992126,0.5808948406516569,0.16020284247474698,1.8452380404160043,0.181778846589134,0.01211748116966959,0.2132662170224755,0.5790126722853366,0.13027120899533665,0.23105487496836102,0.961441325765489,1.0,0.0,0.0,0.0,anisotropic_coupling,20360721,anisotropic_coupling,1.0
149,1,1,0.5053376507665528,0.005337650766552831,0.5293662687389242,0.531496062992126,1.010102737224073,0.2769636618178967,3.1843022562238685,0.23592766565992696,0.01213452551807883,0.24525799631242834,1.015735820338867,0.2476367655987785,0.3243504146950965,1.7551660592807625,1.0,0.0,0.0,1.0,anisotropic_coupling,20360721,anisotropic_coupling,1.0
150,0,0,0.4484707419413896,0.05152925805861043,0.24421609802087263,0.2677165354330709,0.8399793639518132,0.263217222540309,3.072796465811371,0.23896237457220834,0.013604687697864873,0.2054294292982831,0.849348839703906,0.17694407306703683,0.2950923818121058,1.355027789771239,1.0,0.0,0.0,0.0,anisotropic_coupling,20360721,anisotropic_coupling,1.0
151,0,1,0.4513756266629044,0.04862437333709563,0.3157297311051416,0.3228346456692913,1.0095409478225041,0.14637982109418435,1.6152012306484917,0.17593811997522968,0.009628505556142423,0.2163799696014903,1.0043464066096655,0.22586775132670278,0.25238523695562604,1.6608494943383525,1.0,0.0,0.0,1.0,anisotropic_coupling,20360721,anisotropic_coupling,1.0
152,1,1,0.5086786148574557,0.00867861485745565,0.5223860775667343,0.531496062992126,0.6160711098774212,0.16297264499577946,2.7743649870509657,0.1372186649296861,0.010726980803941806,0.1443433549445036,0.6157510265133432,0.08966271964956998,0.3598425691286659,0.8752919890053981,1.0,0.0,0.0,1.0,anisotropic_coupling,20360721,anisotropic_coupling,1.0
153,0,0,0.4690987906748487,0.030901209325151297,0.24785571452599764,0.2677165354330709,0.795753763304322,0.07496197216965704,2.618898856201426,0.17756677064551254,0.007285543336896103,0.15118554930159014,0.7974201608450058,0.12285368929524518,0.455963272105611,1.1822840699025121,1.0,0.0,0.0,0.0,anisotropic_coupling,20360721,anisotropic_coupling,1.0
154,1,1,0.7515155273095738,0.2515155273095738,0.2661166251937959,0.2677165354330709,0.5731781657145005,0.06322049761964059,2.9528824510479197,0.2230931263136275,0.013548279119014557,0.25021210686490114,0.5743515190831947,0.139289819681322,0.14329454142862513,0.962001769515054,1.0,0.0,0.0,1.0,anisotropic_coupling,20360721,anisotropic_coupling,1.0
155,0,0,0.24319980286804171,0.2568001971319583,0.49285118725507115,0.5,1.2170220642637752,0.14646184054287736,2.3358005683004994,0.2960019761647549,0.013602904482513872,0.22950802287723265,1.224449603096517,0.2767431752914812,0.3042555160659438,1.9594888785202862,1.0,0.0,0.0,0.0,anisotropic_coupling,20360721,anisotropic_coupling,1.0
156,0,0,0.441326206905137,0.05867379309486296,0.35815919702596183,0.3779527559055118,0.8722512973534755,0.09822614885367685,2.601129491369196,0.2690090906345861,0.007056588867799139,0.2082749194914545,0.8692301635150167,0.1838050105959022,0.3418342136648011,1.5588156936029365,1.0,0.0,0.0,0.0,anisotropic_coupling,20360721,anisotropic_coupling,1.0
157,0,0,0.4689742764063539,0.0310257235936461,0.3424719717371484,0.35039370078740156,0.7471885678288157,0.20344853935978308,2.138399203708526,0.17642959216202897,0.007453813318937207,0.17489908461782194,0.7384532203944398,0.1262980160448635,0.35571781667977304,1.1248244513923107,1.0,0.0,0.0,0.0,anisotropic_coupling,20360721,anisotropic_coupling,1.0
158,0,0,0.43425221511722,0.06574778488277996,0.3262602412953984,0.35039370078740156,0.6781869973496224,0.2421886651903326,1.882074186528191,0.19420151518035444,0.00927296847216493,0.22402798968394888,0.6653905733005905,0.15423204832110293,0.20131375828232084,1.119304505049979,1.0,0.0,0.0,0.0,anisotropic_coupling,20360721,anisotropic_coupling,1.0
159,1,1,0.7397913887349916,0.23979138873499165,0.4532090097175243,0.468503937007874,0.6176713150121779,0.2759803776551546,1.4272826180316311,0.2821995427538011,0.00973687735592329,0.2537321386530105,0.6164300797215241,0.16297292166625374,0.20409983971259454,1.2257250183675952,1.0,0.0,0.0,1.0,anisotropic_coupling,20360721,anisotropic_coupling,1.0
0,0,0,0.420097211380312,0.07990278861968801,0.254429546864293,0.2677165354330709,0.8708221065361068,0.16104784841849007,1.696429702914133,0.29656047510140715,0.011765347593060457,0.1587008605962413,0.8686865983606542,0.14040905050691038,0.4528681391372107,1.3555393824496544,1.0,0.0,0.0,0.0,target_scale_1.00,20460721,linear_isotropic,1.0
1,1,1,0.5802011670514297,0.0802011670514297,0.5437283814209376,0.562992125984252,1.0298255182819993,0.2150608034399276,2.648390304701869,0.22239560577067546,0.011836151853664378,0.10569520496447868,1.0365218226606938,0.10432456240164932,0.7461495737554094,1.368196143197399,1.0,0.0,0.0,1.0,target_scale_1.00,20460721,linear_isotropic,1.0
2,0,0,0.46557828187278555,0.03442171812721446,0.18875153680340245,0.2125984251968504,0.702597946420065,0.14647872163889059,1.9555335644307044,0.244922780377674,0.0038136773551208244,0.14297753494907722,0.7017192376365834,0.09939204315277776,0.3715725784631261,1.0107379206639515,1.0,0.0,0.0,0.0,target_scale_1.00,20460721,linear_isotropic,1.0
3,0,0,0.44815598126292494,0.051844018737075066,0.26947942580823697,0.2952755905511811,0.8861166429804754,0.11180678011832942,2.1999571596647085,0.17202872816662315,0.00892205681198349,0.1394538228399287,0.8872327202454539,0.11886156548895849,0.5234934651236686,1.2347507362433248,1.0,0.0,0.0,0.0,target_scale_1.00,20460721,linear_isotropic,1.0
4,0,0,0.4493843431497495,0.0506156568502505,0.48499694792325393,0.5,0.9917698914689249,0.09791381007926382,1.8753191048261506,0.19027039859934852,0.00931133091626295,0.1930397650162698,0.9818472397285994,0.19376517789423706,0.2846239254459451,1.6825237797362895,1.0,0.0,0.0,0.0,target_scale_1.00,20460721,linear_isotropic,1.0
5,0,0,0.4909143198819422,0.009085680118057804,0.5172074473020012,0.531496062992126,1.0175752773341749,0.18347653953742216,1.9194882915339306,0.2320978287922943,0.004671542946992265,0.18686615802096246,1.008148651409462,0.18699089585716527,0.4014054817593168,1.6847838235945694,1.0,0.0,0.0,0.0,target_scale_1.00,20460721,linear_isotropic,1.0
6,1,1,0.5067563826083886,0.006756382608388663,0.5456719838223777,0.562992125984252,0.6472173869347755,0.137323499652166,2.039368088203055,0.24937630595334942,0.004633846828523213,0.09351206356953701,0.6446895444503854,0.0605860659730952,0.42516767494492597,0.8317242872567967,1.0,0.0,0.0,1.0,target_scale_1.00,20460721,linear_isotropic,1.0
7,1,1,0.5665857236451473,0.06658572364514728,0.19536072871080043,0.2125984251968504,0.8330578898012068,0.18128464555656984,1.7851057345703443,0.16118435402167972,0.006210009098985685,0.211254341934341,0.8377764026634075,0.17271688450873837,0.28500603172633393,1.4362078878438138,1.0,0.0,0.0,1.0,target_scale_1.00,20460721,linear_isotropic,1.0
8,0,1,0.4869477924644702,0.01305220753552984,0.47707722909790784,0.5,0.9182646317526943,0.2135130246633811,2.001063308447881,0.2847771521057942,0.006053544839947937,0.1595178357383773,0.9068170248524047,0.13897727035146842,0.4703352980792027,1.3302269577871881,1.0,0.0,0.0,1.0,target_scale_1.00,20460721,linear_isotropic,1.0
9,0,0,0.37703293520653525,0.12296706479346474,0.3089807548628395,0.3228346456692913,0.8147749122676715,0.11871867798038196,1.9539521569212055,0.26262498011516766,0.004290098026452321,0.13081055702729957,0.8122619850163304,0.10216242652771598,0.48175271912324297,1.1108777970903763,1.0,0.0,0.0,0.0,target_scale_1.00,20460721,linear_isotropic,1.0
10,1,1,0.7320063340599403,0.23200633405994037,0.40627764659009247,0.40551181102362205,0.8456113718838051,0.15597032390018675,1.966367411231244,0.16709883614271567,0.008313603865857343,0.19383025480405097,0.851180737599848,0.16290629914184404,0.37775633993160773,1.2933846781261182,1.0,0.0,0.0,1.0,target_scale_1.00,20460721,linear_isotropic,1.0
11,1,1,0.527460018223806,0.02746001822380597,0.2372402065502946,0.24015748031496062,0.7477609149848685,0.12876256028371427,2.3216966570028665,0.16177932546032603,0.008074673032280207,0.1664393843043459,0.7510350034895227,0.12505512958018916,0.435716787813865,1.1218840102485943,1.0,0.0,0.0,1.0,target_scale_1.00,20460721,linear_isotropic,1.0
12,0,0,0.49199704248571297,0.008002957514287057,0.3834479874606066,0.40551181102362205,1.0114785501388486,0.09928813482906648,2.0852116932342852,0.2889571292051187,0.00923747085507104,0.1011032246903244,1.0140613520594584,0.10381813098959874,0.7064338436472997,1.3222328528638934,1.0,0.0,0.0,0.0,target_scale_1.00,20460721,linear_isotropic,1.0
13,1,1,0.5226715589408882,0.022671558940888244,0.18163386056413677,0.18503937007874016,0.8164467245164515,0.1818637532744165,2.333437441586446,0.20441572131429894,0.003519229235117466,0.18065920447275402,0.820196547411767,0.14688803864012084,0.35070154930731484,1.2286368300088581,1.0,0.0,0.0,1.0,target_scale_1.00,20460721,linear_isotropic,1.0
14,1,1,0.5858112179076214,0.08581121790762132,0.28821544342994676,0.2952755905511811,0.8549177268526313,0.17564803282930147,1.5289723173450516,0.17154032905637956,0.003331926951688728,0.11588224981761695,0.856084045298958,0.09646063162387011,0.6043846332558555,1.132858552179876,1.0,0.0,0.0,1.0,target_scale_1.00,20460721,linear_isotropic,1.0
15,1,0,0.5119285079163218,0.011928507916321825,0.5219277289782696,0.531496062992126,0.6899399432448292,0.10912371798365647,2.036210958658269,0.19129603002997847,0.0031904251618370206,0.14136057292210846,0.6853268079507175,0.09572563851334104,0.34346671167743975,1.007239430110246,1.0,0.0,0.0,0.0,target_scale_1.00,20460721,linear_isotropic,1.0
16,0,0,0.49311283365476544,0.006887166345234591,0.41018408234743864,0.43700787401574803,0.9475636492237579,0.197644121137571,1.8566513015037087,0.25522637605737786,0.0034749506121027145,0.18596611255319906,0.9533704061840186,0.17352422272784238,0.4323610396955909,1.508274628227176,1.0,0.0,0.0,0.0,target_scale_1.00,20460721,linear_isotropic,1.0
17,0,0,0.4765551603622994,0.023444839637700585,0.32888835340361744,0.35039370078740156,0.9011488344985844,0.19212079499594298,1.6945616765299476,0.200229952483076,0.00438884157545931,0.16135353532340538,0.8952536630595044,0.14924170096818767,0.4735701278505203,1.329438454268985,1.0,0.0,0.0,0.0,target_scale_1.00,20460721,linear_isotropic,1.0
18,0,0,0.4942236500000651,0.005776349999934917,0.47626253107646827,0.5,1.098129485925064,0.18720026742387888,2.2251253639082673,0.16968585811935288,0.004060317947438823,0.08583135571906651,1.102667252492935,0.09718367325021335,0.784835712689624,1.4016498307010419,1.0,0.0,0.0,0.0,target_scale_1.00,20460721,linear_isotropic,1.0
19,0,0,0.40703199190198475,0.09296800809801525,0.5337231274431193,0.562992125984252,0.7188665095345278,0.16577980750400986,2.698884885834786,0.20215011259884602,0.010624258985426984,0.2129495252837773,0.7172605854446795,0.14965052095604484,0.27681530623285355,1.164343088606443,1.0,0.0,0.0,0.0,target_scale_1.00,20460721,linear_isotropic,1.0
20,0,0,0.39223223727448087,0.10776776272551915,0.3600336346521352,0.3779527559055118,0.9442275463296093,0.23472792997338873,2.4955997620263997,0.28115212187227423,0.008687362154398042,0.09798902691589303,0.9438687289505626,0.09434630404688364,0.6901635179432585,1.2074241196814766,1.0,0.0,0.0,0.0,target_scale_1.00,20460721,linear_isotropic,1.0
21,0,0,0.47189388557601347,0.02810611442398655,0.5230245463857195,0.531496062992126,0.9506799718525851,0.06842278134442165,2.1946907198876735,0.250509652083435,0.009735846262898785,0.10710334924541648,0.94625644071106,0.10279396713386524,0.6788356878172715,1.2678252037838043,1.0,0.0,0.0,0.0,target_scale_1.00,20460721,linear_isotropic,1.0
22,1,1,0.7905380558077015,0.29053805580770153,0.44130946201436144,0.468503937007874,0.9564722825226281,0.1609980883767117,1.8509857571927628,0.2348945305789938,0.0076325981724056835,0.1127676054342889,0.9499759895926007,0.10403441163556452,0.6475915532494082,1.251005183461894,1.0,0.0,0.0,1.0,target_scale_1.00,20460721,linear_isotropic,1.0
23,1,1,0.6932891064812133,0.1932891064812133,0.19003636732597695,0.2125984251968504,0.9162228341697584,0.12941321942474995,2.9174433505080275,0.23285384126492903,0.010744727135732707,0.2000224838608028,0.9233521453870343,0.16934934549337413,0.5236711172130778,1.4500510447397217,1.0,0.0,0.0,1.0,target_scale_1.00,20460721,linear_isotropic,1.0
24,1,1,0.8315387465930726,0.3315387465930726,0.5421006888059952,0.562992125984252,0.7410104056643201,0.1231144359424125,2.93317190154586,0.1834535151959153,0.008392023949501181,0.09891976945801635,0.7430677418941596,0.07439052887334448,0.5053086336841334,0.9395420878882025,1.0,0.0,0.0,1.0,target_scale_1.00,20460721,linear_isotropic,1.0
25,1,0,0.5255745759009793,0.025574575900979384,0.39801718731714963,0.40551181102362205,0.9385729628352355,0.22164128821184081,2.341562558492502,0.279027329105484,0.00860301627977519,0.15300377191299142,0.9487151323609508,0.13600942405418331,0.5901705194786878,1.3209644232718443,1.0,0.0,0.0,0.0,target_scale_1.00,20460721,linear_isotropic,1.0
26,0,1,0.49050838026675564,0.00949161973324435,0.2194578123481259,0.24015748031496062,1.0401737035817216,0.06949457430794151,2.163267393158285,0.24540037640543938,0.0036330894503469966,0.15318994999192478,1.0356540004362902,0.1571254415592337,0.649364939570847,1.4847934685056488,1.0,0.0,0.0,1.0,target_scale_1.00,20460721,linear_isotropic,1.0
27,0,0,0.4879829026153265,0.01201709738467349,0.37541321425056784,0.3779527559055118,0.7088196429088498,0.11699349529890433,2.4177496272128725,0.229542930671477,0.006836509789710021,0.11992613559928408,0.7047786658531209,0.08759668645483829,0.3901501301307521,0.9635437917606076,1.0,0.0,0.0,0.0,target_scale_1.00,20460721,linear_isotropic,1.0
28,0,1,0.49425519843362564,0.005744801566374374,0.23247039011254517,0.24015748031496062,0.7624489811500589,0.06054345578212528,1.7787403664624872,0.1912213366364306,0.006513246234048599,0.19824236297751757,0.7736489176279647,0.15071129624598603,0.31626821328723437,1.2297886267432345,1.0,0.0,0.0,1.0,target_scale_1.00,20460721,linear_isotropic,1.0
29,1,1,0.5196239638450975,0.01962396384509751,0.3309201923150128,0.35039370078740156,0.90025297668899,0.20288423566962185,2.427975071117965,0.20120459412918545,0.008869717839299091,0.0953481513323745,0.9052044011029377,0.08261562365869247,0.7012986855330026,1.1758434539602847,1.0,0.0,0.0,1.0,target_scale_1.00,20460721,linear_isotropic,1.0
30,1,0,0.5058524986178548,0.005852498617854762,0.18231669699253192,0.18503937007874016,1.0960303884296305,0.212087426038066,2.0296048288743935,0.16203386747143372,0.004061745894447951,0.20852330362403204,1.1039147068334594,0.24433501301863783,0.3998360458567715,1.7503665372257093,1.0,0.0,0.0,0.0,target_scale_1.00,20460721,linear_isotropic,1.0
31,0,0,0.41665464688891074,0.08334535311108926,0.3424402789042996,0.35039370078740156,0.6641198678414899,0.10646119238188338,2.2883931780437106,0.16690621846934187,0.004861495910799882,0.1984718543387186,0.6671925974474796,0.13891668124472387,0.2973267622541677,1.1024257837102196,1.0,0.0,0.0,0.0,target_scale_1.00,20460721,linear_isotropic,1.0
32,0,0,0.39474116749650756,0.10525883250349247,0.4063057170187291,0.40551181102362205,1.0373479999886506,0.07048939121922543,1.963972495185626,0.15791819696879086,0.006619790347117072,0.1922671249663594,1.0542862817054284,0.20429015643096143,0.38522496069799994,1.6582492551480217,1.0,0.0,0.0,0.0,target_scale_1.00,20460721,linear_isotropic,1.0
33,0,0,0.4893009170708335,0.010699082929166515,0.3741884787851285,0.3779527559055118,1.112424258776303,0.18041816726401277,1.7033606211186978,0.25253632598804054,0.010564663905826287,0.195106929605748,1.1135053518817066,0.2201354540059156,0.5457257657347524,1.9884472472215433,1.0,0.0,0.0,0.0,target_scale_1.00,20460721,linear_isotropic,1.0
34,0,0,0.27108096179891394,0.22891903820108606,0.3489364970027785,0.35039370078740156,0.6194120022341854,0.12415515228507192,2.7591228002693313,0.28475761819619594,0.008247632145056454,0.21263681246641325,0.6165894816771559,0.1362741599810837,0.23282385817703707,1.036625291030533,1.0,0.0,0.0,0.0,target_scale_1.00,20460721,linear_isotropic,1.0
35,1,1,0.5402969246567785,0.04029692465677847,0.531139494713498,0.531496062992126,1.1236815723223263,0.06098916768564775,1.5141453175800696,0.2867928846397385,0.01099951800505546,0.10963409076672828,1.1213686387816078,0.12394893900010259,0.6876078604823512,1.4677327157590294,1.0,0.0,0.0,1.0,target_scale_1.00,20460721,linear_isotropic,1.0
36,0,0,0.4673955108586842,0.0326044891413158,0.24093095684818144,0.2677165354330709,1.0217162573612726,0.23515655333448693,2.8032401580711896,0.17320099786316037,0.0030901233091992666,0.12430039243659263,1.0248153325589173,0.13018980015377624,0.634504984086037,1.429327570990537,1.0,0.0,0.0,0.0,target_scale_1.00,20460721,linear_isotropic,1.0
37,0,1,0.47283116167238387,0.027168838327616116,0.3985355332531041,0.40551181102362205,0.6561989492420901,0.06899373716010272,2.036020181955599,0.21415265017552546,0.005795081819472577,0.16665693094557094,0.6548052502128306,0.10482634414721517,0.3641094497440859,0.9910609287767937,1.0,0.0,0.0,1.0,target_scale_1.00,20460721,linear_isotropic,1.0
38,1,1,0.6871724298490749,0.18717242984907495,0.3997617168159781,0.40551181102362205,1.1024152824602438,0.1660008930816384,2.4770391791082456,0.1874481362961611,0.009728290372614527,0.10085786015956859,1.0994141799541781,0.1109089428538554,0.8134049347027555,1.4231502540414585,1.0,0.0,0.0,1.0,target_scale_1.00,20460721,linear_isotropic,1.0
39,1,1,0.5477882919222938,0.047788291922293884,0.2569565036551009,0.2677165354330709,0.8948343091143913,0.15492505244714364,2.018439780563592,0.2003390899693784,0.003093183943485668,0.11624369883959126,0.893635259728226,0.107666633253083,0.530831639715551,1.2000190998583755,1.0,0.0,0.0,1.0,target_scale_1.00,20460721,linear_isotropic,1.0
40,0,0,0.4550055536952889,0.0449944463047111,0.28184996688283226,0.2952755905511811,0.6204224017503992,0.17196744705133038,1.8952676094104794,0.23506709249420277,0.008460426984275835,0.11503372039621426,0.6173903168240255,0.07247282934664889,0.3913431244454303,0.8055597501361017,1.0,0.0,0.0,0.0,target_scale_1.00,20460721,linear_isotropic,1.0
41,1,1,0.548270225064099,0.04827022506409895,0.48346413130799565,0.5,1.1026812174453435,0.20193116604564826,2.5542121349988314,0.2774917120756263,0.006324946386007493,0.11115590983231774,1.092871361154162,0.12185833462019237,0.6751319537138573,1.5145339731874092,1.0,0.0,0.0,1.0,target_scale_1.00,20460721,linear_isotropic,1.0
42,1,1,0.5387125831088506,0.03871258310885065,0.43967920143520023,0.468503937007874,0.6466768694175171,0.23137955869649962,2.741887163032617,0.23524114807134797,0.0076212001095097345,0.15993215808329503,0.6397708317905164,0.1026718026167005,0.2619472867176671,0.9193968123683735,1.0,0.0,0.0,1.0,target_scale_1.00,20460721,linear_isotropic,1.0
43,1,0,0.5162287897596561,0.016228789759656144,0.19795691813229174,0.2125984251968504,1.0991307520499198,0.1890112516719748,2.9851728869893788,0.18668968581407827,0.009665827188482991,0.11242291152768857,1.0976507802764668,0.1256368579940074,0.7256634095026834,1.589266767796971,1.0,0.0,0.0,0.0,target_scale_1.00,20460721,linear_isotropic,1.0
44,0,0,0.491605604012256,0.008394395987743993,0.5184493523385201,0.531496062992126,0.9110004813504349,0.22239969675507132,1.7723458616156722,0.28286263936994177,0.004366054288999361,0.1866360663429508,0.9046843059310283,0.17128729654137795,0.39136738243951574,1.3964285948564163,1.0,0.0,0.0,0.0,target_scale_1.00,20460721,linear_isotropic,1.0
45,0,0,0.3611485191527536,0.13885148084724638,0.5367713636791909,0.562992125984252,0.9452682375668615,0.06604843957370649,1.8193996587273276,0.2633737375422664,0.0070857083549222865,0.14260473480475394,0.9353408427700949,0.12894575421284535,0.5004238281978313,1.3613348753145307,1.0,0.0,0.0,0.0,target_scale_1.00,20460721,linear_isotropic,1.0
46,1,0,0.5051811621959431,0.005181162195943068,0.4323761531699435,0.43700787401574803,0.8022602174202892,0.19686243117114852,1.8065671771203133,0.2772578724096959,0.003283071156534813,0.1528529322169485,0.8061059269720708,0.12625944654734678,0.3858761153613623,1.2448230400960552,1.0,0.0,0.0,0.0,target_scale_1.00,20460721,linear_isotropic,1.0
47,1,1,0.5054323506805892,0.005432350680589271,0.358996454320502,0.3779527559055118,0.8692399712987902,0.07223124333456596,2.231726189804492,0.154439893799544,0.011967317263954513,0.1498551934888258,0.8777986985562144,0.13263650389577578,0.5004699914882865,1.2793352715166937,1.0,0.0,0.0,1.0,target_scale_1.00,20460721,linear_isotropic,1.0
48,0,0,0.4666310495825863,0.0333689504174137,0.2201336044531655,0.24015748031496062,0.6437106076459832,0.10535232542000848,2.694968398935923,0.20931094644830986,0.010949247488914005,0.20847247401147173,0.6371680055855751,0.13458500698812362,0.1930364500516475,1.055400993241248,1.0,0.0,0.0,0.0,target_scale_1.00,20460721,linear_isotropic,1.0
49,0,0,0.18064353943670403,0.319356460563296,0.25261735991832446,0.2677165354330709,0.6088460806198832,0.14167408826873085,2.3853617926461377,0.15911575834101518,0.003327140783676509,0.13997798048312515,0.6079748704727942,0.08580272141004369,0.2916441359919026,0.8737069516408584,1.0,0.0,0.0,0.0,target_scale_1.00,20460721,linear_isotropic,1.0
50,0,0,0.4730540961149888,0.026945903885011207,0.2881267993971319,0.2952755905511811,0.8583981350311543,0.1348411479580409,2.8205261020377064,0.19832596286600174,0.006073723954704308,0.217236857414145,0.8547899542942372,0.1768433031476897,0.3952739071673362,1.4292472556909246,1.0,0.0,0.0,0.0,target_scale_1.00,20460721,linear_isotropic,1.0
51,0,0,0.434618971820738,0.06538102817926199,0.35842593690937175,0.3779527559055118,0.6493116689912097,0.14863148815790783,2.7457912210616064,0.16713223483831074,0.007475955665466389,0.21583751494461229,0.651658286156802,0.13865445229854903,0.22172047253093916,1.0650152686913277,1.0,0.0,0.0,0.0,target_scale_1.00,20460721,linear_isotropic,1.0
52,1,0,0.5455416777838574,0.045541677783857384,0.3320638690970146,0.35039370078740156,0.8471570031587295,0.13166797926153945,1.722913388407777,0.25001583051684734,0.007419139696583383,0.16013300079584392,0.8370868598209971,0.13643035511313073,0.3779693656298123,1.211923394318593,1.0,0.0,0.0,0.0,target_scale_1.00,20460721,linear_isotropic,1.0
53,0,0,0.49317126380106313,0.006828736198936862,0.36814668881445206,0.3779527559055118,0.6482779738724231,0.187199253586169,2.042083960729983,0.16597333664855612,0.0069366005552101645,0.20263789620086228,0.6517427440167486,0.12493799675457652,0.2623901307692878,1.0050414870684596,1.0,0.0,0.0,0.0,target_scale_1.00,20460721,linear_isotropic,1.0
54,1,1,0.5198312698293277,0.019831269829327654,0.21662333408519907,0.24015748031496062,0.9033055076074519,0.1536152388164147,2.9677011158404722,0.1541758829860326,0.006738672645409413,0.11491207222860278,0.9056483316980949,0.10158774839355754,0.6103027406671437,1.2398782978193434,1.0,0.0,0.0,1.0,target_scale_1.00,20460721,linear_isotropic,1.0
55,1,0,0.5059124479018637,0.005912447901863761,0.5292857029412525,0.531496062992126,0.7768725481103809,0.2220417185820486,2.4809690690866946,0.2983618758641655,0.011270814828811985,0.18938380753436057,0.7717375812822403,0.14437479467817885,0.37108206757827045,1.1546785892815956,1.0,0.0,0.0,0.0,target_scale_1.00,20460721,linear_isotropic,1.0
56,1,1,0.7422600654279448,0.2422600654279447,0.22386107385350423,0.24015748031496062,0.8909348614723329,0.1594891188724485,1.722383945192885,0.2920485474932928,0.00791911988101238,0.09430892469225484,0.8894884432444858,0.08381952841216755,0.6503298718568394,1.113881600235538,1.0,0.0,0.0,1.0,target_scale_1.00,20460721,linear_isotropic,1.0
57,0,1,0.48851109114791336,0.011488908852086616,0.21369471369418758,0.24015748031496062,0.6119328283335802,0.1832572317141233,2.9381974218080087,0.276283930422681,0.010178973535134788,0.21899395475163752,0.6157103318765985,0.13623143606452726,0.23136297020362337,1.1427411139073167,1.0,0.0,0.0,1.0,target_scale_1.00,20460721,linear_isotropic,1.0
58,0,0,0.48969222855236777,0.01030777144763224,0.3132330998705364,0.3228346456692913,0.9874690725002705,0.06009141948056032,2.821292823561539,0.24535886818305808,0.00914516443407785,0.1926161951325705,0.985557028405989,0.1941455559659081,0.48673791289232243,1.625930382186997,1.0,0.0,0.0,0.0,target_scale_1.00,20460721,linear_isotropic,1.0
59,0,0,0.45421718596155897,0.04578281403844105,0.3674683601279458,0.3779527559055118,0.994910716118265,0.15197117808984173,2.54329763977097,0.19766817371603895,0.007248063121451831,0.1255480852064221,0.9917873646735675,0.1270412042784464,0.5881151513902384,1.3460707091137454,1.0,0.0,0.0,0.0,target_scale_1.00,20460721,linear_isotropic,1.0
60,0,1,0.4809185024257938,0.019081497574206203,0.31184892437885314,0.3228346456692913,0.7827249725801134,0.06888518141942715,1.809066501682688,0.16042899467263325,0.007624512528223929,0.1763158436880241,0.7886686618997035,0.133944429211231,0.3680994052531132,1.1662160154210064,1.0,0.0,0.0,1.0,target_scale_1.00,20460721,linear_isotropic,1.0
61,0,1,0.40831280934461484,0.09168719065538518,0.5438685688128085,0.562992125984252,1.0507451379884987,0.12001334923570484,2.2248973334121445,0.21344461792569006,0.006807480109460905,0.12888154377053934,1.0543840440324017,0.14308544305260182,0.590820027775315,1.4957500986817966,1.0,0.0,0.0,1.0,target_scale_1.00,20460721,linear_isotropic,1.0
62,1,1,0.5644347762071924,0.06443477620719246,0.5281152297055984,0.531496062992126,0.8352056928683464,0.07974372641013633,2.4034502555080195,0.20779893076825456,0.00505260843003629,0.124509589777295,0.8317506842508536,0.10103625012934074,0.49733310119581625,1.1436098125740979,1.0,0.0,0.0,1.0,target_scale_1.00,20460721,linear_isotropic,1.0
63,0,1,0.4728907908357427,0.027109209164257273,0.5057785918326422,0.531496062992126,1.0007153706731033,0.08611662153130603,2.0637709548548644,0.19740702595431966,0.006233918704002178,0.1623032449526643,0.999639801061615,0.15989023033008018,0.42871231863432385,1.5365689292942504,1.0,0.0,0.0,1.0,target_scale_1.00,20460721,linear_isotropic,1.0
64,1,0,0.5103395302952671,0.010339530295267081,0.46723892171456516,0.468503937007874,0.820405823478635,0.2263116970439078,2.7754926742718244,0.19564213899653832,0.005516960899046925,0.1457827886462844,0.8274151973839486,0.11723728660192197,0.4262936950945718,1.2666073843350576,1.0,0.0,0.0,0.0,target_scale_1.00,20460721,linear_isotropic,1.0
65,1,1,0.5446515810961244,0.044651581096124486,0.2784205861216383,0.2952755905511811,0.7795357277610115,0.06537502073127206,1.8897601653811473,0.2253839493791309,0.004918731795791343,0.10273817551106582,0.7780373303843806,0.07424690905774353,0.5462918398376934,1.0549999681108972,1.0,0.0,0.0,1.0,target_scale_1.00,20460721,linear_isotropic,1.0
66,1,1,0.5131803613308554,0.013180361330855431,0.2861504141230713,0.2952755905511811,0.6299563573534568,0.07366907362810433,1.6791495247325208,0.2094628680121387,0.007158881403081405,0.14555442166628163,0.6389379956533602,0.08881798274718962,0.31758993201828867,0.9015507921841547,1.0,0.0,0.0,1.0,target_scale_1.00,20460721,linear_isotropic,1.0
67,0,1,0.4850025373769351,0.014997462623064896,0.21333083097198804,0.24015748031496062,1.017820195035167,0.10896908887762283,2.33769482436137,0.20778298014534657,0.00742869072955033,0.20736831413488122,1.0166289588542576,0.21336936460119624,0.4157540209388931,1.634106700216969,1.0,0.0,0.0,1.0,target_scale_1.00,20460721,linear_isotropic,1.0
68,0,0,0.48446453540670636,0.015535464593293654,0.4894334604123502,0.5,1.119641982570331,0.10766740125598312,2.8442857688877634,0.24971965122097756,0.010294507687545442,0.10491720973731562,1.1240618517935947,0.12688589597446856,0.7479169129657504,1.5642561725531352,1.0,0.0,0.0,0.0,target_scale_1.00,20460721,linear_isotropic,1.0
69,0,0,0.24212224254530407,0.25787775745469593,0.37023935159712584,0.3779527559055118,1.109280888147119,0.17338194411619676,2.030197609123697,0.15906007065056701,0.005724071042611557,0.0839225039968495,1.1079225201655445,0.09204036850341667,0.846459315365056,1.39615792196148,1.0,0.0,0.0,0.0,target_scale_1.00,20460721,linear_isotropic,1.0
70,0,0,0.37285610447036444,0.1271438955296356,0.5349478844599023,0.562992125984252,1.112596028980997,0.11972968907297857,1.6278595767864936,0.22859192686386975,0.00936253867809703,0.17001691850050207,1.1039157366991883,0.18920783965321344,0.5586582345644813,1.7647347206497206,1.0,0.0,0.0,0.0,target_scale_1.00,20460721,linear_isotropic,1.0
71,0,0,0.4341946971636055,0.06580530283639453,0.36501821255064293,0.3779527559055118,0.664899743041114,0.17570990090134325,2.937553853405575,0.2580808219973577,0.005043576166304564,0.1995455654644286,0.6594186246279193,0.13567894338451145,0.21930919062781956,1.0204316989784366,1.0,0.0,0.0,0.0,target_scale_1.00,20460721,linear_isotropic,1.0
72,1,0,0.5092393978202714,0.009239397820271363,0.22575240639179767,0.24015748031496062,1.019112923598043,0.14032798832946108,2.2881395360424177,0.15051887806355496,0.004276451501265965,0.1344629603102289,1.015926242725476,0.14255713786904164,0.6111041246236417,1.4407035414720002,1.0,0.0,0.0,0.0,target_scale_1.00,20460721,linear_isotropic,1.0
73,1,1,0.6406648737948426,0.14066487379484266,0.5095861945333107,0.531496062992126,1.1090528998919158,0.1977348401318814,2.999843287830453,0.18556880898502295,0.006782609288820059,0.18845101042290072,1.1013492602767603,0.217685604280235,0.4607968072201828,1.6973622433416293,1.0,0.0,0.0,1.0,target_scale_1.00,20460721,linear_isotropic,1.0
74,1,1,0.5964622556435284,0.09646225564352844,0.2238495661846739,0.24015748031496062,0.7787931537030287,0.07196823392392274,2.4957365675498964,0.23194270518106275,0.010102198049684746,0.2044109495534993,0.7752282814971982,0.15845074349434132,0.36213401155298813,1.2198858793034262,1.0,0.0,0.0,1.0,target_scale_1.00,20460721,linear_isotropic,1.0
75,0,0,0.48226502527277704,0.017734974727222953,0.4642941846281892,0.468503937007874,0.7448502737701638,0.0681756542831413,2.9003313487097033,0.2631761368230784,0.009479377805836329,0.0803348151846296,0.7458455636940321,0.05634126960876099,0.55212743068018,0.9313101119649053,1.0,0.0,0.0,0.0,target_scale_1.00,20460721,linear_isotropic,1.0
76,1,1,0.6805132053257286,0.18051320532572862,0.40964351981761815,0.43700787401574803,1.144825268262116,0.10860587580255812,2.9051499252066795,0.2680489957585868,0.004078204767732088,0.2170007649264158,1.127588966734701,0.2572707416513564,0.286206317065529,1.9035348807281136,1.0,0.0,0.0,1.0,target_scale_1.00,20460721,linear_isotropic,1.0
77,0,0,0.4274121855620971,0.07258781443790291,0.34534876642757706,0.35039370078740156,0.6505805752953354,0.14098452547525286,2.7057765293422458,0.15795885651195626,0.0065627634342153435,0.19429398400600817,0.6594040259296556,0.1294619427906192,0.26294376363036126,1.0104436620033657,1.0,0.0,0.0,0.0,target_scale_1.00,20460721,linear_isotropic,1.0
78,1,1,0.6906346607447917,0.19063466074479168,0.19520198723439788,0.2125984251968504,1.0732073923294327,0.15311463314485912,2.869832490742171,0.1790999521416552,0.011765298217310403,0.18756768584337508,1.0762710914550602,0.19590708880575552,0.5025274158557926,1.673804495605231,1.0,0.0,0.0,1.0,target_scale_1.00,20460721,linear_isotropic,1.0
79,0,0,0.49184760750780904,0.00815239249219095,0.40643842078679293,0.43700787401574803,0.869198695404042,0.18730352211274925,2.718635107608975,0.20962338028152555,0.003626840178152333,0.09228846740091934,0.8753295296458852,0.08127279268228842,0.6230201619041755,1.209042004037331,1.0,0.0,0.0,0.0,target_scale_1.00,20460721,linear_isotropic,1.0
80,1,1,0.5107859669029242,0.010785966902924238,0.2436028666175959,0.2677165354330709,1.0935928259612029,0.14440353865290517,2.7466039299761293,0.26495644325077927,0.009760013544578592,0.18232342495004733,1.0944479144396344,0.20794811660592238,0.5163220692466339,1.7614320546560605,1.0,0.0,0.0,1.0,target_scale_1.00,20460721,linear_isotropic,1.0
81,1,0,0.5501497982296717,0.050149798229671645,0.3384624902175656,0.35039370078740156,0.6271467804597493,0.1844726354958427,2.1557271441333272,0.21825886063801125,0.0031095162610460317,0.1777974301180187,0.6203141688905627,0.11281170285255268,0.2781020254627231,1.0187912403601742,1.0,0.0,0.0,0.0,target_scale_1.00,20460721,linear_isotropic,1.0
82,1,1,0.5100708281283113,0.010070828128311315,0.3397790636269585,0.35039370078740156,0.9033771494857983,0.06826492982376917,2.5340748018350094,0.1520078229334537,0.007013471460267059,0.13264722582020724,0.9092670687301122,0.11549833857150611,0.5831975339166773,1.3721407514265747,1.0,0.0,0.0,1.0,target_scale_1.00,20460721,linear_isotropic,1.0
83,1,1,0.7044503137835512,0.2044503137835511,0.37661792005995703,0.3779527559055118,1.0078671278687383,0.14762988569217816,2.248990594554078,0.2201096438783535,0.007094809346226943,0.13035854513205464,1.0213842646155773,0.1337379603343212,0.5830661712871257,1.4361567165536568,1.0,0.0,0.0,1.0,target_scale_1.00,20460721,linear_isotropic,1.0
84,0,0,0.47585881438113625,0.02414118561886375,0.3577381416403009,0.3779527559055118,1.0477637296595759,0.15081793917579994,1.9027452523116852,0.21108904756483263,0.007255937636234403,0.207705795369441,1.0382433996580671,0.21360798441681628,0.4220674191366507,1.649916410253371,1.0,0.0,0.0,0.0,target_scale_1.00,20460721,linear_isotropic,1.0
85,0,0,0.42929507044779935,0.07070492955220066,0.21785532902310076,0.24015748031496062,0.8667047368024697,0.1907763097203325,2.099324119675204,0.22922481031643022,0.004979128397142613,0.13442835306858633,0.8705284527650146,0.11793643061385174,0.48659591981212236,1.2147284814005772,1.0,0.0,0.0,0.0,target_scale_1.00,20460721,linear_isotropic,1.0
86,0,0,0.44629969624041066,0.05370030375958935,0.37597694929582404,0.3779527559055118,0.7178257152007466,0.18215758995685255,1.5853377374435207,0.2988208691042056,0.006168908105030513,0.12173035037965027,0.7246457058623536,0.08633784710633872,0.46491625969729966,1.0050044747659006,1.0,0.0,0.0,0.0,target_scale_1.00,20460721,linear_isotropic,1.0
87,1,1,0.5132315386708619,0.013231538670861902,0.4497893027616186,0.468503937007874,0.7210373764752565,0.1958083055970467,2.3915823885259346,0.257022038163168,0.010307685532182594,0.12552595955651263,0.7247338630716692,0.09384802089139903,0.45632036186088293,0.9835616768334264,1.0,0.0,0.0,1.0,target_scale_1.00,20460721,linear_isotropic,1.0
88,1,0,0.5277097501108798,0.02770975011087985,0.21070274024887525,0.2125984251968504,1.1070200142810833,0.22839205063674486,1.7576624865263704,0.2621487551566833,0.008928380500775138,0.15396347000027427,1.1033875191981402,0.16423767374667425,0.6246356209160271,1.5084552811277423,1.0,0.0,0.0,0.0,target_scale_1.00,20460721,linear_isotropic,1.0
89,0,0,0.46258380247999037,0.03741619752000963,0.3963168912903489,0.40551181102362205,1.0504560706064745,0.23399691186250737,2.1813366140541763,0.2596282878741706,0.010785554892400517,0.20658737992843879,1.0615265033444172,0.21104943270763338,0.45443040872500035,1.646726654015471,1.0,0.0,0.0,0.0,target_scale_1.00,20460721,linear_isotropic,1.0
90,1,1,0.516540895867634,0.016540895867633982,0.4165618759068883,0.43700787401574803,0.707497817463435,0.13661511376097707,2.8528424366939253,0.19668561699004453,0.009167560261367287,0.15233760291932275,0.7063041110422038,0.10321461643119181,0.394127401108067,1.052997871538419,1.0,0.0,0.0,1.0,target_scale_1.00,20460721,linear_isotropic,1.0
91,1,1,0.5496551354471775,0.049655135447177486,0.437676542524896,0.43700787401574803,0.9289720527509957,0.1129076716533328,2.759429523536145,0.28978192256141644,0.010596812745700956,0.18902894988280994,0.9311465478055589,0.18392239785300837,0.31098217293703745,1.360810922190271,1.0,0.0,0.0,1.0,target_scale_1.00,20460721,linear_isotropic,1.0
92,1,1,0.5145740915843013,0.014574091584301294,0.42289249480805813,0.43700787401574803,0.8866053859616374,0.061044892505399385,2.4182353364587392,0.17562838875386846,0.007388415416662164,0.20509425478248294,0.8909647860409045,0.17990935665144225,0.30037811110605156,1.393313150357446,1.0,0.0,0.0,1.0,target_scale_1.00,20460721,linear_isotropic,1.0
93,1,0,0.512237439851798,0.012237439851798032,0.2515729800488806,0.2677165354330709,0.6694849943901078,0.10768309570634013,2.3411746728445415,0.23062660040091787,0.006698414275154567,0.2165742748926906,0.6708459256827841,0.14880583612511314,0.2308143523393471,1.132785718347885,1.0,0.0,0.0,0.0,target_scale_1.00,20460721,linear_isotropic,1.0
94,0,0,0.15178340784286204,0.34821659215713796,0.4691430440616453,0.468503937007874,0.7195823137650621,0.0782210575808142,2.3000864577469824,0.1794810630442854,0.004356084831395067,0.1070766783060923,0.7199053176526062,0.0792520359670253,0.4838656549567845,0.9819398195208808,1.0,0.0,0.0,0.0,target_scale_1.00,20460721,linear_isotropic,1.0
95,1,1,0.709749275950836,0.20974927595083606,0.41646853352069363,0.43700787401574803,0.7963969417301884,0.20844194098238644,2.6353484438594488,0.26100790200381907,0.005783941004010957,0.1202617990008692,0.7929823327704159,0.09370347746527975,0.535417447061212,1.113855610328229,1.0,0.0,0.0,1.0,target_scale_1.00,20460721,linear_isotropic,1.0
96,1,1,0.5797797701642927,0.0797797701642927,0.2416592785881365,0.2677165354330709,1.106382378560176,0.12767017318911733,1.5458145033272772,0.16457171866510129,0.007616671954754243,0.10226555113883057,1.1044574630773227,0.1095581411054614,0.7978601113396466,1.45257061976504,1.0,0.0,0.0,1.0,target_scale_1.00,20460721,linear_isotropic,1.0
97,0,1,0.481301066219743,0.018698933780257016,0.1921116113376073,0.2125984251968504,0.7626600826465618,0.2135567792961187,2.423701987314002,0.2896231534399693,0.008930300681554443,0.1759746206213169,0.7626489001251211,0.138424391201784,0.3239547545160219,1.168097904315885,1.0,0.0,0.0,1.0,target_scale_1.00,20460721,linear_isotropic,1.0
98,0,0,0.2321896180224033,0.2678103819775967,0.5302475173796743,0.531496062992126,0.7985559814933908,0.2156917409297458,2.754904955039924,0.25357675005492364,0.004366627467164785,0.11500102892894766,0.7922985398934826,0.08900369816487817,0.49522346547339224,1.0272684356895925,1.0,0.0,0.0,0.0,target_scale_1.00,20460721,linear_isotropic,1.0
99,1,1,0.5194646154729653,0.01946461547296532,0.21495496036758285,0.24015748031496062,0.614424975758694,0.18669260421234168,1.8230492405678869,0.2835983032598098,0.006972672911625685,0.1123516194419293,0.6179165211102707,0.06756343992863621,0.4373298409737696,0.8296893864173014,1.0,0.0,0.0,1.0,target_scale_1.00,20460721,linear_isotropic,1.0
100,1,1,0.5088930472090446,0.008893047209044633,0.3563031133491531,0.3779527559055118,0.8624020717610823,0.08208840600372802,2.006402815082894,0.24101205767040593,0.005317981135477251,0.1222226295351343,0.8611423790197543,0.10815691883546293,0.5770676768175208,1.2129294502451045,1.0,0.0,0.0,1.0,target_scale_1.00,20460721,linear_isotropic,1.0
101,0,0,0.34252741006343124,0.15747258993656876,0.37527745091058207,0.3779527559055118,0.7769585513085568,0.17119497203911957,2.4517521713190766,0.1766501122549767,0.011648482588421012,0.0885970465344101,0.7801678215351735,0.07067279956200877,0.5915921412791255,0.9773529952315332,1.0,0.0,0.0,0.0,target_scale_1.00,20460721,linear_isotropic,1.0
102,0,0,0.4292209123609981,0.07077908763900193,0.3781934010863952,0.3779527559055118,0.8185052294735,0.09035213334177576,1.836621061873023,0.18946821596307878,0.004455521047468964,0.1276923451493736,0.813741239988259,0.10340005134149048,0.4956615306555171,1.097104699309968,1.0,0.0,0.0,0.0,target_scale_1.00,20460721,linear_isotropic,1.0
103,0,0,0.309345576176707,0.19065442382329298,0.18755854289904572,0.2125984251968504,0.8952840013115814,0.2336047861137277,2.3870897622520677,0.28108981529257104,0.01006967468919885,0.16404477381131366,0.8912321882269887,0.14481089631104233,0.4267374818952639,1.2600445930629942,1.0,0.0,0.0,0.0,target_scale_1.00,20460721,linear_isotropic,1.0
104,0,1,0.48355565217465407,0.01644434782534593,0.3785778183303045,0.3779527559055118,0.6006018344819012,0.19025531380604643,1.7616295205552779,0.2777266279726642,0.005445352971983704,0.19205112043062483,0.5967850440502097,0.11810232741312925,0.25788911793894215,0.9125244238574387,1.0,0.0,0.0,1.0,target_scale_1.00,20460721,linear_isotropic,1.0
105,1,1,0.5464282181181621,0.046428218118162064,0.49075843639220024,0.5,0.9792186019016993,0.2166562105215762,2.5499379332357,0.23038547868139958,0.0037597755888620727,0.1885110840152155,0.9848565808828795,0.189934324517433,0.3669731853351244,1.5295221837961601,1.0,0.0,0.0,1.0,target_scale_1.00,20460721,linear_isotropic,1.0
106,0,0,0.44426760158380085,0.05573239841619916,0.4259945451226085,0.43700787401574803,0.7048661273161156,0.06302469622969176,1.7637501915844447,0.17040877561043144,0.006811712406526429,0.13260025164243394,0.7088581379724345,0.09523169592462108,0.44914814176099443,0.9686945299424944,1.0,0.0,0.0,0.0,target_scale_1.00,20460721,linear_isotropic,1.0
107,0,0,0.21538169791862405,0.28461830208137595,0.435652055714343,0.43700787401574803,1.0121431561736474,0.2295245433664351,2.791423258854772,0.15739498517076567,0.005374367388419159,0.08443767053143182,1.0071020535698734,0.08561731733613691,0.7561916517459207,1.2180438946719852,1.0,0.0,0.0,0.0,target_scale_1.00,20460721,linear_isotropic,1.0
108,1,1,0.5258538102941326,0.02585381029413263,0.42675368805910474,0.43700787401574803,0.8211160800896738,0.1916335629087376,2.856612345226437,0.24391803428537878,0.0094888225194369,0.101410355325656,0.8229147290172014,0.08356491483417511,0.605988243572453,1.086682116279671,1.0,0.0,0.0,1.0,target_scale_1.00,20460721,linear_isotropic,1.0
109,0,0,0.471167528912697,0.028832471087303028,0.2508125565064439,0.2677165354330709,1.0804472347528737,0.09103891847913784,2.636346853731236,0.15391243731843782,0.0039213392129225245,0.11911838589595951,1.0842330929030244,0.1254705717837085,0.7087677775798567,1.3837945673456522,1.0,0.0,0.0,0.0,target_scale_1.00,20460721,linear_isotropic,1.0
110,1,0,0.505029302064156,0.005029302064156001,0.47908194364966755,0.5,0.6973828350531074,0.16709565841354082,1.582251525837918,0.2228140930038408,0.006258620105278909,0.16488141331987416,0.700795133647183,0.11241406118523771,0.31635815584943067,1.0089871787555087,1.0,0.0,0.0,0.0,target_scale_1.00,20460721,linear_isotropic,1.0
111,1,1,0.505063413616748,0.0050634136167479644,0.2943498909384621,0.2952755905511811,0.8788488423498431,0.12411891648342645,2.689568757474594,0.1799155580737999,0.008652868379257366,0.11125322425308967,0.8765585472913227,0.09144265038288749,0.5630917435764164,1.1341645374358242,1.0,0.0,0.0,1.0,target_scale_1.00,20460721,linear_isotropic,1.0
112,1,1,0.727153726279759,0.22715372627975902,0.5338550656288501,0.562992125984252,1.002925869685106,0.08256164173425787,2.2992163781745023,0.2527178682373632,0.011210238329054819,0.20940068439495346,1.0204389650112975,0.21762277754418552,0.2626232572715906,1.663779379053621,1.0,0.0,0.0,1.0,target_scale_1.00,20460721,linear_isotropic,1.0
113,1,1,0.5120866725960095,0.012086672596009438,0.3181842794384847,0.3228346456692913,0.7441763319638076,0.17957366635128777,2.508073862646306,0.24377452609595426,0.010095781124868374,0.10615029244622351,0.7394323510816583,0.07954708157768822,0.4956269193352915,1.0599786423420816,1.0,0.0,0.0,1.0,target_scale_1.00,20460721,linear_isotropic,1.0
114,0,0,0.4185304895716292,0.08146951042837082,0.26921767064890867,0.2952755905511811,0.793657789473809,0.06748775974938363,1.7041288535019794,0.2296062107628607,0.010231427152826367,0.1830167437735336,0.7902649161439007,0.14306026426512503,0.33042747243929793,1.2191680389314692,1.0,0.0,0.0,0.0,target_scale_1.00,20460721,linear_isotropic,1.0
115,1,1,0.5271059279407535,0.027105927940753456,0.4260960143880499,0.43700787401574803,1.108623644690435,0.07774704480517755,2.176151806183568,0.2393790849451922,0.006712963898665639,0.2004353620326021,1.09283446679265,0.22368194357487994,0.3500922365201163,1.8085303476895738,1.0,0.0,0.0,1.0,target_scale_1.00,20460721,linear_isotropic,1.0
116,1,1,0.5136051804562854,0.013605180456285445,0.25122805881170807,0.2677165354330709,0.9058818618752972,0.23125782395132286,2.5690930581667604,0.20696651664134125,0.00945497822374795,0.08970853087569983,0.9136612557099515,0.0828491210427591,0.664352799273769,1.1323740183747584,1.0,0.0,0.0,1.0,target_scale_1.00,20460721,linear_isotropic,1.0
117,1,1,0.5292213681242014,0.02922136812420138,0.22043324194961936,0.24015748031496062,0.858888959140331,0.1550384735093054,1.7954735728497804,0.2801663024586296,0.006988342884508445,0.15123246528894463,0.8539022010894823,0.13258181631411906,0.49472931752785554,1.286499231311652,1.0,0.0,0.0,1.0,target_scale_1.00,20460721,linear_isotropic,1.0
118,1,1,0.7708898864581113,0.27088988645811124,0.34815370633694137,0.35039370078740156,1.008341497549788,0.06752797115676033,2.4696697261657468,0.21862650253271276,0.007341428561495361,0.18719718360816773,1.0026311492761193,0.18307367138437772,0.47439227801192585,1.5146768252219458,1.0,0.0,0.0,1.0,target_scale_1.00,20460721,linear_isotropic,1.0
119,1,1,0.5199479855343196,0.019947985534319694,0.5425081458059198,0.562992125984252,0.6311891987018474,0.12117283513516755,1.8556818591739876,0.2270844554105388,0.00788709952525464,0.10829602597201807,0.6341014761866053,0.06571494778945641,0.4400023392448383,0.8483285842240631,1.0,0.0,0.0,1.0,target_scale_1.00,20460721,linear_isotropic,1.0
120,0,0,0.3508164315441751,0.14918356845582492,0.32458319859857443,0.35039370078740156,0.9841144447953216,0.10031878631329168,1.793304621130245,0.29511980724331593,0.006551316047953454,0.18545449062267427,0.9862368228871266,0.17796802020489375,0.4387820991467782,1.5270737150080635,1.0,0.0,0.0,0.0,target_scale_1.00,20460721,linear_isotropic,1.0
121,1,1,0.8104938217972775,0.31049382179727747,0.5446560080323979,0.562992125984252,0.7801841931656127,0.16451009050159443,2.0282702154025696,0.18710940856796932,0.006103516768205143,0.12185656380469354,0.7834073402467872,0.1003625050696103,0.5146858142046614,1.053843527759027,1.0,0.0,0.0,1.0,target_scale_1.00,20460721,linear_isotropic,1.0
122,1,1,0.5479760683074022,0.04797606830740216,0.43539758670257683,0.43700787401574803,0.8572704296863165,0.10851735882124547,2.294896329109834,0.17981037319336796,0.008423556739753497,0.1624235600977138,0.8574817281680169,0.13763904892838633,0.5050927873990222,1.3325283608470615,1.0,0.0,0.0,1.0,target_scale_1.00,20460721,linear_isotropic,1.0
123,0,1,0.47284400795609494,0.027155992043905067,0.2088087426869242,0.2125984251968504,1.0467495650407699,0.08177170550606555,1.9220456034577944,0.25262044684047485,0.004232174109566569,0.11060492835586179,1.0450580697392107,0.11584047051672569,0.6540345263161859,1.4016341018932539,1.0,0.0,0.0,1.0,target_scale_1.00,20460721,linear_isotropic,1.0
124,1,1,0.5620146653616631,0.06201466536166314,0.2776336207241806,0.2952755905511811,0.7270384976524744,0.18148422046452506,2.2527723733493095,0.2992409057350912,0.008117628905143334,0.19608561988063128,0.7189680425228567,0.1488719334563037,0.30523552171723123,1.1058423425021662,1.0,0.0,0.0,1.0,target_scale_1.00,20460721,linear_isotropic,1.0
125,0,1,0.45638973505842045,0.043610264941579525,0.47743478151804736,0.5,0.8931230625805561,0.20510685654747066,2.631859554576375,0.27370169161104485,0.004288673601862021,0.14830799839478376,0.8855967130030175,0.1319913686578017,0.4082711238429082,1.296000027634222,1.0,0.0,0.0,1.0,target_scale_1.00,20460721,linear_isotropic,1.0
126,1,1,0.5195788060339749,0.019578806033974865,0.263535273864013,0.2677165354330709,0.7070481240341474,0.1271514870375599,2.3799404963346515,0.28982179015015164,0.00808584874103358,0.10650472236275418,0.7021899567858231,0.07499748451607408,0.46780623287121725,0.9194918664750082,1.0,0.0,0.0,1.0,target_scale_1.00,20460721,linear_isotropic,1.0
127,0,1,0.4679935268449242,0.03200647315507582,0.4104325540603865,0.43700787401574803,0.8456529168047142,0.1852167075955118,2.059023927644087,0.25529797639006296,0.01030706277532699,0.16320236903820953,0.8450424694926174,0.13834592094513568,0.39232164355652777,1.2732378474329165,1.0,0.0,0.0,1.0,target_scale_1.00,20460721,linear_isotropic,1.0
128,0,0,0.2923188654277146,0.20768113457228538,0.24505140826883065,0.2677165354330709,1.0499651430368886,0.22758775672983841,2.262531558055211,0.1839260180310135,0.008501509574292493,0.12915632975956273,1.048239645352037,0.1385496853780041,0.6470928901898347,1.4823650707101708,1.0,0.0,0.0,0.0,target_scale_1.00,20460721,linear_isotropic,1.0
129,1,1,0.6755521563903703,0.17555215639037028,0.2537606231775143,0.2677165354330709,1.0050167726470043,0.08872354667931776,2.2056860494935364,0.17735536238783928,0.006077533148673202,0.08392446910384954,1.007291643036062,0.08284354307468074,0.7655299789085173,1.2400627340307528,1.0,0.0,0.0,1.0,target_scale_1.00,20460721,linear_isotropic,1.0
130,0,0,0.41660215820488505,0.08339784179511493,0.33630348846909536,0.35039370078740156,0.8867357721760877,0.14569891330681586,1.9999796076503005,0.18429143083626479,0.009090268859079927,0.13180170748733439,0.8890720006106638,0.11234380934110809,0.6150199988001236,1.2238192638326093,1.0,0.0,0.0,0.0,target_scale_1.00,20460721,linear_isotropic,1.0
131,1,1,0.6730473019945717,0.17304730199457177,0.5084103945667916,0.531496062992126,0.8131379668122171,0.20884531440608434,2.475094398980702,0.1529633765263971,0.004021893032124797,0.14847560741371885,0.8165142945825808,0.11717046811298538,0.5131710705862126,1.121148783239471,1.0,0.0,0.0,1.0,target_scale_1.00,20460721,linear_isotropic,1.0
132,1,1,0.8098306782489945,0.30983067824899446,0.34566260304964147,0.35039370078740156,1.0282941553258658,0.13475070306765674,1.8263412002086312,0.2173785397373973,0.010549868840554224,0.11786632404573211,1.0217269594282112,0.11654191476076221,0.6526473642172614,1.3662495873080462,1.0,0.0,0.0,1.0,target_scale_1.00,20460721,linear_isotropic,1.0
133,0,1,0.4686834830381644,0.03131651696183561,0.49265576793771626,0.5,0.9738026159469968,0.23209600344652698,2.8885733757399867,0.26679763385001115,0.01101640592180948,0.1685296867210708,0.9610268810843828,0.17242469267296642,0.3558837208013209,1.4133073471301718,1.0,0.0,0.0,1.0,target_scale_1.00,20460721,linear_isotropic,1.0
134,0,0,0.1668052339322797,0.3331947660677203,0.4195921188461704,0.43700787401574803,0.9924583332607031,0.14257510467126017,2.353840626075238,0.17003003660708035,0.0038534397965270433,0.12460812143578612,0.9909068097100519,0.12578221238651988,0.5695648406107094,1.409833370732822,1.0,0.0,0.0,0.0,target_scale_1.00,20460721,linear_isotropic,1.0
135,0,0,0.49094365093077325,0.009056349069226774,0.37772716492583924,0.3779527559055118,1.1029859605205696,0.18107839874753928,2.206092977794132,0.21194617484380843,0.006077339938084947,0.09766212930197125,1.100917282106633,0.11164786524441656,0.7529043725516876,1.4242862819188093,1.0,0.0,0.0,0.0,target_scale_1.00,20460721,linear_isotropic,1.0
136,0,0,0.35763706008943436,0.14236293991056564,0.26126231523476595,0.2677165354330709,0.6053005808607421,0.197122170387853,2.017538351169552,0.23321813873244113,0.006222331884587465,0.21565932531782145,0.5930825108320075,0.12908478206679147,0.24698584588053082,0.9770923593556627,1.0,0.0,0.0,0.0,target_scale_1.00,20460721,linear_isotropic,1.0
137,1,0,0.5422525013761998,0.04225250137619986,0.22636455299417102,0.24015748031496062,0.7637851211633515,0.12213250829399638,2.0995623373045484,0.18108867117222205,0.0074482371409050644,0.14655043824496933,0.7630207526190109,0.10495799270379173,0.4324800791674832,1.0493776691757604,1.0,0.0,0.0,0.0,target_scale_1.00,20460721,linear_isotropic,1.0
138,1,1,0.5078774751701851,0.007877475170185156,0.21749226172330077,0.24015748031496062,0.7629829224427205,0.10267070110516249,2.0148189461878077,0.24512002111062942,0.003732300408665337,0.17631786527708188,0.7601996956629655,0.12912474742412697,0.4084664565866166,1.1500878998819366,1.0,0.0,0.0,1.0,target_scale_1.00,20460721,linear_isotropic,1.0
139,1,1,0.7573440565011113,0.25734405650111125,0.3021125034797265,0.3228346456692913,0.8110741986581039,0.21564541059584064,2.9390124163020337,0.24924496762343085,0.005536988405958001,0.20812731394199696,0.8269892328906278,0.16355569578400242,0.2858810113312797,1.3435694537186553,1.0,0.0,0.0,1.0,target_scale_1.00,20460721,linear_isotropic,1.0
140,0,0,0.48828271984630245,0.011717280153697543,0.28307373572521605,0.2952755905511811,0.8684637520635219,0.22675965264636108,1.9517097768267813,0.2601885508866087,0.007024648457071612,0.20923647372211762,0.868586353152445,0.18079402867353156,0.3317035065480187,1.3338233394949703,1.0,0.0,0.0,0.0,target_scale_1.00,20460721,linear_isotropic,1.0
141,0,0,0.4902191278580001,0.009780872141999887,0.337628241877852,0.35039370078740156,0.9913504136819575,0.1627116730946986,1.6905206553306016,0.17961902339403635,0.011269677335124555,0.17755669439654176,0.9892198811020098,0.1893467311369158,0.3316401639040256,1.5989530169005142,1.0,0.0,0.0,0.0,target_scale_1.00,20460721,linear_isotropic,1.0
142,0,0,0.4682356108964702,0.031764389103529786,0.49846232572720006,0.5,0.7078238815791124,0.08896361081330754,1.6017862868516655,0.2836906971967684,0.005418243283686638,0.15875772248173,0.7083871738269107,0.10740706477222922,0.4042364924326991,1.018328367321719,1.0,0.0,0.0,0.0,target_scale_1.00,20460721,linear_isotropic,1.0
143,0,0,0.4791933274666705,0.020806672533329525,0.25320414351921045,0.2677165354330709,1.0433291591079241,0.21254905059621443,1.9030214890753134,0.1540037612612359,0.011690838764263647,0.21245975698543723,1.0401951647599266,0.22570544468381337,0.39334239068266985,1.7147297224434026,1.0,0.0,0.0,0.0,target_scale_1.00,20460721,linear_isotropic,1.0
144,1,1,0.7143512201123122,0.21435122011231222,0.3831698066120045,0.40551181102362205,0.9551140773263314,0.22404823382858063,2.8435937961909743,0.1734866451556052,0.011964478862265978,0.08352844823203395,0.9551308026349388,0.0782124949019714,0.7214048005730442,1.1800632296032063,1.0,0.0,0.0,1.0,target_scale_1.00,20460721,linear_isotropic,1.0
145,0,0,0.29019763104974317,0.2098023689502568,0.29052428419529724,0.2952755905511811,0.809671156789931,0.1877111455894476,2.240992060657799,0.168274885116707,0.009236271269481384,0.15027893925935065,0.8165748275985498,0.11309007780349176,0.5255404045512001,1.152936870802055,1.0,0.0,0.0,0.0,target_scale_1.00,20460721,linear_isotropic,1.0
146,1,1,0.620509839746654,0.12050983974665394,0.22083360593811294,0.24015748031496062,0.8831424514716453,0.06097464874152752,2.8843192843497594,0.200418895890152,0.010876518811216818,0.15636913703380084,0.8798350210629404,0.135465766392227,0.47571612752697573,1.2728343433838072,1.0,0.0,0.0,1.0,target_scale_1.00,20460721,linear_isotropic,1.0
147,1,1,0.8390167975653764,0.33901679756537634,0.5190322604515178,0.531496062992126,0.7136707245982639,0.22115460645133683,1.9971180720552186,0.21474683712067053,0.011130018623491885,0.1163226479841274,0.7147796269234022,0.08322344084891435,0.47578972616533494,1.0210484539201812,1.0,0.0,0.0,1.0,target_scale_1.00,20460721,linear_isotropic,1.0
148,0,0,0.3889544103899253,0.1110455896100747,0.1855557044777413,0.2125984251968504,0.8368480029614718,0.060563897300455506,1.7892576103608269,0.21212111763240812,0.01136122793201479,0.13210105828360674,0.8480840451282364,0.11022916303297348,0.5097956356550637,1.1824348726656717,1.0,0.0,0.0,0.0,target_scale_1.00,20460721,linear_isotropic,1.0
149,0,1,0.48399607387653326,0.016003926123466763,0.29153118850536147,0.2952755905511811,0.6745708280356595,0.17828992967739876,2.120800483570157,0.17278606239622735,0.007267136534509357,0.11582713464047925,0.6730345078377504,0.07577641104502199,0.4663003364659683,0.9240757935585237,1.0,0.0,0.0,1.0,target_scale_1.00,20460721,linear_isotropic,1.0
150,1,0,0.5118461508754313,0.011846150875431267,0.3867331440031303,0.40551181102362205,0.8825975077330346,0.23964065761518882,1.746876375931047,0.28392278961893824,0.0059870017863755745,0.15915758397431706,0.884911363970032,0.138778295746076,0.4833679063633594,1.3732600241478021,1.0,0.0,0.0,0.0,target_scale_1.00,20460721,linear_isotropic,1.0
151,1,0,0.507249863966074,0.007249863966073971,0.26285471534423926,0.2677165354330709,1.0784793154568528,0.10823268627761251,1.575842881398652,0.16460947648103016,0.00858441018460281,0.2013908349043235,1.0786860910991731,0.21418872316937201,0.4287286022083409,1.8487341157753125,1.0,0.0,0.0,0.0,target_scale_1.00,20460721,linear_isotropic,1.0
152,1,1,0.679083232103056,0.17908323210305604,0.4769186615707651,0.5,1.023473670770067,0.09901965441746366,1.7562886249167562,0.21181444057352897,0.007688251633239953,0.12139052390206215,1.026412669327241,0.1255092449223538,0.5933502517674688,1.415612974413071,1.0,0.0,0.0,1.0,target_scale_1.00,20460721,linear_isotropic,1.0
153,0,0,0.4395315449808116,0.06046845501918842,0.43804482021249846,0.468503937007874,0.8791944747518774,0.11771620185383153,2.0061562535737956,0.2073815062948273,0.0035409936923183893,0.10411094434729658,0.8749883912616033,0.09148441454235964,0.606127539385071,1.1563125401740615,1.0,0.0,0.0,0.0,target_scale_1.00,20460721,linear_isotropic,1.0
154,0,0,0.47850109065314556,0.02149890934685447,0.3344128425968971,0.35039370078740156,0.7854034123004863,0.07046261276341594,2.9997611970880937,0.1637602202962433,0.011296451668666708,0.1127530716396079,0.7850211651846963,0.0900956482044165,0.5365507313986037,1.073510900968862,1.0,0.0,0.0,0.0,target_scale_1.00,20460721,linear_isotropic,1.0
155,0,0,0.48885268838206175,0.011147311617938244,0.3922622710072427,0.40551181102362205,0.7578447939303459,0.181671514526946,2.9674628484849968,0.22185303095005993,0.010535125307598064,0.1277026477782654,0.7639341910578503,0.1017819094593608,0.32598773915756657,1.035328301239066,1.0,0.0,0.0,0.0,target_scale_1.00,20460721,linear_isotropic,1.0
156,1,1,0.6430352697977646,0.14303526979776465,0.4454699530433139,0.468503937007874,0.7133079017359902,0.14105221675413487,2.9073479488518386,0.17484868484852367,0.004565726167552348,0.13624673517372918,0.716129093063146,0.09886318703369561,0.42779440414159725,1.0329131175116462,1.0,0.0,0.0,1.0,target_scale_1.00,20460721,linear_isotropic,1.0
157,1,1,0.6710610579053764,0.1710610579053764,0.5347062800587071,0.562992125984252,0.9931563661332488,0.21576938700696036,1.6955814836599363,0.2809308598058485,0.009055284898820412,0.19418402155400066,0.9763028959793898,0.1836998486105369,0.3762249705010194,1.610284252897923,1.0,0.0,0.0,1.0,target_scale_1.00,20460721,linear_isotropic,1.0
158,1,1,0.549401862564151,0.04940186256415102,0.24863794348332627,0.2677165354330709,1.1399208023138165,0.2321920235956151,2.9807357282012092,0.16304706288404533,0.01027714552326598,0.18966447370273803,1.1451981668442368,0.20042028396484782,0.4676363368470652,1.6260560037731706,1.0,0.0,0.0,1.0,target_scale_1.00,20460721,linear_isotropic,1.0
159,1,1,0.5561601008152209,0.05616010081522093,0.3590311325841168,0.3779527559055118,0.9593828966441671,0.10971191674787778,2.0458109126367265,0.24853743945604428,0.006171367127189372,0.11023798678635514,0.9584150187655216,0.10262566171975193,0.7001234342802904,1.2681059046931988,1.0,0.0,0.0,1.0,target_scale_1.00,20460721,linear_isotropic,1.0
0,0,0,0.420097211380312,0.07990278861968801,0.254429546864293,0.2677165354330709,0.8708221065361068,0.16104784841849007,1.696429702914133,0.29656047510140715,0.011765347593060457,0.1587008605962413,0.8686865983606542,0.14040905050691038,0.4528681391372107,1.3555393824496544,0.65,0.18,-0.47613794000043075,0.0,target_scale_0.65,20460721,linear_isotropic,0.65
1,1,1,0.5802011670514297,0.0802011670514297,0.5437283814209376,0.562992125984252,1.0298255182819993,0.2150608034399276,2.648390304701869,0.22239560577067546,0.011836151853664378,0.10569520496447868,1.0365218226606938,0.10432456240164932,0.7461495737554094,1.368196143197399,0.65,0.18,0.1685537285964455,0.9935537285964454,target_scale_0.65,20460721,linear_isotropic,0.65
2,0,0,0.46557828187278555,0.03442171812721446,0.18875153680340245,0.2125984251968504,0.702597946420065,0.14647872163889059,1.9555335644307044,0.244922780377674,0.0038136773551208244,0.14297753494907722,0.7017192376365834,0.09939204315277776,0.3715725784631261,1.0107379206639515,0.65,0.18,-0.2301154684399671,0.0,target_scale_0.65,20460721,linear_isotropic,0.65
3,0,0,0.44815598126292494,0.051844018737075066,0.26947942580823697,0.2952755905511811,0.8861166429804754,0.11180678011832942,2.1999571596647085,0.17202872816662315,0.00892205681198349,0.1394538228399287,0.8872327202454539,0.11886156548895849,0.5234934651236686,1.2347507362433248,0.65,0.18,0.14050688865368233,0.3155068886536823,target_scale_0.65,20460721,linear_isotropic,0.65
4,0,0,0.4493843431497495,0.0506156568502505,0.48499694792325393,0.5,0.9917698914689249,0.09791381007926382,1.8753191048261506,0.19027039859934852,0.00931133091626295,0.1930397650162698,0.9818472397285994,0.19376517789423706,0.2846239254459451,1.6825237797362895,0.65,0.18,-0.01961829001738873,0.15538170998261125,target_scale_0.65,20460721,linear_isotropic,0.65
5,0,0,0.4909143198819422,0.009085680118057804,0.5172074473020012,0.531496062992126,1.0175752773341749,0.18347653953742216,1.9194882915339306,0.2320978287922943,0.004671542946992265,0.18686615802096246,1.008148651409462,0.18699089585716527,0.4014054817593168,1.6847838235945694,0.65,0.18,0.15824599410338872,0.33324599410338873,target_scale_0.65,20460721,linear_isotropic,0.65
6,1,1,0.5067563826083886,0.006756382608388663,0.5456719838223777,0.562992125984252,0.6472173869347755,0.137323499652166,2.039368088203055,0.24937630595334942,0.004633846828523213,0.09351206356953701,0.6446895444503854,0.0605860659730952,0.42516767494492597,0.8317242872567967,0.65,0.18,0.13532297533137866,0.9603229753313787,target_scale_0.65,20460721,linear_isotropic,0.65
7,1,1,0.5665857236451473,0.06658572364514728,0.19536072871080043,0.2125984251968504,0.8330578898012068,0.18128464555656984,1.7851057345703443,0.16118435402167972,0.006210009098985685,0.211254341934341,0.8377764026634075,0.17271688450873837,0.28500603172633393,1.4362078878438138,0.65,0.18,0.14265902062618988,0.9676590206261898,target_scale_0.65,20460721,linear_isotropic,0.65
8,0,1,0.4869477924644702,0.01305220753552984,0.47707722909790784,0.5,0.9182646317526943,0.2135130246633811,2.001063308447881,0.2847771521057942,0.006053544839947937,0.1595178357383773,0.9068170248524047,0.13897727035146842,0.4703352980792027,1.3302269577871881,0.65,0.18,-0.1766747648858177,0.6483252351141823,target_scale_0.65,20460721,linear_isotropic,0.65
9,0,0,0.37703293520653525,0.12296706479346474,0.3089807548628395,0.3228346456692913,0.8147749122676715,0.11871867798038196,1.9539521569212055,0.26262498011516766,0.004290098026452321,0.13081055702729957,0.8122619850163304,0.10216242652771598,0.48175271912324297,1.1108777970903763,0.65,0.18,0.035670567011565575,0.21067056701156556,target_scale_0.65,20460721,linear_isotropic,0.65
10,1,1,0.7320063340599403,0.23200633405994037,0.40627764659009247,0.40551181102362205,0.8456113718838051,0.15597032390018675,1.966367411231244,0.16709883614271567,0.008313603865857343,0.19383025480405097,0.851180737599848,0.16290629914184404,0.37775633993160773,1.2933846781261182,0.65,0.18,0.32310575548973935,1.0,target_scale_0.65,20460721,linear_isotropic,0.65
11,1,1,0.527460018223806,0.02746001822380597,0.2372402065502946,0.24015748031496062,0.7477609149848685,0.12876256028371427,2.3216966570028665,0.16177932546032603,0.008074673032280207,0.1664393843043459,0.7510350034895227,0.12505512958018916,0.435716787813865,1.1218840102485943,0.65,0.18,-0.0016894129436362867,0.8233105870563636,target_scale_0.65,20460721,linear_isotropic,0.65
12,0,0,0.49199704248571297,0.008002957514287057,0.3834479874606066,0.40551181102362205,1.0114785501388486,0.09928813482906648,2.0852116932342852,0.2889571292051187,0.00923747085507104,0.1011032246903244,1.0140613520594584,0.10381813098959874,0.7064338436472997,1.3222328528638934,0.65,0.18,0.15091076232716463,0.32591076232716465,target_scale_0.65,20460721,linear_isotropic,0.65
13,1,1,0.5226715589408882,0.022671558940888244,0.18163386056413677,0.18503937007874016,0.8164467245164515,0.1818637532744165,2.333437441586446,0.20441572131429894,0.003519229235117466,0.18065920447275402,0.820196547411767,0.14688803864012084,0.35070154930731484,1.2286368300088581,0.65,0.18,-0.16294311142926,0.66205688857074,target_scale_0.65,20460721,linear_isotropic,0.65
14,1,1,0.5858112179076214,0.08581121790762132,0.28821544342994676,0.2952755905511811,0.8549177268526313,0.17564803282930147,1.5289723173450516,0.17154032905637956,0.003331926951688728,0.11588224981761695,0.856084045298958,0.09646063162387011,0.6043846332558555,1.132858552179876,0.65,0.18,-0.035137217653727126,0.7898627823462728,target_scale_0.65,20460721,linear_isotropic,0.65
15,1,0,0.5119285079163218,0.011928507916321825,0.5219277289782696,0.531496062992126,0.6899399432448292,0.10912371798365647,2.036210958658269,0.19129603002997847,0.0031904251618370206,0.14136057292210846,0.6853268079507175,0.09572563851334104,0.34346671167743975,1.007239430110246,0.65,0.18,0.2052337566085098,0.3802337566085098,target_scale_0.65,20460721,linear_isotropic,0.65
16,0,0,0.49311283365476544,0.006887166345234591,0.41018408234743864,0.43700787401574803,0.9475636492237579,0.197644121137571,1.8566513015037087,0.25522637605737786,0.0034749506121027145,0.18596611255319906,0.9533704061840186,0.17352422272784238,0.4323610396955909,1.508274628227176,0.65,0.18,0.2999655510233661,0.4749655510233661,target_scale_0.65,20460721,linear_isotropic,0.65
17,0,0,0.4765551603622994,0.023444839637700585,0.32888835340361744,0.35039370078740156,0.9011488344985844,0.19212079499594298,1.6945616765299476,0.200229952483076,0.00438884157545931,0.16135353532340538,0.8952536630595044,0.14924170096818767,0.4735701278505203,1.329438454268985,0.65,0.18,0.06240023561410023,0.23740023561410023,target_scale_0.65,20460721,linear_isotropic,0.65
18,0,0,0.4942236500000651,0.005776349999934917,0.47626253107646827,0.5,1.098129485925064,0.18720026742387888,2.2251253639082673,0.16968585811935288,0.004060317947438823,0.08583135571906651,1.102667252492935,0.09718367325021335,0.784835712689624,1.4016498307010419,0.65,0.18,0.022509807818558096,0.1975098078185581,target_scale_0.65,20460721,linear_isotropic,0.65
19,0,0,0.40703199190198475,0.09296800809801525,0.5337231274431193,0.562992125984252,0.7188665095345278,0.16577980750400986,2.698884885834786,0.20215011259884602,0.010624258985426984,0.2129495252837773,0.7172605854446795,0.14965052095604484,0.27681530623285355,1.164343088606443,0.65,0.18,-0.00565104348874054,0.16934895651125945,target_scale_0.65,20460721,linear_isotropic,0.65
20,0,0,0.39223223727448087,0.10776776272551915,0.3600336346521352,0.3779527559055118,0.9442275463296093,0.23472792997338873,2.4955997620263997,0.28115212187227423,0.008687362154398042,0.09798902691589303,0.9438687289505626,0.09434630404688364,0.6901635179432585,1.2074241196814766,0.65,0.18,0.25268238704866514,0.4276823870486651,target_scale_0.65,20460721,linear_isotropic,0.65
21,0,0,0.47189388557601347,0.02810611442398655,0.5230245463857195,0.531496062992126,0.9506799718525851,0.06842278134442165,2.1946907198876735,0.250509652083435,0.009735846262898785,0.10710334924541648,0.94625644071106,0.10279396713386524,0.6788356878172715,1.2678252037838043,0.65,0.18,-0.3233713156874571,0.0,target_scale_0.65,20460721,linear_isotropic,0.65
22,1,1,0.7905380558077015,0.29053805580770153,0.44130946201436144,0.468503937007874,0.9564722825226281,0.1609980883767117,1.8509857571927628,0.2348945305789938,0.0076325981724056835,0.1127676054342889,0.9499759895926007,0.10403441163556452,0.6475915532494082,1.251005183461894,0.65,0.18,-0.19646064680444003,0.6285393531955599,target_scale_0.65,20460721,linear_isotropic,0.65
23,1,1,0.6932891064812133,0.1932891064812133,0.19003636732597695,0.2125984251968504,0.9162228341697584,0.12941321942474995,2.9174433505080275,0.23285384126492903,0.010744727135732707,0.2000224838608028,0.9233521453870343,0.16934934549337413,0.5236711172130778,1.4500510447397217,0.65,0.18,0.04974425752843729,0.8747442575284372,target_scale_0.65,20460721,linear_isotropic,0.65
24,1,1,0.8315387465930726,0.3315387465930726,0.5421006888059952,0.562992125984252,0.7410104056643201,0.1231144359424125,2.93317190154586,0.1834535151959153,0.008392023949501181,0.09891976945801635,0.7430677418941596,0.07439052887334448,0.5053086336841334,0.9395420878882025,0.65,0.18,0.13005556938467938,0.9550555693846794,target_scale_0.65,20460721,linear_isotropic,0.65
25,1,0,0.5255745759009793,0.025574575900979384,0.39801718731714963,0.40551181102362205,0.9385729628352355,0.22164128821184081,2.341562558492502,0.279027329105484,0.00860301627977519,0.15300377191299142,0.9487151323609508,0.13600942405418331,0.5901705194786878,1.3209644232718443,0.65,0.18,0.08965429586561385,0.26465429586561384,target_scale_0.65,20460721,linear_isotropic,0.65
26,0,1,0.49050838026675564,0.00949161973324435,0.2194578123481259,0.24015748031496062,1.0401737035817216,0.06949457430794151,2.163267393158285,0.24540037640543938,0.0036330894503469966,0.15318994999192478,1.0356540004362902,0.1571254415592337,0.649364939570847,1.4847934685056488,0.65,0.18,0.27673549977012046,1.0,target_scale_0.65,20460721,linear_isotropic,0.65
27,0,0,0.4879829026153265,0.01201709738467349,0.37541321425056784,0.3779527559055118,0.7088196429088498,0.11699349529890433,2.4177496272128725,0.229542930671477,0.006836509789710021,0.11992613559928408,0.7047786658531209,0.08759668645483829,0.3901501301307521,0.9635437917606076,0.65,0.18,-0.034512148994824646,0.14048785100517536,target_scale_0.65,20460721,linear_isotropic,0.65
28,0,1,0.49425519843362564,0.005744801566374374,0.23247039011254517,0.24015748031496062,0.7624489811500589,0.06054345578212528,1.7787403664624872,0.1912213366364306,0.006513246234048599,0.19824236297751757,0.7736489176279647,0.15071129624598603,0.31626821328723437,1.2297886267432345,0.65,0.18,0.02268105505483788,0.8476810550548378,target_scale_0.65,20460721,linear_isotropic,0.65
29,1,1,0.5196239638450975,0.01962396384509751,0.3309201923150128,0.35039370078740156,0.90025297668899,0.20288423566962185,2.427975071117965,0.20120459412918545,0.008869717839299091,0.0953481513323745,0.9052044011029377,0.08261562365869247,0.7012986855330026,1.1758434539602847,0.65,0.18,-0.09098439045270809,0.7340156095472918,target_scale_0.65,20460721,linear_isotropic,0.65
30,1,0,0.5058524986178548,0.005852498617854762,0.18231669699253192,0.18503937007874016,1.0960303884296305,0.212087426038066,2.0296048288743935,0.16203386747143372,0.004061745894447951,0.20852330362403204,1.1039147068334594,0.24433501301863783,0.3998360458567715,1.7503665372257093,0.65,0.18,-7.592737473259404e-05,0.1749240726252674,target_scale_0.65,20460721,linear_isotropic,0.65
31,0,0,0.41665464688891074,0.08334535311108926,0.3424402789042996,0.35039370078740156,0.6641198678414899,0.10646119238188338,2.2883931780437106,0.16690621846934187,0.004861495910799882,0.1984718543387186,0.6671925974474796,0.13891668124472387,0.2973267622541677,1.1024257837102196,0.65,0.18,0.03267923860353793,0.20767923860353793,target_scale_0.65,20460721,linear_isotropic,0.65
32,0,0,0.39474116749650756,0.10525883250349247,0.4063057170187291,0.40551181102362205,1.0373479999886506,0.07048939121922543,1.963972495185626,0.15791819696879086,0.006619790347117072,0.1922671249663594,1.0542862817054284,0.20429015643096143,0.38522496069799994,1.6582492551480217,0.65,0.18,-0.0921894792791868,0.08281052072081319,target_scale_0.65,20460721,linear_isotropic,0.65
33,0,0,0.4893009170708335,0.010699082929166515,0.3741884787851285,0.3779527559055118,1.112424258776303,0.18041816726401277,1.7033606211186978,0.25253632598804054,0.010564663905826287,0.195106929605748,1.1135053518817066,0.2201354540059156,0.5457257657347524,1.9884472472215433,0.65,0.18,-0.0012880540180471248,0.17371194598195286,target_scale_0.65,20460721,linear_isotropic,0.65
34,0,0,0.27108096179891394,0.22891903820108606,0.3489364970027785,0.35039370078740156,0.6194120022341854,0.12415515228507192,2.7591228002693313,0.28475761819619594,0.008247632145056454,0.21263681246641325,0.6165894816771559,0.1362741599810837,0.23282385817703707,1.036625291030533,0.65,0.18,0.21450715382521787,0.38950715382521783,target_scale_0.65,20460721,linear_isotropic,0.65
35,1,1,0.5402969246567785,0.04029692465677847,0.531139494713498,0.531496062992126,1.1236815723223263,0.06098916768564775,1.5141453175800696,0.2867928846397385,0.01099951800505546,0.10963409076672828,1.1213686387816078,0.12394893900010259,0.6876078604823512,1.4677327157590294,0.65,0.18,0.16018324535666728,0.9851832453566672,target_scale_0.65,20460721,linear_isotropic,0.65
36,0,0,0.4673955108586842,0.0326044891413158,0.24093095684818144,0.2677165354330709,1.0217162573612726,0.23515655333448693,2.8032401580711896,0.17320099786316037,0.0030901233091992666,0.12430039243659263,1.0248153325589173,0.13018980015377624,0.634504984086037,1.429327570990537,0.65,0.18,-0.17915162693177603,0.0,target_scale_0.65,20460721,linear_isotropic,0.65
37,0,1,0.47283116167238387,0.027168838327616116,0.3985355332531041,0.40551181102362205,0.6561989492420901,0.06899373716010272,2.036020181955599,0.21415265017552546,0.005795081819472577,0.16665693094557094,0.6548052502128306,0.10482634414721517,0.3641094497440859,0.9910609287767937,0.65,0.18,-0.05112139521338683,0.7738786047866131,target_scale_0.65,20460721,linear_isotropic,0.65
38,1,1,0.6871724298490749,0.18717242984907495,0.3997617168159781,0.40551181102362205,1.1024152824602438,0.1660008930816384,2.4770391791082456,0.1874481362961611,0.009728290372614527,0.10085786015956859,1.0994141799541781,0.1109089428538554,0.8134049347027555,1.4231502540414585,0.65,0.18,0.12039642481651651,0.9453964248165164,target_scale_0.65,20460721,linear_isotropic,0.65
39,1,1,0.5477882919222938,0.047788291922293884,0.2569565036551009,0.2677165354330709,0.8948343091143913,0.15492505244714364,2.018439780563592,0.2003390899693784,0.003093183943485668,0.11624369883959126,0.893635259728226,0.107666633253083,0.530831639715551,1.2000190998583755,0.65,0.18,0.22467871279876087,1.0,target_scale_0.65,20460721,linear_isotropic,0.65
40,0,0,0.4550055536952889,0.0449944463047111,0.28184996688283226,0.2952755905511811,0.6204224017503992,0.17196744705133038,1.8952676094104794,0.23506709249420277,0.008460426984275835,0.11503372039621426,0.6173903168240255,0.07247282934664889,0.3913431244454303,0.8055597501361017,0.65,0.18,-0.04466385651966837,0.13033614348033162,target_scale_0.65,20460721,linear_isotropic,0.65
41,1,1,0.548270225064099,0.04827022506409895,0.48346413130799565,0.5,1.1026812174453435,0.20193116604564826,2.5542121349988314,0.2774917120756263,0.006324946386007493,0.11115590983231774,1.092871361154162,0.12185833462019237,0.6751319537138573,1.5145339731874092,0.65,0.18,-0.05856333926500666,0.7664366607349933,target_scale_0.65,20460721,linear_isotropic,0.65
42,1,1,0.5387125831088506,0.03871258310885065,0.43967920143520023,0.468503937007874,0.6466768694175171,0.23137955869649962,2.741887163032617,0.23524114807134797,0.0076212001095097345,0.15993215808329503,0.6397708317905164,0.1026718026167005,0.2619472867176671,0.9193968123683735,0.65,0.18,0.07144307695755572,0.8964430769575557,target_scale_0.65,20460721,linear_isotropic,0.65
43,1,0,0.5162287897596561,0.016228789759656144,0.19795691813229174,0.2125984251968504,1.0991307520499198,0.1890112516719748,2.9851728869893788,0.18668968581407827,0.009665827188482991,0.11242291152768857,1.0976507802764668,0.1256368579940074,0.7256634095026834,1.589266767796971,0.65,0.18,-0.47162104624927126,0.0,target_scale_0.65,20460721,linear_isotropic,0.65
44,0,0,0.491605604012256,0.008394395987743993,0.5184493523385201,0.531496062992126,0.9110004813504349,0.22239969675507132,1.7723458616156722,0.28286263936994177,0.004366054288999361,0.1866360663429508,0.9046843059310283,0.17128729654137795,0.39136738243951574,1.3964285948564163,0.65,0.18,0.3002381439672696,0.4752381439672696,target_scale_0.65,20460721,linear_isotropic,0.65
45,0,0,0.3611485191527536,0.13885148084724638,0.5367713636791909,0.562992125984252,0.9452682375668615,0.06604843957370649,1.8193996587273276,0.2633737375422664,0.0070857083549222865,0.14260473480475394,0.9353408427700949,0.12894575421284535,0.5004238281978313,1.3613348753145307,0.65,0.18,0.03301210528388271,0.2080121052838827,target_scale_0.65,20460721,linear_isotropic,0.65
46,1,0,0.5051811621959431,0.005181162195943068,0.4323761531699435,0.43700787401574803,0.8022602174202892,0.19686243117114852,1.8065671771203133,0.2772578724096959,0.003283071156534813,0.1528529322169485,0.8061059269720708,0.12625944654734678,0.3858761153613623,1.2448230400960552,0.65,0.18,0.07780157609597903,0.25280157609597903,target_scale_0.65,20460721,linear_isotropic,0.65
47,1,1,0.5054323506805892,0.005432350680589271,0.358996454320502,0.3779527559055118,0.8692399712987902,0.07223124333456596,2.231726189804492,0.154439893799544,0.011967317263954513,0.1498551934888258,0.8777986985562144,0.13263650389577578,0.5004699914882865,1.2793352715166937,0.65,0.18,-0.0030537470341456432,0.8219462529658543,target_scale_0.65,20460721,linear_isotropic,0.65
48,0,0,0.4666310495825863,0.0333689504174137,0.2201336044531655,0.24015748031496062,0.6437106076459832,0.10535232542000848,2.694968398935923,0.20931094644830986,0.010949247488914005,0.20847247401147173,0.6371680055855751,0.13458500698812362,0.1930364500516475,1.055400993241248,0.65,0.18,-0.04306931153846942,0.13193068846153055,target_scale_0.65,20460721,linear_isotropic,0.65
49,0,0,0.18064353943670403,0.319356460563296,0.25261735991832446,0.2677165354330709,0.6088460806198832,0.14167408826873085,2.3853617926461377,0.15911575834101518,0.003327140783676509,0.13997798048312515,0.6079748704727942,0.08580272141004369,0.2916441359919026,0.8737069516408584,0.65,0.18,-0.12596194170499897,0.04903805829500102,target_scale_0.65,20460721,linear_isotropic,0.65
50,0,0,0.4730540961149888,0.026945903885011207,0.2881267993971319,0.2952755905511811,0.8583981350311543,0.1348411479580409,2.8205261020377064,0.19832596286600174,0.006073723954704308,0.217236857414145,0.8547899542942372,0.1768433031476897,0.3952739071673362,1.4292472556909246,0.65,0.18,0.006755615997711649,0.18175561599771164,target_scale_0.65,20460721,linear_isotropic,0.65
51,0,0,0.434618971820738,0.06538102817926199,0.35842593690937175,0.3779527559055118,0.6493116689912097,0.14863148815790783,2.7457912210616064,0.16713223483831074,0.007475955665466389,0.21583751494461229,0.651658286156802,0.13865445229854903,0.22172047253093916,1.0650152686913277,0.65,0.18,-0.14547995755477333,0.029520042445226657,target_scale_0.65,20460721,linear_isotropic,0.65
52,1,0,0.5455416777838574,0.045541677783857384,0.3320638690970146,0.35039370078740156,0.8471570031587295,0.13166797926153945,1.722913388407777,0.25001583051684734,0.007419139696583383,0.16013300079584392,0.8370868598209971,0.13643035511313073,0.3779693656298123,1.211923394318593,0.65,0.18,0.062280001804492585,0.23728000180449257,target_scale_0.65,20460721,linear_isotropic,0.65
53,0,0,0.49317126380106313,0.006828736198936862,0.36814668881445206,0.3779527559055118,0.6482779738724231,0.187199253586169,2.042083960729983,0.16597333664855612,0.0069366005552101645,0.20263789620086228,0.6517427440167486,0.12493799675457652,0.2623901307692878,1.0050414870684596,0.65,0.18,-0.001951119721892507,0.17304888027810747,target_scale_0.65,20460721,linear_isotropic,0.65
54,1,1,0.5198312698293277,0.019831269829327654,0.21662333408519907,0.24015748031496062,0.9033055076074519,0.1536152388164147,2.9677011158404722,0.1541758829860326,0.006738672645409413,0.11491207222860278,0.9056483316980949,0.10158774839355754,0.6103027406671437,1.2398782978193434,0.65,0.18,-0.20823013273787405,0.6167698672621259,target_scale_0.65,20460721,linear_isotropic,0.65
55,1,0,0.5059124479018637,0.005912447901863761,0.5292857029412525,0.531496062992126,0.7768725481103809,0.2220417185820486,2.4809690690866946,0.2983618758641655,0.011270814828811985,0.18938380753436057,0.7717375812822403,0.14437479467817885,0.37108206757827045,1.1546785892815956,0.65,0.18,-0.3722074019810053,0.0,target_scale_0.65,20460721,linear_isotropic,0.65
56,1,1,0.7422600654279448,0.2422600654279447,0.22386107385350423,0.24015748031496062,0.8909348614723329,0.1594891188724485,1.722383945192885,0.2920485474932928,0.00791911988101238,0.09430892469225484,0.8894884432444858,0.08381952841216755,0.6503298718568394,1.113881600235538,0.65,0.18,0.033588791789373414,0.8585887917893734,target_scale_0.65,20460721,linear_isotropic,0.65
57,0,1,0.48851109114791336,0.011488908852086616,0.21369471369418758,0.24015748031496062,0.6119328283335802,0.1832572317141233,2.9381974218080087,0.276283930422681,0.010178973535134788,0.21899395475163752,0.6157103318765985,0.13623143606452726,0.23136297020362337,1.1427411139073167,0.65,0.18,0.03752630777746005,0.86252630777746,target_scale_0.65,20460721,linear_isotropic,0.65
58,0,0,0.48969222855236777,0.01030777144763224,0.3132330998705364,0.3228346456692913,0.9874690725002705,0.06009141948056032,2.821292823561539,0.24535886818305808,0.00914516443407785,0.1926161951325705,0.985557028405989,0.1941455559659081,0.48673791289232243,1.625930382186997,0.65,0.18,-0.1776198128206406,0.0,target_scale_0.65,20460721,linear_isotropic,0.65
59,0,0,0.45421718596155897,0.04578281403844105,0.3674683601279458,0.3779527559055118,0.994910716118265,0.15197117808984173,2.54329763977097,0.19766817371603895,0.007248063121451831,0.1255480852064221,0.9917873646735675,0.1270412042784464,0.5881151513902384,1.3460707091137454,0.65,0.18,-0.04862343684084853,0.12637656315915147,target_scale_0.65,20460721,linear_isotropic,0.65
60,0,1,0.4809185024257938,0.019081497574206203,0.31184892437885314,0.3228346456692913,0.7827249725801134,0.06888518141942715,1.809066501682688,0.16042899467263325,0.007624512528223929,0.1763158436880241,0.7886686618997035,0.133944429211231,0.3680994052531132,1.1662160154210064,0.65,0.18,-0.04662192035210939,0.7783780796478905,target_scale_0.65,20460721,linear_isotropic,0.65
61,0,1,0.40831280934461484,0.09168719065538518,0.5438685688128085,0.562992125984252,1.0507451379884987,0.12001334923570484,2.2248973334121445,0.21344461792569006,0.006807480109460905,0.12888154377053934,1.0543840440324017,0.14308544305260182,0.590820027775315,1.4957500986817966,0.65,0.18,0.033435604437670643,0.8584356044376706,target_scale_0.65,20460721,linear_isotropic,0.65
62,1,1,0.5644347762071924,0.06443477620719246,0.5281152297055984,0.531496062992126,0.8352056928683464,0.07974372641013633,2.4034502555080195,0.20779893076825456,0.00505260843003629,0.124509589777295,0.8317506842508536,0.10103625012934074,0.49733310119581625,1.1436098125740979,0.65,0.18,0.10369340815577711,0.9286934081557771,target_scale_0.65,20460721,linear_isotropic,0.65
63,0,1,0.4728907908357427,0.027109209164257273,0.5057785918326422,0.531496062992126,1.0007153706731033,0.08611662153130603,2.0637709548548644,0.19740702595431966,0.006233918704002178,0.1623032449526643,0.999639801061615,0.15989023033008018,0.42871231863432385,1.5365689292942504,0.65,0.18,-0.28051686563627815,0.5444831343637218,target_scale_0.65,20460721,linear_isotropic,0.65
64,1,0,0.5103395302952671,0.010339530295267081,0.46723892171456516,0.468503937007874,0.820405823478635,0.2263116970439078,2.7754926742718244,0.19564213899653832,0.005516960899046925,0.1457827886462844,0.8274151973839486,0.11723728660192197,0.4262936950945718,1.2666073843350576,0.65,0.18,-0.09452988227984674,0.08047011772015325,target_scale_0.65,20460721,linear_isotropic,0.65
65,1,1,0.5446515810961244,0.044651581096124486,0.2784205861216383,0.2952755905511811,0.7795357277610115,0.06537502073127206,1.8897601653811473,0.2253839493791309,0.004918731795791343,0.10273817551106582,0.7780373303843806,0.07424690905774353,0.5462918398376934,1.0549999681108972,0.65,0.18,0.22660602670127392,1.0,target_scale_0.65,20460721,linear_isotropic,0.65
66,1,1,0.5131803613308554,0.013180361330855431,0.2861504141230713,0.2952755905511811,0.6299563573534568,0.07366907362810433,1.6791495247325208,0.2094628680121387,0.007158881403081405,0.14555442166628163,0.6389379956533602,0.08881798274718962,0.31758993201828867,0.9015507921841547,0.65,0.18,0.10804153131876947,0.9330415313187694,target_scale_0.65,20460721,linear_isotropic,0.65
67,0,1,0.4850025373769351,0.014997462623064896,0.21333083097198804,0.24015748031496062,1.017820195035167,0.10896908887762283,2.33769482436137,0.20778298014534657,0.00742869072955033,0.20736831413488122,1.0166289588542576,0.21336936460119624,0.4157540209388931,1.634106700216969,0.65,0.18,0.022927848323476788,0.8479278483234768,target_scale_0.65,20460721,linear_isotropic,0.65
68,0,0,0.48446453540670636,0.015535464593293654,0.4894334604123502,0.5,1.119641982570331,0.10766740125598312,2.8442857688877634,0.24971965122097756,0.010294507687545442,0.10491720973731562,1.1240618517935947,0.12688589597446856,0.7479169129657504,1.5642561725531352,0.65,0.18,0.314926348895657,0.489926348895657,target_scale_0.65,20460721,linear_isotropic,0.65
69,0,0,0.24212224254530407,0.25787775745469593,0.37023935159712584,0.3779527559055118,1.109280888147119,0.17338194411619676,2.030197609123697,0.15906007065056701,0.005724071042611557,0.0839225039968495,1.1079225201655445,0.09204036850341667,0.846459315365056,1.39615792196148,0.65,0.18,0.044451043921767464,0.21945104392176745,target_scale_0.65,20460721,linear_isotropic,0.65
70,0,0,0.37285610447036444,0.1271438955296356,0.5349478844599023,0.562992125984252,1.112596028980997,0.11972968907297857,1.6278595767864936,0.22859192686386975,0.00936253867809703,0.17001691850050207,1.1039157366991883,0.18920783965321344,0.5586582345644813,1.7647347206497206,0.65,0.18,-0.0393018931648619,0.13569810683513808,target_scale_0.65,20460721,linear_isotropic,0.65
71,0,0,0.4341946971636055,0.06580530283639453,0.36501821255064293,0.3779527559055118,0.664899743041114,0.17570990090134325,2.937553853405575,0.2580808219973577,0.005043576166304564,0.1995455654644286,0.6594186246279193,0.13567894338451145,0.21930919062781956,1.0204316989784366,0.65,0.18,0.1128640101345789,0.2878640101345789,target_scale_0.65,20460721,linear_isotropic,0.65
72,1,0,0.5092393978202714,0.009239397820271363,0.22575240639179767,0.24015748031496062,1.019112923598043,0.14032798832946108,2.2881395360424177,0.15051887806355496,0.004276451501265965,0.1344629603102289,1.015926242725476,0.14255713786904164,0.6111041246236417,1.4407035414720002,0.65,0.18,-0.33594160889578933,0.0,target_scale_0.65,20460721,linear_isotropic,0.65
73,1,1,0.6406648737948426,0.14066487379484266,0.5095861945333107,0.531496062992126,1.1090528998919158,0.1977348401318814,2.999843287830453,0.18556880898502295,0.006782609288820059,0.18845101042290072,1.1013492602767603,0.217685604280235,0.4607968072201828,1.6973622433416293,0.65,0.18,0.023487718201314466,0.8484877182013144,target_scale_0.65,20460721,linear_isotropic,0.65
74,1,1,0.5964622556435284,0.09646225564352844,0.2238495661846739,0.24015748031496062,0.7787931537030287,0.07196823392392274,2.4957365675498964,0.23194270518106275,0.010102198049684746,0.2044109495534993,0.7752282814971982,0.15845074349434132,0.36213401155298813,1.2198858793034262,0.65,0.18,0.19470427240654845,1.0,target_scale_0.65,20460721,linear_isotropic,0.65
75,0,0,0.48226502527277704,0.017734974727222953,0.4642941846281892,0.468503937007874,0.7448502737701638,0.0681756542831413,2.9003313487097033,0.2631761368230784,0.009479377805836329,0.0803348151846296,0.7458455636940321,0.05634126960876099,0.55212743068018,0.9313101119649053,0.65,0.18,0.16658401846624324,0.3415840184662432,target_scale_0.65,20460721,linear_isotropic,0.65
76,1,1,0.6805132053257286,0.18051320532572862,0.40964351981761815,0.43700787401574803,1.144825268262116,0.10860587580255812,2.9051499252066795,0.2680489957585868,0.004078204767732088,0.2170007649264158,1.127588966734701,0.2572707416513564,0.286206317065529,1.9035348807281136,0.65,0.18,0.13949778960014025,0.9644977896001402,target_scale_0.65,20460721,linear_isotropic,0.65
77,0,0,0.4274121855620971,0.07258781443790291,0.34534876642757706,0.35039370078740156,0.6505805752953354,0.14098452547525286,2.7057765293422458,0.15795885651195626,0.0065627634342153435,0.19429398400600817,0.6594040259296556,0.1294619427906192,0.26294376363036126,1.0104436620033657,0.65,0.18,0.35096530578782414,0.5259653057878242,target_scale_0.65,20460721,linear_isotropic,0.65
78,1,1,0.6906346607447917,0.19063466074479168,0.19520198723439788,0.2125984251968504,1.0732073923294327,0.15311463314485912,2.869832490742171,0.1790999521416552,0.011765298217310403,0.18756768584337508,1.0762710914550602,0.19590708880575552,0.5025274158557926,1.673804495605231,0.65,0.18,0.04436490507068244,0.8693649050706824,target_scale_0.65,20460721,linear_isotropic,0.65
79,0,0,0.49184760750780904,0.00815239249219095,0.40643842078679293,0.43700787401574803,0.869198695404042,0.18730352211274925,2.718635107608975,0.20962338028152555,0.003626840178152333,0.09228846740091934,0.8753295296458852,0.08127279268228842,0.6230201619041755,1.209042004037331,0.65,0.18,-0.3439257079457609,0.0,target_scale_0.65,20460721,linear_isotropic,0.65
80,1,1,0.5107859669029242,0.010785966902924238,0.2436028666175959,0.2677165354330709,1.0935928259612029,0.14440353865290517,2.7466039299761293,0.26495644325077927,0.009760013544578592,0.18232342495004733,1.0944479144396344,0.20794811660592238,0.5163220692466339,1.7614320546560605,0.65,0.18,0.08419760807392784,0.9091976080739278,target_scale_0.65,20460721,linear_isotropic,0.65
81,1,0,0.5501497982296717,0.050149798229671645,0.3384624902175656,0.35039370078740156,0.6271467804597493,0.1844726354958427,2.1557271441333272,0.21825886063801125,0.0031095162610460317,0.1777974301180187,0.6203141688905627,0.11281170285255268,0.2781020254627231,1.0187912403601742,0.65,0.18,-0.26745896316528833,0.0,target_scale_0.65,20460721,linear_isotropic,0.65
82,1,1,0.5100708281283113,0.010070828128311315,0.3397790636269585,0.35039370078740156,0.9033771494857983,0.06826492982376917,2.5340748018350094,0.1520078229334537,0.007013471460267059,0.13264722582020724,0.9092670687301122,0.11549833857150611,0.5831975339166773,1.3721407514265747,0.65,0.18,0.09207803920042025,0.9170780392004202,target_scale_0.65,20460721,linear_isotropic,0.65
83,1,1,0.7044503137835512,0.2044503137835511,0.37661792005995703,0.3779527559055118,1.0078671278687383,0.14762988569217816,2.248990594554078,0.2201096438783535,0.007094809346226943,0.13035854513205464,1.0213842646155773,0.1337379603343212,0.5830661712871257,1.4361567165536568,0.65,0.18,0.1315529308972814,0.9565529308972813,target_scale_0.65,20460721,linear_isotropic,0.65
84,0,0,0.47585881438113625,0.02414118561886375,0.3577381416403009,0.3779527559055118,1.0477637296595759,0.15081793917579994,1.9027452523116852,0.21108904756483263,0.007255937636234403,0.207705795369441,1.0382433996580671,0.21360798441681628,0.4220674191366507,1.649916410253371,0.65,0.18,0.0679658681999169,0.2429658681999169,target_scale_0.65,20460721,linear_isotropic,0.65
85,0,0,0.42929507044779935,0.07070492955220066,0.21785532902310076,0.24015748031496062,0.8667047368024697,0.1907763097203325,2.099324119675204,0.22922481031643022,0.004979128397142613,0.13442835306858633,0.8705284527650146,0.11793643061385174,0.48659591981212236,1.2147284814005772,0.65,0.18,-0.05852901212151858,0.11647098787848141,target_scale_0.65,20460721,linear_isotropic,0.65
86,0,0,0.44629969624041066,0.05370030375958935,0.37597694929582404,0.3779527559055118,0.7178257152007466,0.18215758995685255,1.5853377374435207,0.2988208691042056,0.006168908105030513,0.12173035037965027,0.7246457058623536,0.08633784710633872,0.46491625969729966,1.0050044747659006,0.65,0.18,0.4567794944749158,0.6317794944749158,target_scale_0.65,20460721,linear_isotropic,0.65
87,1,1,0.5132315386708619,0.013231538670861902,0.4497893027616186,0.468503937007874,0.7210373764752565,0.1958083055970467,2.3915823885259346,0.257022038163168,0.010307685532182594,0.12552595955651263,0.7247338630716692,0.09384802089139903,0.45632036186088293,0.9835616768334264,0.65,0.18,-0.08005663557516651,0.7449433644248334,target_scale_0.65,20460721,linear_isotropic,0.65
88,1,0,0.5277097501108798,0.02770975011087985,0.21070274024887525,0.2125984251968504,1.1070200142810833,0.22839205063674486,1.7576624865263704,0.2621487551566833,0.008928380500775138,0.15396347000027427,1.1033875191981402,0.16423767374667425,0.6246356209160271,1.5084552811277423,0.65,0.18,-0.08459481553012077,0.09040518446987922,target_scale_0.65,20460721,linear_isotropic,0.65
89,0,0,0.46258380247999037,0.03741619752000963,0.3963168912903489,0.40551181102362205,1.0504560706064745,0.23399691186250737,2.1813366140541763,0.2596282878741706,0.010785554892400517,0.20658737992843879,1.0615265033444172,0.21104943270763338,0.45443040872500035,1.646726654015471,0.65,0.18,0.13282904471734497,0.30782904471734496,target_scale_0.65,20460721,linear_isotropic,0.65
90,1,1,0.516540895867634,0.016540895867633982,0.4165618759068883,0.43700787401574803,0.707497817463435,0.13661511376097707,2.8528424366939253,0.19668561699004453,0.009167560261367287,0.15233760291932275,0.7063041110422038,0.10321461643119181,0.394127401108067,1.052997871538419,0.65,0.18,-0.08223536309590909,0.7427646369040909,target_scale_0.65,20460721,linear_isotropic,0.65
91,1,1,0.5496551354471775,0.049655135447177486,0.437676542524896,0.43700787401574803,0.9289720527509957,0.1129076716533328,2.759429523536145,0.28978192256141644,0.010596812745700956,0.18902894988280994,0.9311465478055589,0.18392239785300837,0.31098217293703745,1.360810922190271,0.65,0.18,-0.3763443743051479,0.44865562569485207,target_scale_0.65,20460721,linear_isotropic,0.65
92,1,1,0.5145740915843013,0.014574091584301294,0.42289249480805813,0.43700787401574803,0.8866053859616374,0.061044892505399385,2.4182353364587392,0.17562838875386846,0.007388415416662164,0.20509425478248294,0.8909647860409045,0.17990935665144225,0.30037811110605156,1.393313150357446,0.65,0.18,-0.21398928628171401,0.611010713718286,target_scale_0.65,20460721,linear_isotropic,0.65
93,1,0,0.512237439851798,0.012237439851798032,0.2515729800488806,0.2677165354330709,0.6694849943901078,0.10768309570634013,2.3411746728445415,0.23062660040091787,0.006698414275154567,0.2165742748926906,0.6708459256827841,0.14880583612511314,0.2308143523393471,1.132785718347885,0.65,0.18,0.0027190665405375154,0.1777190665405375,target_scale_0.65,20460721,linear_isotropic,0.65
94,0,0,0.15178340784286204,0.34821659215713796,0.4691430440616453,0.468503937007874,0.7195823137650621,0.0782210575808142,2.3000864577469824,0.1794810630442854,0.004356084831395067,0.1070766783060923,0.7199053176526062,0.0792520359670253,0.4838656549567845,0.9819398195208808,0.65,0.18,-0.11266549961065692,0.06233450038934307,target_scale_0.65,20460721,linear_isotropic,0.65
95,1,1,0.709749275950836,0.20974927595083606,0.41646853352069363,0.43700787401574803,0.7963969417301884,0.20844194098238644,2.6353484438594488,0.26100790200381907,0.005783941004010957,0.1202617990008692,0.7929823327704159,0.09370347746527975,0.535417447061212,1.113855610328229,0.65,0.18,0.2376724954127235,1.0,target_scale_0.65,20460721,linear_isotropic,0.65
96,1,1,0.5797797701642927,0.0797797701642927,0.2416592785881365,0.2677165354330709,1.106382378560176,0.12767017318911733,1.5458145033272772,0.16457171866510129,0.007616671954754243,0.10226555113883057,1.1044574630773227,0.1095581411054614,0.7978601113396466,1.45257061976504,0.65,0.18,-0.24306698492767936,0.5819330150723205,target_scale_0.65,20460721,linear_isotropic,0.65
97,0,1,0.481301066219743,0.018698933780257016,0.1921116113376073,0.2125984251968504,0.7626600826465618,0.2135567792961187,2.423701987314002,0.2896231534399693,0.008930300681554443,0.1759746206213169,0.7626489001251211,0.138424391201784,0.3239547545160219,1.168097904315885,0.65,0.18,0.0532468361664519,0.8782468361664518,target_scale_0.65,20460721,linear_isotropic,0.65
98,0,0,0.2321896180224033,0.2678103819775967,0.5302475173796743,0.531496062992126,0.7985559814933908,0.2156917409297458,2.754904955039924,0.25357675005492364,0.004366627467164785,0.11500102892894766,0.7922985398934826,0.08900369816487817,0.49522346547339224,1.0272684356895925,0.65,0.18,-0.0006676606199189783,0.174332339380081,target_scale_0.65,20460721,linear_isotropic,0.65
99,1,1,0.5194646154729653,0.01946461547296532,0.21495496036758285,0.24015748031496062,0.614424975758694,0.18669260421234168,1.8230492405678869,0.2835983032598098,0.006972672911625685,0.1123516194419293,0.6179165211102707,0.06756343992863621,0.4373298409737696,0.8296893864173014,0.65,0.18,-0.24438057602447114,0.5806194239755288,target_scale_0.65,20460721,linear_isotropic,0.65
100,1,1,0.5088930472090446,0.008893047209044633,0.3563031133491531,0.3779527559055118,0.8624020717610823,0.08208840600372802,2.006402815082894,0.24101205767040593,0.005317981135477251,0.1222226295351343,0.8611423790197543,0.10815691883546293,0.5770676768175208,1.2129294502451045,0.65,0.18,0.18858465223694884,1.0,target_scale_0.65,20460721,linear_isotropic,0.65
101,0,0,0.34252741006343124,0.15747258993656876,0.37527745091058207,0.3779527559055118,0.7769585513085568,0.17119497203911957,2.4517521713190766,0.1766501122549767,0.011648482588421012,0.0885970465344101,0.7801678215351735,0.07067279956200877,0.5915921412791255,0.9773529952315332,0.65,0.18,0.15461560771767707,0.32961560771767706,target_scale_0.65,20460721,linear_isotropic,0.65
102,0,0,0.4292209123609981,0.07077908763900193,0.3781934010863952,0.3779527559055118,0.8185052294735,0.09035213334177576,1.836621061873023,0.18946821596307878,0.004455521047468964,0.1276923451493736,0.813741239988259,0.10340005134149048,0.4956615306555171,1.097104699309968,0.65,0.18,0.15418143375561305,0.32918143375561304,target_scale_0.65,20460721,linear_isotropic,0.65
103,0,0,0.309345576176707,0.19065442382329298,0.18755854289904572,0.2125984251968504,0.8952840013115814,0.2336047861137277,2.3870897622520677,0.28108981529257104,0.01006967468919885,0.16404477381131366,0.8912321882269887,0.14481089631104233,0.4267374818952639,1.2600445930629942,0.65,0.18,-0.1529430123161509,0.02205698768384909,target_scale_0.65,20460721,linear_isotropic,0.65
104,0,1,0.48355565217465407,0.01644434782534593,0.3785778183303045,0.3779527559055118,0.6006018344819012,0.19025531380604643,1.7616295205552779,0.2777266279726642,0.005445352971983704,0.19205112043062483,0.5967850440502097,0.11810232741312925,0.25788911793894215,0.9125244238574387,0.65,0.18,-0.015121252602806261,0.8098787473971937,target_scale_0.65,20460721,linear_isotropic,0.65
105,1,1,0.5464282181181621,0.046428218118162064,0.49075843639220024,0.5,0.9792186019016993,0.2166562105215762,2.5499379332357,0.23038547868139958,0.0037597755888620727,0.1885110840152155,0.9848565808828795,0.189934324517433,0.3669731853351244,1.5295221837961601,0.65,0.18,-0.038006877633621906,0.7869931223663781,target_scale_0.65,20460721,linear_isotropic,0.65
106,0,0,0.44426760158380085,0.05573239841619916,0.4259945451226085,0.43700787401574803,0.7048661273161156,0.06302469622969176,1.7637501915844447,0.17040877561043144,0.006811712406526429,0.13260025164243394,0.7088581379724345,0.09523169592462108,0.44914814176099443,0.9686945299424944,0.65,0.18,0.2007682089853106,0.3757682089853106,target_scale_0.65,20460721,linear_isotropic,0.65
107,0,0,0.21538169791862405,0.28461830208137595,0.435652055714343,0.43700787401574803,1.0121431561736474,0.2295245433664351,2.791423258854772,0.15739498517076567,0.005374367388419159,0.08443767053143182,1.0071020535698734,0.08561731733613691,0.7561916517459207,1.2180438946719852,0.65,0.18,0.0792434274263237,0.25424342742632366,target_scale_0.65,20460721,linear_isotropic,0.65
108,1,1,0.5258538102941326,0.02585381029413263,0.42675368805910474,0.43700787401574803,0.8211160800896738,0.1916335629087376,2.856612345226437,0.24391803428537878,0.0094888225194369,0.101410355325656,0.8229147290172014,0.08356491483417511,0.605988243572453,1.086682116279671,0.65,0.18,-0.13444891940168552,0.6905510805983144,target_scale_0.65,20460721,linear_isotropic,0.65
109,0,0,0.471167528912697,0.028832471087303028,0.2508125565064439,0.2677165354330709,1.0804472347528737,0.09103891847913784,2.636346853731236,0.15391243731843782,0.0039213392129225245,0.11911838589595951,1.0842330929030244,0.1254705717837085,0.7087677775798567,1.3837945673456522,0.65,0.18,-0.18197240188358257,0.0,target_scale_0.65,20460721,linear_isotropic,0.65
110,1,0,0.505029302064156,0.005029302064156001,0.47908194364966755,0.5,0.6973828350531074,0.16709565841354082,1.582251525837918,0.2228140930038408,0.006258620105278909,0.16488141331987416,0.700795133647183,0.11241406118523771,0.31635815584943067,1.0089871787555087,0.65,0.18,-0.1660109855175458,0.008989014482454177,target_scale_0.65,20460721,linear_isotropic,0.65
111,1,1,0.505063413616748,0.0050634136167479644,0.2943498909384621,0.2952755905511811,0.8788488423498431,0.12411891648342645,2.689568757474594,0.1799155580737999,0.008652868379257366,0.11125322425308967,0.8765585472913227,0.09144265038288749,0.5630917435764164,1.1341645374358242,0.65,0.18,-0.2045247214854494,0.6204752785145505,target_scale_0.65,20460721,linear_isotropic,0.65
112,1,1,0.727153726279759,0.22715372627975902,0.5338550656288501,0.562992125984252,1.002925869685106,0.08256164173425787,2.2992163781745023,0.2527178682373632,0.011210238329054819,0.20940068439495346,1.0204389650112975,0.21762277754418552,0.2626232572715906,1.663779379053621,0.65,0.18,0.08165584665640754,0.9066558466564075,target_scale_0.65,20460721,linear_isotropic,0.65
113,1,1,0.5120866725960095,0.012086672596009438,0.3181842794384847,0.3228346456692913,0.7441763319638076,0.17957366635128777,2.508073862646306,0.24377452609595426,0.010095781124868374,0.10615029244622351,0.7394323510816583,0.07954708157768822,0.4956269193352915,1.0599786423420816,0.65,0.18,-0.41264154929108493,0.412358450708915,target_scale_0.65,20460721,linear_isotropic,0.65
114,0,0,0.4185304895716292,0.08146951042837082,0.26921767064890867,0.2952755905511811,0.793657789473809,0.06748775974938363,1.7041288535019794,0.2296062107628607,0.010231427152826367,0.1830167437735336,0.7902649161439007,0.14306026426512503,0.33042747243929793,1.2191680389314692,0.65,0.18,-0.09478218299094462,0.08021781700905536,target_scale_0.65,20460721,linear_isotropic,0.65
115,1,1,0.5271059279407535,0.027105927940753456,0.4260960143880499,0.43700787401574803,1.108623644690435,0.07774704480517755,2.176151806183568,0.2393790849451922,0.006712963898665639,0.2004353620326021,1.09283446679265,0.22368194357487994,0.3500922365201163,1.8085303476895738,0.65,0.18,0.30644080466116824,1.0,target_scale_0.65,20460721,linear_isotropic,0.65
116,1,1,0.5136051804562854,0.013605180456285445,0.25122805881170807,0.2677165354330709,0.9058818618752972,0.23125782395132286,2.5690930581667604,0.20696651664134125,0.00945497822374795,0.08970853087569983,0.9136612557099515,0.0828491210427591,0.664352799273769,1.1323740183747584,0.65,0.18,0.11657872719018686,0.9415787271901868,target_scale_0.65,20460721,linear_isotropic,0.65
117,1,1,0.5292213681242014,0.02922136812420138,0.22043324194961936,0.24015748031496062,0.858888959140331,0.1550384735093054,1.7954735728497804,0.2801663024586296,0.006988342884508445,0.15123246528894463,0.8539022010894823,0.13258181631411906,0.49472931752785554,1.286499231311652,0.65,0.18,-0.3081348982923879,0.516865101707612,target_scale_0.65,20460721,linear_isotropic,0.65
118,1,1,0.7708898864581113,0.27088988645811124,0.34815370633694137,0.35039370078740156,1.008341497549788,0.06752797115676033,2.4696697261657468,0.21862650253271276,0.007341428561495361,0.18719718360816773,1.0026311492761193,0.18307367138437772,0.47439227801192585,1.5146768252219458,0.65,0.18,0.0037512045302515494,0.8287512045302515,target_scale_0.65,20460721,linear_isotropic,0.65
119,1,1,0.5199479855343196,0.019947985534319694,0.5425081458059198,0.562992125984252,0.6311891987018474,0.12117283513516755,1.8556818591739876,0.2270844554105388,0.00788709952525464,0.10829602597201807,0.6341014761866053,0.06571494778945641,0.4400023392448383,0.8483285842240631,0.65,0.18,0.04038894549203339,0.8653889454920334,target_scale_0.65,20460721,linear_isotropic,0.65
120,0,0,0.3508164315441751,0.14918356845582492,0.32458319859857443,0.35039370078740156,0.9841144447953216,0.10031878631329168,1.793304621130245,0.29511980724331593,0.006551316047953454,0.18545449062267427,0.9862368228871266,0.17796802020489375,0.4387820991467782,1.5270737150080635,0.65,0.18,-0.28188758290106625,0.0,target_scale_0.65,20460721,linear_isotropic,0.65
121,1,1,0.8104938217972775,0.31049382179727747,0.5446560080323979,0.562992125984252,0.7801841931656127,0.16451009050159443,2.0282702154025696,0.18710940856796932,0.006103516768205143,0.12185656380469354,0.7834073402467872,0.1003625050696103,0.5146858142046614,1.053843527759027,0.65,0.18,-0.22718096951974037,0.5978190304802595,target_scale_0.65,20460721,linear_isotropic,0.65
122,1,1,0.5479760683074022,0.04797606830740216,0.43539758670257683,0.43700787401574803,0.8572704296863165,0.10851735882124547,2.294896329109834,0.17981037319336796,0.008423556739753497,0.1624235600977138,0.8574817281680169,0.13763904892838633,0.5050927873990222,1.3325283608470615,0.65,0.18,-0.20581902489269954,0.6191809751073004,target_scale_0.65,20460721,linear_isotropic,0.65
123,0,1,0.47284400795609494,0.027155992043905067,0.2088087426869242,0.2125984251968504,1.0467495650407699,0.08177170550606555,1.9220456034577944,0.25262044684047485,0.004232174109566569,0.11060492835586179,1.0450580697392107,0.11584047051672569,0.6540345263161859,1.4016341018932539,0.65,0.18,0.20091858405983629,1.0,target_scale_0.65,20460721,linear_isotropic,0.65
124,1,1,0.5620146653616631,0.06201466536166314,0.2776336207241806,0.2952755905511811,0.7270384976524744,0.18148422046452506,2.2527723733493095,0.2992409057350912,0.008117628905143334,0.19608561988063128,0.7189680425228567,0.1488719334563037,0.30523552171723123,1.1058423425021662,0.65,0.18,0.16855895314712985,0.9935589531471298,target_scale_0.65,20460721,linear_isotropic,0.65
125,0,1,0.45638973505842045,0.043610264941579525,0.47743478151804736,0.5,0.8931230625805561,0.20510685654747066,2.631859554576375,0.27370169161104485,0.004288673601862021,0.14830799839478376,0.8855967130030175,0.1319913686578017,0.4082711238429082,1.296000027634222,0.65,0.18,0.127360801309713,0.9523608013097129,target_scale_0.65,20460721,linear_isotropic,0.65
126,1,1,0.5195788060339749,0.019578806033974865,0.263535273864013,0.2677165354330709,0.7070481240341474,0.1271514870375599,2.3799404963346515,0.28982179015015164,0.00808584874103358,0.10650472236275418,0.7021899567858231,0.07499748451607408,0.46780623287121725,0.9194918664750082,0.65,0.18,-0.11848244890723868,0.7065175510927613,target_scale_0.65,20460721,linear_isotropic,0.65
127,0,1,0.4679935268449242,0.03200647315507582,0.4104325540603865,0.43700787401574803,0.8456529168047142,0.1852167075955118,2.059023927644087,0.25529797639006296,0.01030706277532699,0.16320236903820953,0.8450424694926174,0.13834592094513568,0.39232164355652777,1.2732378474329165,0.65,0.18,0.029867347792496873,0.8548673477924968,target_scale_0.65,20460721,linear_isotropic,0.65
128,0,0,0.2923188654277146,0.20768113457228538,0.24505140826883065,0.2677165354330709,1.0499651430368886,0.22758775672983841,2.262531558055211,0.1839260180310135,0.008501509574292493,0.12915632975956273,1.048239645352037,0.1385496853780041,0.6470928901898347,1.4823650707101708,0.65,0.18,-0.27984944176867294,0.0,target_scale_0.65,20460721,linear_isotropic,0.65
129,1,1,0.6755521563903703,0.17555215639037028,0.2537606231775143,0.2677165354330709,1.0050167726470043,0.08872354667931776,2.2056860494935364,0.17735536238783928,0.006077533148673202,0.08392446910384954,1.007291643036062,0.08284354307468074,0.7655299789085173,1.2400627340307528,0.65,0.18,-0.04763476251329724,0.7773652374867027,target_scale_0.65,20460721,linear_isotropic,0.65
130,0,0,0.41660215820488505,0.08339784179511493,0.33630348846909536,0.35039370078740156,0.8867357721760877,0.14569891330681586,1.9999796076503005,0.18429143083626479,0.009090268859079927,0.13180170748733439,0.8890720006106638,0.11234380934110809,0.6150199988001236,1.2238192638326093,0.65,0.18,-0.6285311788342436,0.0,target_scale_0.65,20460721,linear_isotropic,0.65
131,1,1,0.6730473019945717,0.17304730199457177,0.5084103945667916,0.531496062992126,0.8131379668122171,0.20884531440608434,2.475094398980702,0.1529633765263971,0.004021893032124797,0.14847560741371885,0.8165142945825808,0.11717046811298538,0.5131710705862126,1.121148783239471,0.65,0.18,0.1590995995646441,0.984099599564644,target_scale_0.65,20460721,linear_isotropic,0.65
132,1,1,0.8098306782489945,0.30983067824899446,0.34566260304964147,0.35039370078740156,1.0282941553258658,0.13475070306765674,1.8263412002086312,0.2173785397373973,0.010549868840554224,0.11786632404573211,1.0217269594282112,0.11654191476076221,0.6526473642172614,1.3662495873080462,0.65,0.18,0.5245268312028896,1.0,target_scale_0.65,20460721,linear_isotropic,0.65
133,0,1,0.4686834830381644,0.03131651696183561,0.49265576793771626,0.5,0.9738026159469968,0.23209600344652698,2.8885733757399867,0.26679763385001115,0.01101640592180948,0.1685296867210708,0.9610268810843828,0.17242469267296642,0.3558837208013209,1.4133073471301718,0.65,0.18,-0.1918478512975456,0.6331521487024543,target_scale_0.65,20460721,linear_isotropic,0.65
134,0,0,0.1668052339322797,0.3331947660677203,0.4195921188461704,0.43700787401574803,0.9924583332607031,0.14257510467126017,2.353840626075238,0.17003003660708035,0.0038534397965270433,0.12460812143578612,0.9909068097100519,0.12578221238651988,0.5695648406107094,1.409833370732822,0.65,0.18,0.19824835904432458,0.3732483590443246,target_scale_0.65,20460721,linear_isotropic,0.65
135,0,0,0.49094365093077325,0.009056349069226774,0.37772716492583924,0.3779527559055118,1.1029859605205696,0.18107839874753928,2.206092977794132,0.21194617484380843,0.006077339938084947,0.09766212930197125,1.100917282106633,0.11164786524441656,0.7529043725516876,1.4242862819188093,0.65,0.18,0.18639196637024943,0.3613919663702494,target_scale_0.65,20460721,linear_isotropic,0.65
136,0,0,0.35763706008943436,0.14236293991056564,0.26126231523476595,0.2677165354330709,0.6053005808607421,0.197122170387853,2.017538351169552,0.23321813873244113,0.006222331884587465,0.21565932531782145,0.5930825108320075,0.12908478206679147,0.24698584588053082,0.9770923593556627,0.65,0.18,0.07022143004251755,0.24522143004251754,target_scale_0.65,20460721,linear_isotropic,0.65
137,1,0,0.5422525013761998,0.04225250137619986,0.22636455299417102,0.24015748031496062,0.7637851211633515,0.12213250829399638,2.0995623373045484,0.18108867117222205,0.0074482371409050644,0.14655043824496933,0.7630207526190109,0.10495799270379173,0.4324800791674832,1.0493776691757604,0.65,0.18,0.2642272620465802,0.4392272620465802,target_scale_0.65,20460721,linear_isotropic,0.65
138,1,1,0.5078774751701851,0.007877475170185156,0.21749226172330077,0.24015748031496062,0.7629829224427205,0.10267070110516249,2.0148189461878077,0.24512002111062942,0.003732300408665337,0.17631786527708188,0.7601996956629655,0.12912474742412697,0.4084664565866166,1.1500878998819366,0.65,0.18,0.3685015204362068,1.0,target_scale_0.65,20460721,linear_isotropic,0.65
139,1,1,0.7573440565011113,0.25734405650111125,0.3021125034797265,0.3228346456692913,0.8110741986581039,0.21564541059584064,2.9390124163020337,0.24924496762343085,0.005536988405958001,0.20812731394199696,0.8269892328906278,0.16355569578400242,0.2858810113312797,1.3435694537186553,0.65,0.18,-0.06491590123807243,0.7600840987619275,target_scale_0.65,20460721,linear_isotropic,0.65
140,0,0,0.48828271984630245,0.011717280153697543,0.28307373572521605,0.2952755905511811,0.8684637520635219,0.22675965264636108,1.9517097768267813,0.2601885508866087,0.007024648457071612,0.20923647372211762,0.868586353152445,0.18079402867353156,0.3317035065480187,1.3338233394949703,0.65,0.18,0.026584823376034617,0.20158482337603462,target_scale_0.65,20460721,linear_isotropic,0.65
141,0,0,0.4902191278580001,0.009780872141999887,0.337628241877852,0.35039370078740156,0.9913504136819575,0.1627116730946986,1.6905206553306016,0.17961902339403635,0.011269677335124555,0.17755669439654176,0.9892198811020098,0.1893467311369158,0.3316401639040256,1.5989530169005142,0.65,0.18,0.131482863367748,0.306482863367748,target_scale_0.65,20460721,linear_isotropic,0.65
142,0,0,0.4682356108964702,0.031764389103529786,0.49846232572720006,0.5,0.7078238815791124,0.08896361081330754,1.6017862868516655,0.2836906971967684,0.005418243283686638,0.15875772248173,0.7083871738269107,0.10740706477222922,0.4042364924326991,1.018328367321719,0.65,0.18,-0.13238141300692288,0.04261858699307711,target_scale_0.65,20460721,linear_isotropic,0.65
143,0,0,0.4791933274666705,0.020806672533329525,0.25320414351921045,0.2677165354330709,1.0433291591079241,0.21254905059621443,1.9030214890753134,0.1540037612612359,0.011690838764263647,0.21245975698543723,1.0401951647599266,0.22570544468381337,0.39334239068266985,1.7147297224434026,0.65,0.18,-0.1327385629977009,0.04226143700229909,target_scale_0.65,20460721,linear_isotropic,0.65
144,1,1,0.7143512201123122,0.21435122011231222,0.3831698066120045,0.40551181102362205,0.9551140773263314,0.22404823382858063,2.8435937961909743,0.1734866451556052,0.011964478862265978,0.08352844823203395,0.9551308026349388,0.0782124949019714,0.7214048005730442,1.1800632296032063,0.65,0.18,0.10584927128460352,0.9308492712846035,target_scale_0.65,20460721,linear_isotropic,0.65
145,0,0,0.29019763104974317,0.2098023689502568,0.29052428419529724,0.2952755905511811,0.809671156789931,0.1877111455894476,2.240992060657799,0.168274885116707,0.009236271269481384,0.15027893925935065,0.8165748275985498,0.11309007780349176,0.5255404045512001,1.152936870802055,0.65,0.18,0.28192703183178974,0.45692703183178973,target_scale_0.65,20460721,linear_isotropic,0.65
146,1,1,0.620509839746654,0.12050983974665394,0.22083360593811294,0.24015748031496062,0.8831424514716453,0.06097464874152752,2.8843192843497594,0.200418895890152,0.010876518811216818,0.15636913703380084,0.8798350210629404,0.135465766392227,0.47571612752697573,1.2728343433838072,0.65,0.18,-0.023083265278753786,0.8019167347212461,target_scale_0.65,20460721,linear_isotropic,0.65
147,1,1,0.8390167975653764,0.33901679756537634,0.5190322604515178,0.531496062992126,0.7136707245982639,0.22115460645133683,1.9971180720552186,0.21474683712067053,0.011130018623491885,0.1163226479841274,0.7147796269234022,0.08322344084891435,0.47578972616533494,1.0210484539201812,0.65,0.18,0.12559286085148733,0.9505928608514873,target_scale_0.65,20460721,linear_isotropic,0.65
148,0,0,0.3889544103899253,0.1110455896100747,0.1855557044777413,0.2125984251968504,0.8368480029614718,0.060563897300455506,1.7892576103608269,0.21212111763240812,0.01136122793201479,0.13210105828360674,0.8480840451282364,0.11022916303297348,0.5097956356550637,1.1824348726656717,0.65,0.18,-0.12281219074165294,0.052187809258347054,target_scale_0.65,20460721,linear_isotropic,0.65
149,0,1,0.48399607387653326,0.016003926123466763,0.29153118850536147,0.2952755905511811,0.6745708280356595,0.17828992967739876,2.120800483570157,0.17278606239622735,0.007267136534509357,0.11582713464047925,0.6730345078377504,0.07577641104502199,0.4663003364659683,0.9240757935585237,0.65,0.18,0.35787124531581216,1.0,target_scale_0.65,20460721,linear_isotropic,0.65
150,1,0,0.5118461508754313,0.011846150875431267,0.3867331440031303,0.40551181102362205,0.8825975077330346,0.23964065761518882,1.746876375931047,0.28392278961893824,0.0059870017863755745,0.15915758397431706,0.884911363970032,0.138778295746076,0.4833679063633594,1.3732600241478021,0.65,0.18,0.011979145129458168,0.18697914512945815,target_scale_0.65,20460721,linear_isotropic,0.65
151,1,0,0.507249863966074,0.007249863966073971,0.26285471534423926,0.2677165354330709,1.0784793154568528,0.10823268627761251,1.575842881398652,0.16460947648103016,0.00858441018460281,0.2013908349043235,1.0786860910991731,0.21418872316937201,0.4287286022083409,1.8487341157753125,0.65,0.18,-0.1382140486716437,0.0367859513283563,target_scale_0.65,20460721,linear_isotropic,0.65
152,1,1,0.679083232103056,0.17908323210305604,0.4769186615707651,0.5,1.023473670770067,0.09901965441746366,1.7562886249167562,0.21181444057352897,0.007688251633239953,0.12139052390206215,1.026412669327241,0.1255092449223538,0.5933502517674688,1.415612974413071,0.65,0.18,0.04464569060374119,0.8696456906037412,target_scale_0.65,20460721,linear_isotropic,0.65
153,0,0,0.4395315449808116,0.06046845501918842,0.43804482021249846,0.468503937007874,0.8791944747518774,0.11771620185383153,2.0061562535737956,0.2073815062948273,0.0035409936923183893,0.10411094434729658,0.8749883912616033,0.09148441454235964,0.606127539385071,1.1563125401740615,0.65,0.18,-0.09110253830131694,0.08389746169868305,target_scale_0.65,20460721,linear_isotropic,0.65
154,0,0,0.47850109065314556,0.02149890934685447,0.3344128425968971,0.35039370078740156,0.7854034123004863,0.07046261276341594,2.9997611970880937,0.1637602202962433,0.011296451668666708,0.1127530716396079,0.7850211651846963,0.0900956482044165,0.5365507313986037,1.073510900968862,0.65,0.18,-0.3173100165395024,0.0,target_scale_0.65,20460721,linear_isotropic,0.65
155,0,0,0.48885268838206175,0.011147311617938244,0.3922622710072427,0.40551181102362205,0.7578447939303459,0.181671514526946,2.9674628484849968,0.22185303095005993,0.010535125307598064,0.1277026477782654,0.7639341910578503,0.1017819094593608,0.32598773915756657,1.035328301239066,0.65,0.18,-0.12734941510669623,0.04765058489330376,target_scale_0.65,20460721,linear_isotropic,0.65
156,1,1,0.6430352697977646,0.14303526979776465,0.4454699530433139,0.468503937007874,0.7133079017359902,0.14105221675413487,2.9073479488518386,0.17484868484852367,0.004565726167552348,0.13624673517372918,0.716129093063146,0.09886318703369561,0.42779440414159725,1.0329131175116462,0.65,0.18,-0.10442410498644004,0.7205758950135599,target_scale_0.65,20460721,linear_isotropic,0.65
157,1,1,0.6710610579053764,0.1710610579053764,0.5347062800587071,0.562992125984252,0.9931563661332488,0.21576938700696036,1.6955814836599363,0.2809308598058485,0.009055284898820412,0.19418402155400066,0.9763028959793898,0.1836998486105369,0.3762249705010194,1.610284252897923,0.65,0.18,-0.011510536323248737,0.8134894636767512,target_scale_0.65,20460721,linear_isotropic,0.65
158,1,1,0.549401862564151,0.04940186256415102,0.24863794348332627,0.2677165354330709,1.1399208023138165,0.2321920235956151,2.9807357282012092,0.16304706288404533,0.01027714552326598,0.18966447370273803,1.1451981668442368,0.20042028396484782,0.4676363368470652,1.6260560037731706,0.65,0.18,-0.048859105468376594,0.7761408945316234,target_scale_0.65,20460721,linear_isotropic,0.65
159,1,1,0.5561601008152209,0.05616010081522093,0.3590311325841168,0.3779527559055118,0.9593828966441671,0.10971191674787778,2.0458109126367265,0.24853743945604428,0.006171367127189372,0.11023798678635514,0.9584150187655216,0.10262566171975193,0.7001234342802904,1.2681059046931988,0.65,0.18,-0.17788110956650388,0.6471188904334961,target_scale_0.65,20460721,linear_isotropic,0.65
0,0,0,0.420097211380312,0.07990278861968801,0.254429546864293,0.2677165354330709,0.8708221065361068,0.16104784841849007,1.696429702914133,0.29656047510140715,0.011765347593060457,0.1587008605962413,0.8686865983606542,0.14040905050691038,0.4528681391372107,1.3555393824496544,0.35,0.18,-0.47613794000043075,0.0,target_scale_0.35,20460721,linear_isotropic,0.35
1,1,1,0.5802011670514297,0.0802011670514297,0.5437283814209376,0.562992125984252,1.0298255182819993,0.2150608034399276,2.648390304701869,0.22239560577067546,0.011836151853664378,0.10569520496447868,1.0365218226606938,0.10432456240164932,0.7461495737554094,1.368196143197399,0.35,0.18,0.1685537285964455,0.8435537285964455,target_scale_0.35,20460721,linear_isotropic,0.35
2,0,0,0.46557828187278555,0.03442171812721446,0.18875153680340245,0.2125984251968504,0.702597946420065,0.14647872163889059,1.9555335644307044,0.244922780377674,0.0038136773551208244,0.14297753494907722,0.7017192376365834,0.09939204315277776,0.3715725784631261,1.0107379206639515,0.35,0.18,-0.2301154684399671,0.0948845315600329,target_scale_0.35,20460721,linear_isotropic,0.35
3,0,0,0.44815598126292494,0.051844018737075066,0.26947942580823697,0.2952755905511811,0.8861166429804754,0.11180678011832942,2.1999571596647085,0.17202872816662315,0.00892205681198349,0.1394538228399287,0.8872327202454539,0.11886156548895849,0.5234934651236686,1.2347507362433248,0.35,0.18,0.14050688865368233,0.46550688865368234,target_scale_0.35,20460721,linear_isotropic,0.35
4,0,0,0.4493843431497495,0.0506156568502505,0.48499694792325393,0.5,0.9917698914689249,0.09791381007926382,1.8753191048261506,0.19027039859934852,0.00931133091626295,0.1930397650162698,0.9818472397285994,0.19376517789423706,0.2846239254459451,1.6825237797362895,0.35,0.18,-0.01961829001738873,0.30538170998261127,target_scale_0.35,20460721,linear_isotropic,0.35
5,0,0,0.4909143198819422,0.009085680118057804,0.5172074473020012,0.531496062992126,1.0175752773341749,0.18347653953742216,1.9194882915339306,0.2320978287922943,0.004671542946992265,0.18686615802096246,1.008148651409462,0.18699089585716527,0.4014054817593168,1.6847838235945694,0.35,0.18,0.15824599410338872,0.48324599410338875,target_scale_0.35,20460721,linear_isotropic,0.35
6,1,1,0.5067563826083886,0.006756382608388663,0.5456719838223777,0.562992125984252,0.6472173869347755,0.137323499652166,2.039368088203055,0.24937630595334942,0.004633846828523213,0.09351206356953701,0.6446895444503854,0.0605860659730952,0.42516767494492597,0.8317242872567967,0.35,0.18,0.13532297533137866,0.8103229753313788,target_scale_0.35,20460721,linear_isotropic,0.35
7,1,1,0.5665857236451473,0.06658572364514728,0.19536072871080043,0.2125984251968504,0.8330578898012068,0.18128464555656984,1.7851057345703443,0.16118435402167972,0.006210009098985685,0.211254341934341,0.8377764026634075,0.17271688450873837,0.28500603172633393,1.4362078878438138,0.35,0.18,0.14265902062618988,0.8176590206261899,target_scale_0.35,20460721,linear_isotropic,0.35
8,0,1,0.4869477924644702,0.01305220753552984,0.47707722909790784,0.5,0.9182646317526943,0.2135130246633811,2.001063308447881,0.2847771521057942,0.006053544839947937,0.1595178357383773,0.9068170248524047,0.13897727035146842,0.4703352980792027,1.3302269577871881,0.35,0.18,-0.1766747648858177,0.49832523511418236,target_scale_0.35,20460721,linear_isotropic,0.35
9,0,0,0.37703293520653525,0.12296706479346474,0.3089807548628395,0.3228346456692913,0.8147749122676715,0.11871867798038196,1.9539521569212055,0.26262498011516766,0.004290098026452321,0.13081055702729957,0.8122619850163304,0.10216242652771598,0.48175271912324297,1.1108777970903763,0.35,0.18,0.035670567011565575,0.3606705670115656,target_scale_0.35,20460721,linear_isotropic,0.35
10,1,1,0.7320063340599403,0.23200633405994037,0.40627764659009247,0.40551181102362205,0.8456113718838051,0.15597032390018675,1.966367411231244,0.16709883614271567,0.008313603865857343,0.19383025480405097,0.851180737599848,0.16290629914184404,0.37775633993160773,1.2933846781261182,0.35,0.18,0.32310575548973935,0.9981057554897395,target_scale_0.35,20460721,linear_isotropic,0.35
11,1,1,0.527460018223806,0.02746001822380597,0.2372402065502946,0.24015748031496062,0.7477609149848685,0.12876256028371427,2.3216966570028665,0.16177932546032603,0.008074673032280207,0.1664393843043459,0.7510350034895227,0.12505512958018916,0.435716787813865,1.1218840102485943,0.35,0.18,-0.0016894129436362867,0.6733105870563637,target_scale_0.35,20460721,linear_isotropic,0.35
12,0,0,0.49199704248571297,0.008002957514287057,0.3834479874606066,0.40551181102362205,1.0114785501388486,0.09928813482906648,2.0852116932342852,0.2889571292051187,0.00923747085507104,0.1011032246903244,1.0140613520594584,0.10381813098959874,0.7064338436472997,1.3222328528638934,0.35,0.18,0.15091076232716463,0.47591076232716467,target_scale_0.35,20460721,linear_isotropic,0.35
13,1,1,0.5226715589408882,0.022671558940888244,0.18163386056413677,0.18503937007874016,0.8164467245164515,0.1818637532744165,2.333437441586446,0.20441572131429894,0.003519229235117466,0.18065920447275402,0.820196547411767,0.14688803864012084,0.35070154930731484,1.2286368300088581,0.35,0.18,-0.16294311142926,0.51205688857074,target_scale_0.35,20460721,linear_isotropic,0.35
14,1,1,0.5858112179076214,0.08581121790762132,0.28821544342994676,0.2952755905511811,0.8549177268526313,0.17564803282930147,1.5289723173450516,0.17154032905637956,0.003331926951688728,0.11588224981761695,0.856084045298958,0.09646063162387011,0.6043846332558555,1.132858552179876,0.35,0.18,-0.035137217653727126,0.6398627823462729,target_scale_0.35,20460721,linear_isotropic,0.35
15,1,0,0.5119285079163218,0.011928507916321825,0.5219277289782696,0.531496062992126,0.6899399432448292,0.10912371798365647,2.036210958658269,0.19129603002997847,0.0031904251618370206,0.14136057292210846,0.6853268079507175,0.09572563851334104,0.34346671167743975,1.007239430110246,0.35,0.18,0.2052337566085098,0.5302337566085098,target_scale_0.35,20460721,linear_isotropic,0.35
16,0,0,0.49311283365476544,0.006887166345234591,0.41018408234743864,0.43700787401574803,0.9475636492237579,0.197644121137571,1.8566513015037087,0.25522637605737786,0.0034749506121027145,0.18596611255319906,0.9533704061840186,0.17352422272784238,0.4323610396955909,1.508274628227176,0.35,0.18,0.2999655510233661,0.624965551023366,target_scale_0.35,20460721,linear_isotropic,0.35
17,0,0,0.4765551603622994,0.023444839637700585,0.32888835340361744,0.35039370078740156,0.9011488344985844,0.19212079499594298,1.6945616765299476,0.200229952483076,0.00438884157545931,0.16135353532340538,0.8952536630595044,0.14924170096818767,0.4735701278505203,1.329438454268985,0.35,0.18,0.06240023561410023,0.38740023561410025,target_scale_0.35,20460721,linear_isotropic,0.35
18,0,0,0.4942236500000651,0.005776349999934917,0.47626253107646827,0.5,1.098129485925064,0.18720026742387888,2.2251253639082673,0.16968585811935288,0.004060317947438823,0.08583135571906651,1.102667252492935,0.09718367325021335,0.784835712689624,1.4016498307010419,0.35,0.18,0.022509807818558096,0.3475098078185581,target_scale_0.35,20460721,linear_isotropic,0.35
19,0,0,0.40703199190198475,0.09296800809801525,0.5337231274431193,0.562992125984252,0.7188665095345278,0.16577980750400986,2.698884885834786,0.20215011259884602,0.010624258985426984,0.2129495252837773,0.7172605854446795,0.14965052095604484,0.27681530623285355,1.164343088606443,0.35,0.18,-0.00565104348874054,0.3193489565112595,target_scale_0.35,20460721,linear_isotropic,0.35
20,0,0,0.39223223727448087,0.10776776272551915,0.3600336346521352,0.3779527559055118,0.9442275463296093,0.23472792997338873,2.4955997620263997,0.28115212187227423,0.008687362154398042,0.09798902691589303,0.9438687289505626,0.09434630404688364,0.6901635179432585,1.2074241196814766,0.35,0.18,0.25268238704866514,0.5776823870486651,target_scale_0.35,20460721,linear_isotropic,0.35
21,0,0,0.47189388557601347,0.02810611442398655,0.5230245463857195,0.531496062992126,0.9506799718525851,0.06842278134442165,2.1946907198876735,0.250509652083435,0.009735846262898785,0.10710334924541648,0.94625644071106,0.10279396713386524,0.6788356878172715,1.2678252037838043,0.35,0.18,-0.3233713156874571,0.0016286843125429273,target_scale_0.35,20460721,linear_isotropic,0.35
22,1,1,0.7905380558077015,0.29053805580770153,0.44130946201436144,0.468503937007874,0.9564722825226281,0.1609980883767117,1.8509857571927628,0.2348945305789938,0.0076325981724056835,0.1127676054342889,0.9499759895926007,0.10403441163556452,0.6475915532494082,1.251005183461894,0.35,0.18,-0.19646064680444003,0.47853935319556,target_scale_0.35,20460721,linear_isotropic,0.35
23,1,1,0.6932891064812133,0.1932891064812133,0.19003636732597695,0.2125984251968504,0.9162228341697584,0.12941321942474995,2.9174433505080275,0.23285384126492903,0.010744727135732707,0.2000224838608028,0.9233521453870343,0.16934934549337413,0.5236711172130778,1.4500510447397217,0.35,0.18,0.04974425752843729,0.7247442575284373,target_scale_0.35,20460721,linear_isotropic,0.35
24,1,1,0.8315387465930726,0.3315387465930726,0.5421006888059952,0.562992125984252,0.7410104056643201,0.1231144359424125,2.93317190154586,0.1834535151959153,0.008392023949501181,0.09891976945801635,0.7430677418941596,0.07439052887334448,0.5053086336841334,0.9395420878882025,0.35,0.18,0.13005556938467938,0.8050555693846795,target_scale_0.35,20460721,linear_isotropic,0.35
25,1,0,0.5255745759009793,0.025574575900979384,0.39801718731714963,0.40551181102362205,0.9385729628352355,0.22164128821184081,2.341562558492502,0.279027329105484,0.00860301627977519,0.15300377191299142,0.9487151323609508,0.13600942405418331,0.5901705194786878,1.3209644232718443,0.35,0.18,0.08965429586561385,0.41465429586561386,target_scale_0.35,20460721,linear_isotropic,0.35
26,0,1,0.49050838026675564,0.00949161973324435,0.2194578123481259,0.24015748031496062,1.0401737035817216,0.06949457430794151,2.163267393158285,0.24540037640543938,0.0036330894503469966,0.15318994999192478,1.0356540004362902,0.1571254415592337,0.649364939570847,1.4847934685056488,0.35,0.18,0.27673549977012046,0.9517354997701205,target_scale_0.35,20460721,linear_isotropic,0.35
27,0,0,0.4879829026153265,0.01201709738467349,0.37541321425056784,0.3779527559055118,0.7088196429088498,0.11699349529890433,2.4177496272128725,0.229542930671477,0.006836509789710021,0.11992613559928408,0.7047786658531209,0.08759668645483829,0.3901501301307521,0.9635437917606076,0.35,0.18,-0.034512148994824646,0.2904878510051754,target_scale_0.35,20460721,linear_isotropic,0.35
28,0,1,0.49425519843362564,0.005744801566374374,0.23247039011254517,0.24015748031496062,0.7624489811500589,0.06054345578212528,1.7787403664624872,0.1912213366364306,0.006513246234048599,0.19824236297751757,0.7736489176279647,0.15071129624598603,0.31626821328723437,1.2297886267432345,0.35,0.18,0.02268105505483788,0.6976810550548379,target_scale_0.35,20460721,linear_isotropic,0.35
29,1,1,0.5196239638450975,0.01962396384509751,0.3309201923150128,0.35039370078740156,0.90025297668899,0.20288423566962185,2.427975071117965,0.20120459412918545,0.008869717839299091,0.0953481513323745,0.9052044011029377,0.08261562365869247,0.7012986855330026,1.1758434539602847,0.35,0.18,-0.09098439045270809,0.5840156095472919,target_scale_0.35,20460721,linear_isotropic,0.35
30,1,0,0.5058524986178548,0.005852498617854762,0.18231669699253192,0.18503937007874016,1.0960303884296305,0.212087426038066,2.0296048288743935,0.16203386747143372,0.004061745894447951,0.20852330362403204,1.1039147068334594,0.24433501301863783,0.3998360458567715,1.7503665372257093,0.35,0.18,-7.592737473259404e-05,0.3249240726252674,target_scale_0.35,20460721,linear_isotropic,0.35
31,0,0,0.41665464688891074,0.08334535311108926,0.3424402789042996,0.35039370078740156,0.6641198678414899,0.10646119238188338,2.2883931780437106,0.16690621846934187,0.004861495910799882,0.1984718543387186,0.6671925974474796,0.13891668124472387,0.2973267622541677,1.1024257837102196,0.35,0.18,0.03267923860353793,0.35767923860353795,target_scale_0.35,20460721,linear_isotropic,0.35
32,0,0,0.39474116749650756,0.10525883250349247,0.4063057170187291,0.40551181102362205,1.0373479999886506,0.07048939121922543,1.963972495185626,0.15791819696879086,0.006619790347117072,0.1922671249663594,1.0542862817054284,0.20429015643096143,0.38522496069799994,1.6582492551480217,0.35,0.18,-0.0921894792791868,0.2328105207208132,target_scale_0.35,20460721,linear_isotropic,0.35
33,0,0,0.4893009170708335,0.010699082929166515,0.3741884787851285,0.3779527559055118,1.112424258776303,0.18041816726401277,1.7033606211186978,0.25253632598804054,0.010564663905826287,0.195106929605748,1.1135053518817066,0.2201354540059156,0.5457257657347524,1.9884472472215433,0.35,0.18,-0.0012880540180471248,0.3237119459819529,target_scale_0.35,20460721,linear_isotropic,0.35
34,0,0,0.27108096179891394,0.22891903820108606,0.3489364970027785,0.35039370078740156,0.6194120022341854,0.12415515228507192,2.7591228002693313,0.28475761819619594,0.008247632145056454,0.21263681246641325,0.6165894816771559,0.1362741599810837,0.23282385817703707,1.036625291030533,0.35,0.18,0.21450715382521787,0.5395071538252179,target_scale_0.35,20460721,linear_isotropic,0.35
35,1,1,0.5402969246567785,0.04029692465677847,0.531139494713498,0.531496062992126,1.1236815723223263,0.06098916768564775,1.5141453175800696,0.2867928846397385,0.01099951800505546,0.10963409076672828,1.1213686387816078,0.12394893900010259,0.6876078604823512,1.4677327157590294,0.35,0.18,0.16018324535666728,0.8351832453566673,target_scale_0.35,20460721,linear_isotropic,0.35
36,0,0,0.4673955108586842,0.0326044891413158,0.24093095684818144,0.2677165354330709,1.0217162573612726,0.23515655333448693,2.8032401580711896,0.17320099786316037,0.0030901233091992666,0.12430039243659263,1.0248153325589173,0.13018980015377624,0.634504984086037,1.429327570990537,0.35,0.18,-0.17915162693177603,0.14584837306822399,target_scale_0.35,20460721,linear_isotropic,0.35
37,0,1,0.47283116167238387,0.027168838327616116,0.3985355332531041,0.40551181102362205,0.6561989492420901,0.06899373716010272,2.036020181955599,0.21415265017552546,0.005795081819472577,0.16665693094557094,0.6548052502128306,0.10482634414721517,0.3641094497440859,0.9910609287767937,0.35,0.18,-0.05112139521338683,0.6238786047866132,target_scale_0.35,20460721,linear_isotropic,0.35
38,1,1,0.6871724298490749,0.18717242984907495,0.3997617168159781,0.40551181102362205,1.1024152824602438,0.1660008930816384,2.4770391791082456,0.1874481362961611,0.009728290372614527,0.10085786015956859,1.0994141799541781,0.1109089428538554,0.8134049347027555,1.4231502540414585,0.35,0.18,0.12039642481651651,0.7953964248165165,target_scale_0.35,20460721,linear_isotropic,0.35
39,1,1,0.5477882919222938,0.047788291922293884,0.2569565036551009,0.2677165354330709,0.8948343091143913,0.15492505244714364,2.018439780563592,0.2003390899693784,0.003093183943485668,0.11624369883959126,0.893635259728226,0.107666633253083,0.530831639715551,1.2000190998583755,0.35,0.18,0.22467871279876087,0.8996787127987609,target_scale_0.35,20460721,linear_isotropic,0.35
40,0,0,0.4550055536952889,0.0449944463047111,0.28184996688283226,0.2952755905511811,0.6204224017503992,0.17196744705133038,1.8952676094104794,0.23506709249420277,0.008460426984275835,0.11503372039621426,0.6173903168240255,0.07247282934664889,0.3913431244454303,0.8055597501361017,0.35,0.18,-0.04466385651966837,0.28033614348033165,target_scale_0.35,20460721,linear_isotropic,0.35
41,1,1,0.548270225064099,0.04827022506409895,0.48346413130799565,0.5,1.1026812174453435,0.20193116604564826,2.5542121349988314,0.2774917120756263,0.006324946386007493,0.11115590983231774,1.092871361154162,0.12185833462019237,0.6751319537138573,1.5145339731874092,0.35,0.18,-0.05856333926500666,0.6164366607349934,target_scale_0.35,20460721,linear_isotropic,0.35
42,1,1,0.5387125831088506,0.03871258310885065,0.43967920143520023,0.468503937007874,0.6466768694175171,0.23137955869649962,2.741887163032617,0.23524114807134797,0.0076212001095097345,0.15993215808329503,0.6397708317905164,0.1026718026167005,0.2619472867176671,0.9193968123683735,0.35,0.18,0.07144307695755572,0.7464430769575557,target_scale_0.35,20460721,linear_isotropic,0.35
43,1,0,0.5162287897596561,0.016228789759656144,0.19795691813229174,0.2125984251968504,1.0991307520499198,0.1890112516719748,2.9851728869893788,0.18668968581407827,0.009665827188482991,0.11242291152768857,1.0976507802764668,0.1256368579940074,0.7256634095026834,1.589266767796971,0.35,0.18,-0.47162104624927126,0.0,target_scale_0.35,20460721,linear_isotropic,0.35
44,0,0,0.491605604012256,0.008394395987743993,0.5184493523385201,0.531496062992126,0.9110004813504349,0.22239969675507132,1.7723458616156722,0.28286263936994177,0.004366054288999361,0.1866360663429508,0.9046843059310283,0.17128729654137795,0.39136738243951574,1.3964285948564163,0.35,0.18,0.3002381439672696,0.6252381439672696,target_scale_0.35,20460721,linear_isotropic,0.35
45,0,0,0.3611485191527536,0.13885148084724638,0.5367713636791909,0.562992125984252,0.9452682375668615,0.06604843957370649,1.8193996587273276,0.2633737375422664,0.0070857083549222865,0.14260473480475394,0.9353408427700949,0.12894575421284535,0.5004238281978313,1.3613348753145307,0.35,0.18,0.03301210528388271,0.3580121052838827,target_scale_0.35,20460721,linear_isotropic,0.35
46,1,0,0.5051811621959431,0.005181162195943068,0.4323761531699435,0.43700787401574803,0.8022602174202892,0.19686243117114852,1.8065671771203133,0.2772578724096959,0.003283071156534813,0.1528529322169485,0.8061059269720708,0.12625944654734678,0.3858761153613623,1.2448230400960552,0.35,0.18,0.07780157609597903,0.40280157609597905,target_scale_0.35,20460721,linear_isotropic,0.35
47,1,1,0.5054323506805892,0.005432350680589271,0.358996454320502,0.3779527559055118,0.8692399712987902,0.07223124333456596,2.231726189804492,0.154439893799544,0.011967317263954513,0.1498551934888258,0.8777986985562144,0.13263650389577578,0.5004699914882865,1.2793352715166937,0.35,0.18,-0.0030537470341456432,0.6719462529658544,target_scale_0.35,20460721,linear_isotropic,0.35
48,0,0,0.4666310495825863,0.0333689504174137,0.2201336044531655,0.24015748031496062,0.6437106076459832,0.10535232542000848,2.694968398935923,0.20931094644830986,0.010949247488914005,0.20847247401147173,0.6371680055855751,0.13458500698812362,0.1930364500516475,1.055400993241248,0.35,0.18,-0.04306931153846942,0.2819306884615306,target_scale_0.35,20460721,linear_isotropic,0.35
49,0,0,0.18064353943670403,0.319356460563296,0.25261735991832446,0.2677165354330709,0.6088460806198832,0.14167408826873085,2.3853617926461377,0.15911575834101518,0.003327140783676509,0.13997798048312515,0.6079748704727942,0.08580272141004369,0.2916441359919026,0.8737069516408584,0.35,0.18,-0.12596194170499897,0.19903805829500104,target_scale_0.35,20460721,linear_isotropic,0.35
50,0,0,0.4730540961149888,0.026945903885011207,0.2881267993971319,0.2952755905511811,0.8583981350311543,0.1348411479580409,2.8205261020377064,0.19832596286600174,0.006073723954704308,0.217236857414145,0.8547899542942372,0.1768433031476897,0.3952739071673362,1.4292472556909246,0.35,0.18,0.006755615997711649,0.33175561599771164,target_scale_0.35,20460721,linear_isotropic,0.35
51,0,0,0.434618971820738,0.06538102817926199,0.35842593690937175,0.3779527559055118,0.6493116689912097,0.14863148815790783,2.7457912210616064,0.16713223483831074,0.007475955665466389,0.21583751494461229,0.651658286156802,0.13865445229854903,0.22172047253093916,1.0650152686913277,0.35,0.18,-0.14547995755477333,0.17952004244522668,target_scale_0.35,20460721,linear_isotropic,0.35
52,1,0,0.5455416777838574,0.045541677783857384,0.3320638690970146,0.35039370078740156,0.8471570031587295,0.13166797926153945,1.722913388407777,0.25001583051684734,0.007419139696583383,0.16013300079584392,0.8370868598209971,0.13643035511313073,0.3779693656298123,1.211923394318593,0.35,0.18,0.062280001804492585,0.3872800018044926,target_scale_0.35,20460721,linear_isotropic,0.35
53,0,0,0.49317126380106313,0.006828736198936862,0.36814668881445206,0.3779527559055118,0.6482779738724231,0.187199253586169,2.042083960729983,0.16597333664855612,0.0069366005552101645,0.20263789620086228,0.6517427440167486,0.12493799675457652,0.2623901307692878,1.0050414870684596,0.35,0.18,-0.001951119721892507,0.3230488802781075,target_scale_0.35,20460721,linear_isotropic,0.35
54,1,1,0.5198312698293277,0.019831269829327654,0.21662333408519907,0.24015748031496062,0.9033055076074519,0.1536152388164147,2.9677011158404722,0.1541758829860326,0.006738672645409413,0.11491207222860278,0.9056483316980949,0.10158774839355754,0.6103027406671437,1.2398782978193434,0.35,0.18,-0.20823013273787405,0.466769867262126,target_scale_0.35,20460721,linear_isotropic,0.35
55,1,0,0.5059124479018637,0.005912447901863761,0.5292857029412525,0.531496062992126,0.7768725481103809,0.2220417185820486,2.4809690690866946,0.2983618758641655,0.011270814828811985,0.18938380753436057,0.7717375812822403,0.14437479467817885,0.37108206757827045,1.1546785892815956,0.35,0.18,-0.3722074019810053,0.0,target_scale_0.35,20460721,linear_isotropic,0.35
56,1,1,0.7422600654279448,0.2422600654279447,0.22386107385350423,0.24015748031496062,0.8909348614723329,0.1594891188724485,1.722383945192885,0.2920485474932928,0.00791911988101238,0.09430892469225484,0.8894884432444858,0.08381952841216755,0.6503298718568394,1.113881600235538,0.35,0.18,0.033588791789373414,0.7085887917893735,target_scale_0.35,20460721,linear_isotropic,0.35
57,0,1,0.48851109114791336,0.011488908852086616,0.21369471369418758,0.24015748031496062,0.6119328283335802,0.1832572317141233,2.9381974218080087,0.276283930422681,0.010178973535134788,0.21899395475163752,0.6157103318765985,0.13623143606452726,0.23136297020362337,1.1427411139073167,0.35,0.18,0.03752630777746005,0.7125263077774601,target_scale_0.35,20460721,linear_isotropic,0.35
58,0,0,0.48969222855236777,0.01030777144763224,0.3132330998705364,0.3228346456692913,0.9874690725002705,0.06009141948056032,2.821292823561539,0.24535886818305808,0.00914516443407785,0.1926161951325705,0.985557028405989,0.1941455559659081,0.48673791289232243,1.625930382186997,0.35,0.18,-0.1776198128206406,0.1473801871793594,target_scale_0.35,20460721,linear_isotropic,0.35
59,0,0,0.45421718596155897,0.04578281403844105,0.3674683601279458,0.3779527559055118,0.994910716118265,0.15197117808984173,2.54329763977097,0.19766817371603895,0.007248063121451831,0.1255480852064221,0.9917873646735675,0.1270412042784464,0.5881151513902384,1.3460707091137454,0.35,0.18,-0.04862343684084853,0.2763765631591515,target_scale_0.35,20460721,linear_isotropic,0.35
60,0,1,0.4809185024257938,0.019081497574206203,0.31184892437885314,0.3228346456692913,0.7827249725801134,0.06888518141942715,1.809066501682688,0.16042899467263325,0.007624512528223929,0.1763158436880241,0.7886686618997035,0.133944429211231,0.3680994052531132,1.1662160154210064,0.35,0.18,-0.04662192035210939,0.6283780796478906,target_scale_0.35,20460721,linear_isotropic,0.35
61,0,1,0.40831280934461484,0.09168719065538518,0.5438685688128085,0.562992125984252,1.0507451379884987,0.12001334923570484,2.2248973334121445,0.21344461792569006,0.006807480109460905,0.12888154377053934,1.0543840440324017,0.14308544305260182,0.590820027775315,1.4957500986817966,0.35,0.18,0.033435604437670643,0.7084356044376707,target_scale_0.35,20460721,linear_isotropic,0.35
62,1,1,0.5644347762071924,0.06443477620719246,0.5281152297055984,0.531496062992126,0.8352056928683464,0.07974372641013633,2.4034502555080195,0.20779893076825456,0.00505260843003629,0.124509589777295,0.8317506842508536,0.10103625012934074,0.49733310119581625,1.1436098125740979,0.35,0.18,0.10369340815577711,0.7786934081557771,target_scale_0.35,20460721,linear_isotropic,0.35
63,0,1,0.4728907908357427,0.027109209164257273,0.5057785918326422,0.531496062992126,1.0007153706731033,0.08611662153130603,2.0637709548548644,0.19740702595431966,0.006233918704002178,0.1623032449526643,0.999639801061615,0.15989023033008018,0.42871231863432385,1.5365689292942504,0.35,0.18,-0.28051686563627815,0.3944831343637219,target_scale_0.35,20460721,linear_isotropic,0.35
64,1,0,0.5103395302952671,0.010339530295267081,0.46723892171456516,0.468503937007874,0.820405823478635,0.2263116970439078,2.7754926742718244,0.19564213899653832,0.005516960899046925,0.1457827886462844,0.8274151973839486,0.11723728660192197,0.4262936950945718,1.2666073843350576,0.35,0.18,-0.09452988227984674,0.23047011772015327,target_scale_0.35,20460721,linear_isotropic,0.35
65,1,1,0.5446515810961244,0.044651581096124486,0.2784205861216383,0.2952755905511811,0.7795357277610115,0.06537502073127206,1.8897601653811473,0.2253839493791309,0.004918731795791343,0.10273817551106582,0.7780373303843806,0.07424690905774353,0.5462918398376934,1.0549999681108972,0.35,0.18,0.22660602670127392,0.901606026701274,target_scale_0.35,20460721,linear_isotropic,0.35
66,1,1,0.5131803613308554,0.013180361330855431,0.2861504141230713,0.2952755905511811,0.6299563573534568,0.07366907362810433,1.6791495247325208,0.2094628680121387,0.007158881403081405,0.14555442166628163,0.6389379956533602,0.08881798274718962,0.31758993201828867,0.9015507921841547,0.35,0.18,0.10804153131876947,0.7830415313187695,target_scale_0.35,20460721,linear_isotropic,0.35
67,0,1,0.4850025373769351,0.014997462623064896,0.21333083097198804,0.24015748031496062,1.017820195035167,0.10896908887762283,2.33769482436137,0.20778298014534657,0.00742869072955033,0.20736831413488122,1.0166289588542576,0.21336936460119624,0.4157540209388931,1.634106700216969,0.35,0.18,0.022927848323476788,0.6979278483234769,target_scale_0.35,20460721,linear_isotropic,0.35
68,0,0,0.48446453540670636,0.015535464593293654,0.4894334604123502,0.5,1.119641982570331,0.10766740125598312,2.8442857688877634,0.24971965122097756,0.010294507687545442,0.10491720973731562,1.1240618517935947,0.12688589597446856,0.7479169129657504,1.5642561725531352,0.35,0.18,0.314926348895657,0.639926348895657,target_scale_0.35,20460721,linear_isotropic,0.35
69,0,0,0.24212224254530407,0.25787775745469593,0.37023935159712584,0.3779527559055118,1.109280888147119,0.17338194411619676,2.030197609123697,0.15906007065056701,0.005724071042611557,0.0839225039968495,1.1079225201655445,0.09204036850341667,0.846459315365056,1.39615792196148,0.35,0.18,0.044451043921767464,0.3694510439217675,target_scale_0.35,20460721,linear_isotropic,0.35
70,0,0,0.37285610447036444,0.1271438955296356,0.5349478844599023,0.562992125984252,1.112596028980997,0.11972968907297857,1.6278595767864936,0.22859192686386975,0.00936253867809703,0.17001691850050207,1.1039157366991883,0.18920783965321344,0.5586582345644813,1.7647347206497206,0.35,0.18,-0.0393018931648619,0.28569810683513813,target_scale_0.35,20460721,linear_isotropic,0.35
71,0,0,0.4341946971636055,0.06580530283639453,0.36501821255064293,0.3779527559055118,0.664899743041114,0.17570990090134325,2.937553853405575,0.2580808219973577,0.005043576166304564,0.1995455654644286,0.6594186246279193,0.13567894338451145,0.21930919062781956,1.0204316989784366,0.35,0.18,0.1128640101345789,0.43786401013457893,target_scale_0.35,20460721,linear_isotropic,0.35
72,1,0,0.5092393978202714,0.009239397820271363,0.22575240639179767,0.24015748031496062,1.019112923598043,0.14032798832946108,2.2881395360424177,0.15051887806355496,0.004276451501265965,0.1344629603102289,1.015926242725476,0.14255713786904164,0.6111041246236417,1.4407035414720002,0.35,0.18,-0.33594160889578933,0.0,target_scale_0.35,20460721,linear_isotropic,0.35
73,1,1,0.6406648737948426,0.14066487379484266,0.5095861945333107,0.531496062992126,1.1090528998919158,0.1977348401318814,2.999843287830453,0.18556880898502295,0.006782609288820059,0.18845101042290072,1.1013492602767603,0.217685604280235,0.4607968072201828,1.6973622433416293,0.35,0.18,0.023487718201314466,0.6984877182013145,target_scale_0.35,20460721,linear_isotropic,0.35
74,1,1,0.5964622556435284,0.09646225564352844,0.2238495661846739,0.24015748031496062,0.7787931537030287,0.07196823392392274,2.4957365675498964,0.23194270518106275,0.010102198049684746,0.2044109495534993,0.7752282814971982,0.15845074349434132,0.36213401155298813,1.2198858793034262,0.35,0.18,0.19470427240654845,0.8697042724065485,target_scale_0.35,20460721,linear_isotropic,0.35
75,0,0,0.48226502527277704,0.017734974727222953,0.4642941846281892,0.468503937007874,0.7448502737701638,0.0681756542831413,2.9003313487097033,0.2631761368230784,0.009479377805836329,0.0803348151846296,0.7458455636940321,0.05634126960876099,0.55212743068018,0.9313101119649053,0.35,0.18,0.16658401846624324,0.4915840184662432,target_scale_0.35,20460721,linear_isotropic,0.35
76,1,1,0.6805132053257286,0.18051320532572862,0.40964351981761815,0.43700787401574803,1.144825268262116,0.10860587580255812,2.9051499252066795,0.2680489957585868,0.004078204767732088,0.2170007649264158,1.127588966734701,0.2572707416513564,0.286206317065529,1.9035348807281136,0.35,0.18,0.13949778960014025,0.8144977896001403,target_scale_0.35,20460721,linear_isotropic,0.35
77,0,0,0.4274121855620971,0.07258781443790291,0.34534876642757706,0.35039370078740156,0.6505805752953354,0.14098452547525286,2.7057765293422458,0.15795885651195626,0.0065627634342153435,0.19429398400600817,0.6594040259296556,0.1294619427906192,0.26294376363036126,1.0104436620033657,0.35,0.18,0.35096530578782414,0.6759653057878241,target_scale_0.35,20460721,linear_isotropic,0.35
78,1,1,0.6906346607447917,0.19063466074479168,0.19520198723439788,0.2125984251968504,1.0732073923294327,0.15311463314485912,2.869832490742171,0.1790999521416552,0.011765298217310403,0.18756768584337508,1.0762710914550602,0.19590708880575552,0.5025274158557926,1.673804495605231,0.35,0.18,0.04436490507068244,0.7193649050706825,target_scale_0.35,20460721,linear_isotropic,0.35
79,0,0,0.49184760750780904,0.00815239249219095,0.40643842078679293,0.43700787401574803,0.869198695404042,0.18730352211274925,2.718635107608975,0.20962338028152555,0.003626840178152333,0.09228846740091934,0.8753295296458852,0.08127279268228842,0.6230201619041755,1.209042004037331,0.35,0.18,-0.3439257079457609,0.0,target_scale_0.35,20460721,linear_isotropic,0.35
80,1,1,0.5107859669029242,0.010785966902924238,0.2436028666175959,0.2677165354330709,1.0935928259612029,0.14440353865290517,2.7466039299761293,0.26495644325077927,0.009760013544578592,0.18232342495004733,1.0944479144396344,0.20794811660592238,0.5163220692466339,1.7614320546560605,0.35,0.18,0.08419760807392784,0.7591976080739279,target_scale_0.35,20460721,linear_isotropic,0.35
81,1,0,0.5501497982296717,0.050149798229671645,0.3384624902175656,0.35039370078740156,0.6271467804597493,0.1844726354958427,2.1557271441333272,0.21825886063801125,0.0031095162610460317,0.1777974301180187,0.6203141688905627,0.11281170285255268,0.2781020254627231,1.0187912403601742,0.35,0.18,-0.26745896316528833,0.05754103683471168,target_scale_0.35,20460721,linear_isotropic,0.35
82,1,1,0.5100708281283113,0.010070828128311315,0.3397790636269585,0.35039370078740156,0.9033771494857983,0.06826492982376917,2.5340748018350094,0.1520078229334537,0.007013471460267059,0.13264722582020724,0.9092670687301122,0.11549833857150611,0.5831975339166773,1.3721407514265747,0.35,0.18,0.09207803920042025,0.7670780392004203,target_scale_0.35,20460721,linear_isotropic,0.35
83,1,1,0.7044503137835512,0.2044503137835511,0.37661792005995703,0.3779527559055118,1.0078671278687383,0.14762988569217816,2.248990594554078,0.2201096438783535,0.007094809346226943,0.13035854513205464,1.0213842646155773,0.1337379603343212,0.5830661712871257,1.4361567165536568,0.35,0.18,0.1315529308972814,0.8065529308972814,target_scale_0.35,20460721,linear_isotropic,0.35
84,0,0,0.47585881438113625,0.02414118561886375,0.3577381416403009,0.3779527559055118,1.0477637296595759,0.15081793917579994,1.9027452523116852,0.21108904756483263,0.007255937636234403,0.207705795369441,1.0382433996580671,0.21360798441681628,0.4220674191366507,1.649916410253371,0.35,0.18,0.0679658681999169,0.3929658681999169,target_scale_0.35,20460721,linear_isotropic,0.35
85,0,0,0.42929507044779935,0.07070492955220066,0.21785532902310076,0.24015748031496062,0.8667047368024697,0.1907763097203325,2.099324119675204,0.22922481031643022,0.004979128397142613,0.13442835306858633,0.8705284527650146,0.11793643061385174,0.48659591981212236,1.2147284814005772,0.35,0.18,-0.05852901212151858,0.26647098787848145,target_scale_0.35,20460721,linear_isotropic,0.35
86,0,0,0.44629969624041066,0.05370030375958935,0.37597694929582404,0.3779527559055118,0.7178257152007466,0.18215758995685255,1.5853377374435207,0.2988208691042056,0.006168908105030513,0.12173035037965027,0.7246457058623536,0.08633784710633872,0.46491625969729966,1.0050044747659006,0.35,0.18,0.4567794944749158,0.7817794944749158,target_scale_0.35,20460721,linear_isotropic,0.35
87,1,1,0.5132315386708619,0.013231538670861902,0.4497893027616186,0.468503937007874,0.7210373764752565,0.1958083055970467,2.3915823885259346,0.257022038163168,0.010307685532182594,0.12552595955651263,0.7247338630716692,0.09384802089139903,0.45632036186088293,0.9835616768334264,0.35,0.18,-0.08005663557516651,0.5949433644248335,target_scale_0.35,20460721,linear_isotropic,0.35
88,1,0,0.5277097501108798,0.02770975011087985,0.21070274024887525,0.2125984251968504,1.1070200142810833,0.22839205063674486,1.7576624865263704,0.2621487551566833,0.008928380500775138,0.15396347000027427,1.1033875191981402,0.16423767374667425,0.6246356209160271,1.5084552811277423,0.35,0.18,-0.08459481553012077,0.24040518446987924,target_scale_0.35,20460721,linear_isotropic,0.35
89,0,0,0.46258380247999037,0.03741619752000963,0.3963168912903489,0.40551181102362205,1.0504560706064745,0.23399691186250737,2.1813366140541763,0.2596282878741706,0.010785554892400517,0.20658737992843879,1.0615265033444172,0.21104943270763338,0.45443040872500035,1.646726654015471,0.35,0.18,0.13282904471734497,0.457829044717345,target_scale_0.35,20460721,linear_isotropic,0.35
90,1,1,0.516540895867634,0.016540895867633982,0.4165618759068883,0.43700787401574803,0.707497817463435,0.13661511376097707,2.8528424366939253,0.19668561699004453,0.009167560261367287,0.15233760291932275,0.7063041110422038,0.10321461643119181,0.394127401108067,1.052997871538419,0.35,0.18,-0.08223536309590909,0.592764636904091,target_scale_0.35,20460721,linear_isotropic,0.35
91,1,1,0.5496551354471775,0.049655135447177486,0.437676542524896,0.43700787401574803,0.9289720527509957,0.1129076716533328,2.759429523536145,0.28978192256141644,0.010596812745700956,0.18902894988280994,0.9311465478055589,0.18392239785300837,0.31098217293703745,1.360810922190271,0.35,0.18,-0.3763443743051479,0.29865562569485216,target_scale_0.35,20460721,linear_isotropic,0.35
92,1,1,0.5145740915843013,0.014574091584301294,0.42289249480805813,0.43700787401574803,0.8866053859616374,0.061044892505399385,2.4182353364587392,0.17562838875386846,0.007388415416662164,0.20509425478248294,0.8909647860409045,0.17990935665144225,0.30037811110605156,1.393313150357446,0.35,0.18,-0.21398928628171401,0.46101071371828606,target_scale_0.35,20460721,linear_isotropic,0.35
93,1,0,0.512237439851798,0.012237439851798032,0.2515729800488806,0.2677165354330709,0.6694849943901078,0.10768309570634013,2.3411746728445415,0.23062660040091787,0.006698414275154567,0.2165742748926906,0.6708459256827841,0.14880583612511314,0.2308143523393471,1.132785718347885,0.35,0.18,0.0027190665405375154,0.3277190665405375,target_scale_0.35,20460721,linear_isotropic,0.35
94,0,0,0.15178340784286204,0.34821659215713796,0.4691430440616453,0.468503937007874,0.7195823137650621,0.0782210575808142,2.3000864577469824,0.1794810630442854,0.004356084831395067,0.1070766783060923,0.7199053176526062,0.0792520359670253,0.4838656549567845,0.9819398195208808,0.35,0.18,-0.11266549961065692,0.2123345003893431,target_scale_0.35,20460721,linear_isotropic,0.35
95,1,1,0.709749275950836,0.20974927595083606,0.41646853352069363,0.43700787401574803,0.7963969417301884,0.20844194098238644,2.6353484438594488,0.26100790200381907,0.005783941004010957,0.1202617990008692,0.7929823327704159,0.09370347746527975,0.535417447061212,1.113855610328229,0.35,0.18,0.2376724954127235,0.9126724954127236,target_scale_0.35,20460721,linear_isotropic,0.35
96,1,1,0.5797797701642927,0.0797797701642927,0.2416592785881365,0.2677165354330709,1.106382378560176,0.12767017318911733,1.5458145033272772,0.16457171866510129,0.007616671954754243,0.10226555113883057,1.1044574630773227,0.1095581411054614,0.7978601113396466,1.45257061976504,0.35,0.18,-0.24306698492767936,0.4319330150723207,target_scale_0.35,20460721,linear_isotropic,0.35
97,0,1,0.481301066219743,0.018698933780257016,0.1921116113376073,0.2125984251968504,0.7626600826465618,0.2135567792961187,2.423701987314002,0.2896231534399693,0.008930300681554443,0.1759746206213169,0.7626489001251211,0.138424391201784,0.3239547545160219,1.168097904315885,0.35,0.18,0.0532468361664519,0.7282468361664519,target_scale_0.35,20460721,linear_isotropic,0.35
98,0,0,0.2321896180224033,0.2678103819775967,0.5302475173796743,0.531496062992126,0.7985559814933908,0.2156917409297458,2.754904955039924,0.25357675005492364,0.004366627467164785,0.11500102892894766,0.7922985398934826,0.08900369816487817,0.49522346547339224,1.0272684356895925,0.35,0.18,-0.0006676606199189783,0.32433233938008105,target_scale_0.35,20460721,linear_isotropic,0.35
99,1,1,0.5194646154729653,0.01946461547296532,0.21495496036758285,0.24015748031496062,0.614424975758694,0.18669260421234168,1.8230492405678869,0.2835983032598098,0.006972672911625685,0.1123516194419293,0.6179165211102707,0.06756343992863621,0.4373298409737696,0.8296893864173014,0.35,0.18,-0.24438057602447114,0.4306194239755289,target_scale_0.35,20460721,linear_isotropic,0.35
100,1,1,0.5088930472090446,0.008893047209044633,0.3563031133491531,0.3779527559055118,0.8624020717610823,0.08208840600372802,2.006402815082894,0.24101205767040593,0.005317981135477251,0.1222226295351343,0.8611423790197543,0.10815691883546293,0.5770676768175208,1.2129294502451045,0.35,0.18,0.18858465223694884,0.8635846522369489,target_scale_0.35,20460721,linear_isotropic,0.35
101,0,0,0.34252741006343124,0.15747258993656876,0.37527745091058207,0.3779527559055118,0.7769585513085568,0.17119497203911957,2.4517521713190766,0.1766501122549767,0.011648482588421012,0.0885970465344101,0.7801678215351735,0.07067279956200877,0.5915921412791255,0.9773529952315332,0.35,0.18,0.15461560771767707,0.4796156077176771,target_scale_0.35,20460721,linear_isotropic,0.35
102,0,0,0.4292209123609981,0.07077908763900193,0.3781934010863952,0.3779527559055118,0.8185052294735,0.09035213334177576,1.836621061873023,0.18946821596307878,0.004455521047468964,0.1276923451493736,0.813741239988259,0.10340005134149048,0.4956615306555171,1.097104699309968,0.35,0.18,0.15418143375561305,0.47918143375561306,target_scale_0.35,20460721,linear_isotropic,0.35
103,0,0,0.309345576176707,0.19065442382329298,0.18755854289904572,0.2125984251968504,0.8952840013115814,0.2336047861137277,2.3870897622520677,0.28108981529257104,0.01006967468919885,0.16404477381131366,0.8912321882269887,0.14481089631104233,0.4267374818952639,1.2600445930629942,0.35,0.18,-0.1529430123161509,0.1720569876838491,target_scale_0.35,20460721,linear_isotropic,0.35
104,0,1,0.48355565217465407,0.01644434782534593,0.3785778183303045,0.3779527559055118,0.6006018344819012,0.19025531380604643,1.7616295205552779,0.2777266279726642,0.005445352971983704,0.19205112043062483,0.5967850440502097,0.11810232741312925,0.25788911793894215,0.9125244238574387,0.35,0.18,-0.015121252602806261,0.6598787473971938,target_scale_0.35,20460721,linear_isotropic,0.35
105,1,1,0.5464282181181621,0.046428218118162064,0.49075843639220024,0.5,0.9792186019016993,0.2166562105215762,2.5499379332357,0.23038547868139958,0.0037597755888620727,0.1885110840152155,0.9848565808828795,0.189934324517433,0.3669731853351244,1.5295221837961601,0.35,0.18,-0.038006877633621906,0.6369931223663782,target_scale_0.35,20460721,linear_isotropic,0.35
106,0,0,0.44426760158380085,0.05573239841619916,0.4259945451226085,0.43700787401574803,0.7048661273161156,0.06302469622969176,1.7637501915844447,0.17040877561043144,0.006811712406526429,0.13260025164243394,0.7088581379724345,0.09523169592462108,0.44914814176099443,0.9686945299424944,0.35,0.18,0.2007682089853106,0.5257682089853106,target_scale_0.35,20460721,linear_isotropic,0.35
107,0,0,0.21538169791862405,0.28461830208137595,0.435652055714343,0.43700787401574803,1.0121431561736474,0.2295245433664351,2.791423258854772,0.15739498517076567,0.005374367388419159,0.08443767053143182,1.0071020535698734,0.08561731733613691,0.7561916517459207,1.2180438946719852,0.35,0.18,0.0792434274263237,0.4042434274263237,target_scale_0.35,20460721,linear_isotropic,0.35
108,1,1,0.5258538102941326,0.02585381029413263,0.42675368805910474,0.43700787401574803,0.8211160800896738,0.1916335629087376,2.856612345226437,0.24391803428537878,0.0094888225194369,0.101410355325656,0.8229147290172014,0.08356491483417511,0.605988243572453,1.086682116279671,0.35,0.18,-0.13444891940168552,0.5405510805983145,target_scale_0.35,20460721,linear_isotropic,0.35
109,0,0,0.471167528912697,0.028832471087303028,0.2508125565064439,0.2677165354330709,1.0804472347528737,0.09103891847913784,2.636346853731236,0.15391243731843782,0.0039213392129225245,0.11911838589595951,1.0842330929030244,0.1254705717837085,0.7087677775798567,1.3837945673456522,0.35,0.18,-0.18197240188358257,0.14302759811641744,target_scale_0.35,20460721,linear_isotropic,0.35
110,1,0,0.505029302064156,0.005029302064156001,0.47908194364966755,0.5,0.6973828350531074,0.16709565841354082,1.582251525837918,0.2228140930038408,0.006258620105278909,0.16488141331987416,0.700795133647183,0.11241406118523771,0.31635815584943067,1.0089871787555087,0.35,0.18,-0.1660109855175458,0.1589890144824542,target_scale_0.35,20460721,linear_isotropic,0.35
111,1,1,0.505063413616748,0.0050634136167479644,0.2943498909384621,0.2952755905511811,0.8788488423498431,0.12411891648342645,2.689568757474594,0.1799155580737999,0.008652868379257366,0.11125322425308967,0.8765585472913227,0.09144265038288749,0.5630917435764164,1.1341645374358242,0.35,0.18,-0.2045247214854494,0.4704752785145506,target_scale_0.35,20460721,linear_isotropic,0.35
112,1,1,0.727153726279759,0.22715372627975902,0.5338550656288501,0.562992125984252,1.002925869685106,0.08256164173425787,2.2992163781745023,0.2527178682373632,0.011210238329054819,0.20940068439495346,1.0204389650112975,0.21762277754418552,0.2626232572715906,1.663779379053621,0.35,0.18,0.08165584665640754,0.7566558466564076,target_scale_0.35,20460721,linear_isotropic,0.35
113,1,1,0.5120866725960095,0.012086672596009438,0.3181842794384847,0.3228346456692913,0.7441763319638076,0.17957366635128777,2.508073862646306,0.24377452609595426,0.010095781124868374,0.10615029244622351,0.7394323510816583,0.07954708157768822,0.4956269193352915,1.0599786423420816,0.35,0.18,-0.41264154929108493,0.2623584507089151,target_scale_0.35,20460721,linear_isotropic,0.35
114,0,0,0.4185304895716292,0.08146951042837082,0.26921767064890867,0.2952755905511811,0.793657789473809,0.06748775974938363,1.7041288535019794,0.2296062107628607,0.010231427152826367,0.1830167437735336,0.7902649161439007,0.14306026426512503,0.33042747243929793,1.2191680389314692,0.35,0.18,-0.09478218299094462,0.2302178170090554,target_scale_0.35,20460721,linear_isotropic,0.35
115,1,1,0.5271059279407535,0.027105927940753456,0.4260960143880499,0.43700787401574803,1.108623644690435,0.07774704480517755,2.176151806183568,0.2393790849451922,0.006712963898665639,0.2004353620326021,1.09283446679265,0.22368194357487994,0.3500922365201163,1.8085303476895738,0.35,0.18,0.30644080466116824,0.9814408046611682,target_scale_0.35,20460721,linear_isotropic,0.35
116,1,1,0.5136051804562854,0.013605180456285445,0.25122805881170807,0.2677165354330709,0.9058818618752972,0.23125782395132286,2.5690930581667604,0.20696651664134125,0.00945497822374795,0.08970853087569983,0.9136612557099515,0.0828491210427591,0.664352799273769,1.1323740183747584,0.35,0.18,0.11657872719018686,0.7915787271901868,target_scale_0.35,20460721,linear_isotropic,0.35
117,1,1,0.5292213681242014,0.02922136812420138,0.22043324194961936,0.24015748031496062,0.858888959140331,0.1550384735093054,1.7954735728497804,0.2801663024586296,0.006988342884508445,0.15123246528894463,0.8539022010894823,0.13258181631411906,0.49472931752785554,1.286499231311652,0.35,0.18,-0.3081348982923879,0.36686510170761216,target_scale_0.35,20460721,linear_isotropic,0.35
118,1,1,0.7708898864581113,0.27088988645811124,0.34815370633694137,0.35039370078740156,1.008341497549788,0.06752797115676033,2.4696697261657468,0.21862650253271276,0.007341428561495361,0.18719718360816773,1.0026311492761193,0.18307367138437772,0.47439227801192585,1.5146768252219458,0.35,0.18,0.0037512045302515494,0.6787512045302516,target_scale_0.35,20460721,linear_isotropic,0.35
119,1,1,0.5199479855343196,0.019947985534319694,0.5425081458059198,0.562992125984252,0.6311891987018474,0.12117283513516755,1.8556818591739876,0.2270844554105388,0.00788709952525464,0.10829602597201807,0.6341014761866053,0.06571494778945641,0.4400023392448383,0.8483285842240631,0.35,0.18,0.04038894549203339,0.7153889454920335,target_scale_0.35,20460721,linear_isotropic,0.35
120,0,0,0.3508164315441751,0.14918356845582492,0.32458319859857443,0.35039370078740156,0.9841144447953216,0.10031878631329168,1.793304621130245,0.29511980724331593,0.006551316047953454,0.18545449062267427,0.9862368228871266,0.17796802020489375,0.4387820991467782,1.5270737150080635,0.35,0.18,-0.28188758290106625,0.043112417098933764,target_scale_0.35,20460721,linear_isotropic,0.35
121,1,1,0.8104938217972775,0.31049382179727747,0.5446560080323979,0.562992125984252,0.7801841931656127,0.16451009050159443,2.0282702154025696,0.18710940856796932,0.006103516768205143,0.12185656380469354,0.7834073402467872,0.1003625050696103,0.5146858142046614,1.053843527759027,0.35,0.18,-0.22718096951974037,0.44781903048025967,target_scale_0.35,20460721,linear_isotropic,0.35
122,1,1,0.5479760683074022,0.04797606830740216,0.43539758670257683,0.43700787401574803,0.8572704296863165,0.10851735882124547,2.294896329109834,0.17981037319336796,0.008423556739753497,0.1624235600977138,0.8574817281680169,0.13763904892838633,0.5050927873990222,1.3325283608470615,0.35,0.18,-0.20581902489269954,0.4691809751073005,target_scale_0.35,20460721,linear_isotropic,0.35
123,0,1,0.47284400795609494,0.027155992043905067,0.2088087426869242,0.2125984251968504,1.0467495650407699,0.08177170550606555,1.9220456034577944,0.25262044684047485,0.004232174109566569,0.11060492835586179,1.0450580697392107,0.11584047051672569,0.6540345263161859,1.4016341018932539,0.35,0.18,0.20091858405983629,0.8759185840598364,target_scale_0.35,20460721,linear_isotropic,0.35
124,1,1,0.5620146653616631,0.06201466536166314,0.2776336207241806,0.2952755905511811,0.7270384976524744,0.18148422046452506,2.2527723733493095,0.2992409057350912,0.008117628905143334,0.19608561988063128,0.7189680425228567,0.1488719334563037,0.30523552171723123,1.1058423425021662,0.35,0.18,0.16855895314712985,0.8435589531471299,target_scale_0.35,20460721,linear_isotropic,0.35
125,0,1,0.45638973505842045,0.043610264941579525,0.47743478151804736,0.5,0.8931230625805561,0.20510685654747066,2.631859554576375,0.27370169161104485,0.004288673601862021,0.14830799839478376,0.8855967130030175,0.1319913686578017,0.4082711238429082,1.296000027634222,0.35,0.18,0.127360801309713,0.802360801309713,target_scale_0.35,20460721,linear_isotropic,0.35
126,1,1,0.5195788060339749,0.019578806033974865,0.263535273864013,0.2677165354330709,0.7070481240341474,0.1271514870375599,2.3799404963346515,0.28982179015015164,0.00808584874103358,0.10650472236275418,0.7021899567858231,0.07499748451607408,0.46780623287121725,0.9194918664750082,0.35,0.18,-0.11848244890723868,0.5565175510927614,target_scale_0.35,20460721,linear_isotropic,0.35
127,0,1,0.4679935268449242,0.03200647315507582,0.4104325540603865,0.43700787401574803,0.8456529168047142,0.1852167075955118,2.059023927644087,0.25529797639006296,0.01030706277532699,0.16320236903820953,0.8450424694926174,0.13834592094513568,0.39232164355652777,1.2732378474329165,0.35,0.18,0.029867347792496873,0.7048673477924969,target_scale_0.35,20460721,linear_isotropic,0.35
128,0,0,0.2923188654277146,0.20768113457228538,0.24505140826883065,0.2677165354330709,1.0499651430368886,0.22758775672983841,2.262531558055211,0.1839260180310135,0.008501509574292493,0.12915632975956273,1.048239645352037,0.1385496853780041,0.6470928901898347,1.4823650707101708,0.35,0.18,-0.27984944176867294,0.045150558231327076,target_scale_0.35,20460721,linear_isotropic,0.35
129,1,1,0.6755521563903703,0.17555215639037028,0.2537606231775143,0.2677165354330709,1.0050167726470043,0.08872354667931776,2.2056860494935364,0.17735536238783928,0.006077533148673202,0.08392446910384954,1.007291643036062,0.08284354307468074,0.7655299789085173,1.2400627340307528,0.35,0.18,-0.04763476251329724,0.6273652374867028,target_scale_0.35,20460721,linear_isotropic,0.35
130,0,0,0.41660215820488505,0.08339784179511493,0.33630348846909536,0.35039370078740156,0.8867357721760877,0.14569891330681586,1.9999796076503005,0.18429143083626479,0.009090268859079927,0.13180170748733439,0.8890720006106638,0.11234380934110809,0.6150199988001236,1.2238192638326093,0.35,0.18,-0.6285311788342436,0.0,target_scale_0.35,20460721,linear_isotropic,0.35
131,1,1,0.6730473019945717,0.17304730199457177,0.5084103945667916,0.531496062992126,0.8131379668122171,0.20884531440608434,2.475094398980702,0.1529633765263971,0.004021893032124797,0.14847560741371885,0.8165142945825808,0.11717046811298538,0.5131710705862126,1.121148783239471,0.35,0.18,0.1590995995646441,0.8340995995646441,target_scale_0.35,20460721,linear_isotropic,0.35
132,1,1,0.8098306782489945,0.30983067824899446,0.34566260304964147,0.35039370078740156,1.0282941553258658,0.13475070306765674,1.8263412002086312,0.2173785397373973,0.010549868840554224,0.11786632404573211,1.0217269594282112,0.11654191476076221,0.6526473642172614,1.3662495873080462,0.35,0.18,0.5245268312028896,1.0,target_scale_0.35,20460721,linear_isotropic,0.35
133,0,1,0.4686834830381644,0.03131651696183561,0.49265576793771626,0.5,0.9738026159469968,0.23209600344652698,2.8885733757399867,0.26679763385001115,0.01101640592180948,0.1685296867210708,0.9610268810843828,0.17242469267296642,0.3558837208013209,1.4133073471301718,0.35,0.18,-0.1918478512975456,0.48315214870245443,target_scale_0.35,20460721,linear_isotropic,0.35
134,0,0,0.1668052339322797,0.3331947660677203,0.4195921188461704,0.43700787401574803,0.9924583332607031,0.14257510467126017,2.353840626075238,0.17003003660708035,0.0038534397965270433,0.12460812143578612,0.9909068097100519,0.12578221238651988,0.5695648406107094,1.409833370732822,0.35,0.18,0.19824835904432458,0.5232483590443247,target_scale_0.35,20460721,linear_isotropic,0.35
135,0,0,0.49094365093077325,0.009056349069226774,0.37772716492583924,0.3779527559055118,1.1029859605205696,0.18107839874753928,2.206092977794132,0.21194617484380843,0.006077339938084947,0.09766212930197125,1.100917282106633,0.11164786524441656,0.7529043725516876,1.4242862819188093,0.35,0.18,0.18639196637024943,0.5113919663702494,target_scale_0.35,20460721,linear_isotropic,0.35
136,0,0,0.35763706008943436,0.14236293991056564,0.26126231523476595,0.2677165354330709,0.6053005808607421,0.197122170387853,2.017538351169552,0.23321813873244113,0.006222331884587465,0.21565932531782145,0.5930825108320075,0.12908478206679147,0.24698584588053082,0.9770923593556627,0.35,0.18,0.07022143004251755,0.39522143004251753,target_scale_0.35,20460721,linear_isotropic,0.35
137,1,0,0.5422525013761998,0.04225250137619986,0.22636455299417102,0.24015748031496062,0.7637851211633515,0.12213250829399638,2.0995623373045484,0.18108867117222205,0.0074482371409050644,0.14655043824496933,0.7630207526190109,0.10495799270379173,0.4324800791674832,1.0493776691757604,0.35,0.18,0.2642272620465802,0.5892272620465802,target_scale_0.35,20460721,linear_isotropic,0.35
138,1,1,0.5078774751701851,0.007877475170185156,0.21749226172330077,0.24015748031496062,0.7629829224427205,0.10267070110516249,2.0148189461878077,0.24512002111062942,0.003732300408665337,0.17631786527708188,0.7601996956629655,0.12912474742412697,0.4084664565866166,1.1500878998819366,0.35,0.18,0.3685015204362068,1.0,target_scale_0.35,20460721,linear_isotropic,0.35
139,1,1,0.7573440565011113,0.25734405650111125,0.3021125034797265,0.3228346456692913,0.8110741986581039,0.21564541059584064,2.9390124163020337,0.24924496762343085,0.005536988405958001,0.20812731394199696,0.8269892328906278,0.16355569578400242,0.2858810113312797,1.3435694537186553,0.35,0.18,-0.06491590123807243,0.6100840987619276,target_scale_0.35,20460721,linear_isotropic,0.35
140,0,0,0.48828271984630245,0.011717280153697543,0.28307373572521605,0.2952755905511811,0.8684637520635219,0.22675965264636108,1.9517097768267813,0.2601885508866087,0.007024648457071612,0.20923647372211762,0.868586353152445,0.18079402867353156,0.3317035065480187,1.3338233394949703,0.35,0.18,0.026584823376034617,0.35158482337603464,target_scale_0.35,20460721,linear_isotropic,0.35
141,0,0,0.4902191278580001,0.009780872141999887,0.337628241877852,0.35039370078740156,0.9913504136819575,0.1627116730946986,1.6905206553306016,0.17961902339403635,0.011269677335124555,0.17755669439654176,0.9892198811020098,0.1893467311369158,0.3316401639040256,1.5989530169005142,0.35,0.18,0.131482863367748,0.456482863367748,target_scale_0.35,20460721,linear_isotropic,0.35
142,0,0,0.4682356108964702,0.031764389103529786,0.49846232572720006,0.5,0.7078238815791124,0.08896361081330754,1.6017862868516655,0.2836906971967684,0.005418243283686638,0.15875772248173,0.7083871738269107,0.10740706477222922,0.4042364924326991,1.018328367321719,0.35,0.18,-0.13238141300692288,0.19261858699307713,target_scale_0.35,20460721,linear_isotropic,0.35
143,0,0,0.4791933274666705,0.020806672533329525,0.25320414351921045,0.2677165354330709,1.0433291591079241,0.21254905059621443,1.9030214890753134,0.1540037612612359,0.011690838764263647,0.21245975698543723,1.0401951647599266,0.22570544468381337,0.39334239068266985,1.7147297224434026,0.35,0.18,-0.1327385629977009,0.1922614370022991,target_scale_0.35,20460721,linear_isotropic,0.35
144,1,1,0.7143512201123122,0.21435122011231222,0.3831698066120045,0.40551181102362205,0.9551140773263314,0.22404823382858063,2.8435937961909743,0.1734866451556052,0.011964478862265978,0.08352844823203395,0.9551308026349388,0.0782124949019714,0.7214048005730442,1.1800632296032063,0.35,0.18,0.10584927128460352,0.7808492712846036,target_scale_0.35,20460721,linear_isotropic,0.35
145,0,0,0.29019763104974317,0.2098023689502568,0.29052428419529724,0.2952755905511811,0.809671156789931,0.1877111455894476,2.240992060657799,0.168274885116707,0.009236271269481384,0.15027893925935065,0.8165748275985498,0.11309007780349176,0.5255404045512001,1.152936870802055,0.35,0.18,0.28192703183178974,0.6069270318317898,target_scale_0.35,20460721,linear_isotropic,0.35
146,1,1,0.620509839746654,0.12050983974665394,0.22083360593811294,0.24015748031496062,0.8831424514716453,0.06097464874152752,2.8843192843497594,0.200418895890152,0.010876518811216818,0.15636913703380084,0.8798350210629404,0.135465766392227,0.47571612752697573,1.2728343433838072,0.35,0.18,-0.023083265278753786,0.6519167347212462,target_scale_0.35,20460721,linear_isotropic,0.35
147,1,1,0.8390167975653764,0.33901679756537634,0.5190322604515178,0.531496062992126,0.7136707245982639,0.22115460645133683,1.9971180720552186,0.21474683712067053,0.011130018623491885,0.1163226479841274,0.7147796269234022,0.08322344084891435,0.47578972616533494,1.0210484539201812,0.35,0.18,0.12559286085148733,0.8005928608514874,target_scale_0.35,20460721,linear_isotropic,0.35
148,0,0,0.3889544103899253,0.1110455896100747,0.1855557044777413,0.2125984251968504,0.8368480029614718,0.060563897300455506,1.7892576103608269,0.21212111763240812,0.01136122793201479,0.13210105828360674,0.8480840451282364,0.11022916303297348,0.5097956356550637,1.1824348726656717,0.35,0.18,-0.12281219074165294,0.20218780925834706,target_scale_0.35,20460721,linear_isotropic,0.35
149,0,1,0.48399607387653326,0.016003926123466763,0.29153118850536147,0.2952755905511811,0.6745708280356595,0.17828992967739876,2.120800483570157,0.17278606239622735,0.007267136534509357,0.11582713464047925,0.6730345078377504,0.07577641104502199,0.4663003364659683,0.9240757935585237,0.35,0.18,0.35787124531581216,1.0,target_scale_0.35,20460721,linear_isotropic,0.35
150,1,0,0.5118461508754313,0.011846150875431267,0.3867331440031303,0.40551181102362205,0.8825975077330346,0.23964065761518882,1.746876375931047,0.28392278961893824,0.0059870017863755745,0.15915758397431706,0.884911363970032,0.138778295746076,0.4833679063633594,1.3732600241478021,0.35,0.18,0.011979145129458168,0.3369791451294582,target_scale_0.35,20460721,linear_isotropic,0.35
151,1,0,0.507249863966074,0.007249863966073971,0.26285471534423926,0.2677165354330709,1.0784793154568528,0.10823268627761251,1.575842881398652,0.16460947648103016,0.00858441018460281,0.2013908349043235,1.0786860910991731,0.21418872316937201,0.4287286022083409,1.8487341157753125,0.35,0.18,-0.1382140486716437,0.18678595132835632,target_scale_0.35,20460721,linear_isotropic,0.35
152,1,1,0.679083232103056,0.17908323210305604,0.4769186615707651,0.5,1.023473670770067,0.09901965441746366,1.7562886249167562,0.21181444057352897,0.007688251633239953,0.12139052390206215,1.026412669327241,0.1255092449223538,0.5933502517674688,1.415612974413071,0.35,0.18,0.04464569060374119,0.7196456906037413,target_scale_0.35,20460721,linear_isotropic,0.35
153,0,0,0.4395315449808116,0.06046845501918842,0.43804482021249846,0.468503937007874,0.8791944747518774,0.11771620185383153,2.0061562535737956,0.2073815062948273,0.0035409936923183893,0.10411094434729658,0.8749883912616033,0.09148441454235964,0.606127539385071,1.1563125401740615,0.35,0.18,-0.09110253830131694,0.23389746169868308,target_scale_0.35,20460721,linear_isotropic,0.35
154,0,0,0.47850109065314556,0.02149890934685447,0.3344128425968971,0.35039370078740156,0.7854034123004863,0.07046261276341594,2.9997611970880937,0.1637602202962433,0.011296451668666708,0.1127530716396079,0.7850211651846963,0.0900956482044165,0.5365507313986037,1.073510900968862,0.35,0.18,-0.3173100165395024,0.007689983460497596,target_scale_0.35,20460721,linear_isotropic,0.35
155,0,0,0.48885268838206175,0.011147311617938244,0.3922622710072427,0.40551181102362205,0.7578447939303459,0.181671514526946,2.9674628484849968,0.22185303095005993,0.010535125307598064,0.1277026477782654,0.7639341910578503,0.1017819094593608,0.32598773915756657,1.035328301239066,0.35,0.18,-0.12734941510669623,0.19765058489330378,target_scale_0.35,20460721,linear_isotropic,0.35
156,1,1,0.6430352697977646,0.14303526979776465,0.4454699530433139,0.468503937007874,0.7133079017359902,0.14105221675413487,2.9073479488518386,0.17484868484852367,0.004565726167552348,0.13624673517372918,0.716129093063146,0.09886318703369561,0.42779440414159725,1.0329131175116462,0.35,0.18,-0.10442410498644004,0.57057589501356,target_scale_0.35,20460721,linear_isotropic,0.35
157,1,1,0.6710610579053764,0.1710610579053764,0.5347062800587071,0.562992125984252,0.9931563661332488,0.21576938700696036,1.6955814836599363,0.2809308598058485,0.009055284898820412,0.19418402155400066,0.9763028959793898,0.1836998486105369,0.3762249705010194,1.610284252897923,0.35,0.18,-0.011510536323248737,0.6634894636767513,target_scale_0.35,20460721,linear_isotropic,0.35
158,1,1,0.549401862564151,0.04940186256415102,0.24863794348332627,0.2677165354330709,1.1399208023138165,0.2321920235956151,2.9807357282012092,0.16304706288404533,0.01027714552326598,0.18966447370273803,1.1451981668442368,0.20042028396484782,0.4676363368470652,1.6260560037731706,0.35,0.18,-0.048859105468376594,0.6261408945316235,target_scale_0.35,20460721,linear_isotropic,0.35
159,1,1,0.5561601008152209,0.05616010081522093,0.3590311325841168,0.3779527559055118,0.9593828966441671,0.10971191674787778,2.0458109126367265,0.24853743945604428,0.006171367127189372,0.11023798678635514,0.9584150187655216,0.10262566171975193,0.7001234342802904,1.2681059046931988,0.35,0.18,-0.17788110956650388,0.49711889043349616,target_scale_0.35,20460721,linear_isotropic,0.35
0,0,0,0.420097211380312,0.07990278861968801,0.254429546864293,0.2677165354330709,0.8708221065361068,0.16104784841849007,1.696429702914133,0.29656047510140715,0.011765347593060457,0.1587008605962413,0.8686865983606542,0.14040905050691038,0.4528681391372107,1.3555393824496544,0.15,0.18,-0.47613794000043075,0.0,target_scale_0.15,20460721,linear_isotropic,0.15
1,1,1,0.5802011670514297,0.0802011670514297,0.5437283814209376,0.562992125984252,1.0298255182819993,0.2150608034399276,2.648390304701869,0.22239560577067546,0.011836151853664378,0.10569520496447868,1.0365218226606938,0.10432456240164932,0.7461495737554094,1.368196143197399,0.15,0.18,0.1685537285964455,0.7435537285964454,target_scale_0.15,20460721,linear_isotropic,0.15
2,0,0,0.46557828187278555,0.03442171812721446,0.18875153680340245,0.2125984251968504,0.702597946420065,0.14647872163889059,1.9555335644307044,0.244922780377674,0.0038136773551208244,0.14297753494907722,0.7017192376365834,0.09939204315277776,0.3715725784631261,1.0107379206639515,0.15,0.18,-0.2301154684399671,0.19488453156003288,target_scale_0.15,20460721,linear_isotropic,0.15
3,0,0,0.44815598126292494,0.051844018737075066,0.26947942580823697,0.2952755905511811,0.8861166429804754,0.11180678011832942,2.1999571596647085,0.17202872816662315,0.00892205681198349,0.1394538228399287,0.8872327202454539,0.11886156548895849,0.5234934651236686,1.2347507362433248,0.15,0.18,0.14050688865368233,0.5655068886536823,target_scale_0.15,20460721,linear_isotropic,0.15
4,0,0,0.4493843431497495,0.0506156568502505,0.48499694792325393,0.5,0.9917698914689249,0.09791381007926382,1.8753191048261506,0.19027039859934852,0.00931133091626295,0.1930397650162698,0.9818472397285994,0.19376517789423706,0.2846239254459451,1.6825237797362895,0.15,0.18,-0.01961829001738873,0.40538170998261125,target_scale_0.15,20460721,linear_isotropic,0.15
5,0,0,0.4909143198819422,0.009085680118057804,0.5172074473020012,0.531496062992126,1.0175752773341749,0.18347653953742216,1.9194882915339306,0.2320978287922943,0.004671542946992265,0.18686615802096246,1.008148651409462,0.18699089585716527,0.4014054817593168,1.6847838235945694,0.15,0.18,0.15824599410338872,0.5832459941033887,target_scale_0.15,20460721,linear_isotropic,0.15
6,1,1,0.5067563826083886,0.006756382608388663,0.5456719838223777,0.562992125984252,0.6472173869347755,0.137323499652166,2.039368088203055,0.24937630595334942,0.004633846828523213,0.09351206356953701,0.6446895444503854,0.0605860659730952,0.42516767494492597,0.8317242872567967,0.15,0.18,0.13532297533137866,0.7103229753313787,target_scale_0.15,20460721,linear_isotropic,0.15
7,1,1,0.5665857236451473,0.06658572364514728,0.19536072871080043,0.2125984251968504,0.8330578898012068,0.18128464555656984,1.7851057345703443,0.16118435402167972,0.006210009098985685,0.211254341934341,0.8377764026634075,0.17271688450873837,0.28500603172633393,1.4362078878438138,0.15,0.18,0.14265902062618988,0.7176590206261898,target_scale_0.15,20460721,linear_isotropic,0.15
8,0,1,0.4869477924644702,0.01305220753552984,0.47707722909790784,0.5,0.9182646317526943,0.2135130246633811,2.001063308447881,0.2847771521057942,0.006053544839947937,0.1595178357383773,0.9068170248524047,0.13897727035146842,0.4703352980792027,1.3302269577871881,0.15,0.18,-0.1766747648858177,0.3983252351141823,target_scale_0.15,20460721,linear_isotropic,0.15
9,0,0,0.37703293520653525,0.12296706479346474,0.3089807548628395,0.3228346456692913,0.8147749122676715,0.11871867798038196,1.9539521569212055,0.26262498011516766,0.004290098026452321,0.13081055702729957,0.8122619850163304,0.10216242652771598,0.48175271912324297,1.1108777970903763,0.15,0.18,0.035670567011565575,0.46067056701156556,target_scale_0.15,20460721,linear_isotropic,0.15
10,1,1,0.7320063340599403,0.23200633405994037,0.40627764659009247,0.40551181102362205,0.8456113718838051,0.15597032390018675,1.966367411231244,0.16709883614271567,0.008313603865857343,0.19383025480405097,0.851180737599848,0.16290629914184404,0.37775633993160773,1.2933846781261182,0.15,0.18,0.32310575548973935,0.8981057554897394,target_scale_0.15,20460721,linear_isotropic,0.15
11,1,1,0.527460018223806,0.02746001822380597,0.2372402065502946,0.24015748031496062,0.7477609149848685,0.12876256028371427,2.3216966570028665,0.16177932546032603,0.008074673032280207,0.1664393843043459,0.7510350034895227,0.12505512958018916,0.435716787813865,1.1218840102485943,0.15,0.18,-0.0016894129436362867,0.5733105870563636,target_scale_0.15,20460721,linear_isotropic,0.15
12,0,0,0.49199704248571297,0.008002957514287057,0.3834479874606066,0.40551181102362205,1.0114785501388486,0.09928813482906648,2.0852116932342852,0.2889571292051187,0.00923747085507104,0.1011032246903244,1.0140613520594584,0.10381813098959874,0.7064338436472997,1.3222328528638934,0.15,0.18,0.15091076232716463,0.5759107623271646,target_scale_0.15,20460721,linear_isotropic,0.15
13,1,1,0.5226715589408882,0.022671558940888244,0.18163386056413677,0.18503937007874016,0.8164467245164515,0.1818637532744165,2.333437441586446,0.20441572131429894,0.003519229235117466,0.18065920447275402,0.820196547411767,0.14688803864012084,0.35070154930731484,1.2286368300088581,0.15,0.18,-0.16294311142926,0.41205688857073997,target_scale_0.15,20460721,linear_isotropic,0.15
14,1,1,0.5858112179076214,0.08581121790762132,0.28821544342994676,0.2952755905511811,0.8549177268526313,0.17564803282930147,1.5289723173450516,0.17154032905637956,0.003331926951688728,0.11588224981761695,0.856084045298958,0.09646063162387011,0.6043846332558555,1.132858552179876,0.15,0.18,-0.035137217653727126,0.5398627823462728,target_scale_0.15,20460721,linear_isotropic,0.15
15,1,0,0.5119285079163218,0.011928507916321825,0.5219277289782696,0.531496062992126,0.6899399432448292,0.10912371798365647,2.036210958658269,0.19129603002997847,0.0031904251618370206,0.14136057292210846,0.6853268079507175,0.09572563851334104,0.34346671167743975,1.007239430110246,0.15,0.18,0.2052337566085098,0.6302337566085098,target_scale_0.15,20460721,linear_isotropic,0.15
16,0,0,0.49311283365476544,0.006887166345234591,0.41018408234743864,0.43700787401574803,0.9475636492237579,0.197644121137571,1.8566513015037087,0.25522637605737786,0.0034749506121027145,0.18596611255319906,0.9533704061840186,0.17352422272784238,0.4323610396955909,1.508274628227176,0.15,0.18,0.2999655510233661,0.7249655510233661,target_scale_0.15,20460721,linear_isotropic,0.15
17,0,0,0.4765551603622994,0.023444839637700585,0.32888835340361744,0.35039370078740156,0.9011488344985844,0.19212079499594298,1.6945616765299476,0.200229952483076,0.00438884157545931,0.16135353532340538,0.8952536630595044,0.14924170096818767,0.4735701278505203,1.329438454268985,0.15,0.18,0.06240023561410023,0.48740023561410023,target_scale_0.15,20460721,linear_isotropic,0.15
18,0,0,0.4942236500000651,0.005776349999934917,0.47626253107646827,0.5,1.098129485925064,0.18720026742387888,2.2251253639082673,0.16968585811935288,0.004060317947438823,0.08583135571906651,1.102667252492935,0.09718367325021335,0.784835712689624,1.4016498307010419,0.15,0.18,0.022509807818558096,0.4475098078185581,target_scale_0.15,20460721,linear_isotropic,0.15
19,0,0,0.40703199190198475,0.09296800809801525,0.5337231274431193,0.562992125984252,0.7188665095345278,0.16577980750400986,2.698884885834786,0.20215011259884602,0.010624258985426984,0.2129495252837773,0.7172605854446795,0.14965052095604484,0.27681530623285355,1.164343088606443,0.15,0.18,-0.00565104348874054,0.4193489565112595,target_scale_0.15,20460721,linear_isotropic,0.15
20,0,0,0.39223223727448087,0.10776776272551915,0.3600336346521352,0.3779527559055118,0.9442275463296093,0.23472792997338873,2.4955997620263997,0.28115212187227423,0.008687362154398042,0.09798902691589303,0.9438687289505626,0.09434630404688364,0.6901635179432585,1.2074241196814766,0.15,0.18,0.25268238704866514,0.6776823870486651,target_scale_0.15,20460721,linear_isotropic,0.15
21,0,0,0.47189388557601347,0.02810611442398655,0.5230245463857195,0.531496062992126,0.9506799718525851,0.06842278134442165,2.1946907198876735,0.250509652083435,0.009735846262898785,0.10710334924541648,0.94625644071106,0.10279396713386524,0.6788356878172715,1.2678252037838043,0.15,0.18,-0.3233713156874571,0.1016286843125429,target_scale_0.15,20460721,linear_isotropic,0.15
22,1,1,0.7905380558077015,0.29053805580770153,0.44130946201436144,0.468503937007874,0.9564722825226281,0.1609980883767117,1.8509857571927628,0.2348945305789938,0.0076325981724056835,0.1127676054342889,0.9499759895926007,0.10403441163556452,0.6475915532494082,1.251005183461894,0.15,0.18,-0.19646064680444003,0.3785393531955599,target_scale_0.15,20460721,linear_isotropic,0.15
23,1,1,0.6932891064812133,0.1932891064812133,0.19003636732597695,0.2125984251968504,0.9162228341697584,0.12941321942474995,2.9174433505080275,0.23285384126492903,0.010744727135732707,0.2000224838608028,0.9233521453870343,0.16934934549337413,0.5236711172130778,1.4500510447397217,0.15,0.18,0.04974425752843729,0.6247442575284372,target_scale_0.15,20460721,linear_isotropic,0.15
24,1,1,0.8315387465930726,0.3315387465930726,0.5421006888059952,0.562992125984252,0.7410104056643201,0.1231144359424125,2.93317190154586,0.1834535151959153,0.008392023949501181,0.09891976945801635,0.7430677418941596,0.07439052887334448,0.5053086336841334,0.9395420878882025,0.15,0.18,0.13005556938467938,0.7050555693846794,target_scale_0.15,20460721,linear_isotropic,0.15
25,1,0,0.5255745759009793,0.025574575900979384,0.39801718731714963,0.40551181102362205,0.9385729628352355,0.22164128821184081,2.341562558492502,0.279027329105484,0.00860301627977519,0.15300377191299142,0.9487151323609508,0.13600942405418331,0.5901705194786878,1.3209644232718443,0.15,0.18,0.08965429586561385,0.5146542958656138,target_scale_0.15,20460721,linear_isotropic,0.15
26,0,1,0.49050838026675564,0.00949161973324435,0.2194578123481259,0.24015748031496062,1.0401737035817216,0.06949457430794151,2.163267393158285,0.24540037640543938,0.0036330894503469966,0.15318994999192478,1.0356540004362902,0.1571254415592337,0.649364939570847,1.4847934685056488,0.15,0.18,0.27673549977012046,0.8517354997701204,target_scale_0.15,20460721,linear_isotropic,0.15
27,0,0,0.4879829026153265,0.01201709738467349,0.37541321425056784,0.3779527559055118,0.7088196429088498,0.11699349529890433,2.4177496272128725,0.229542930671477,0.006836509789710021,0.11992613559928408,0.7047786658531209,0.08759668645483829,0.3901501301307521,0.9635437917606076,0.15,0.18,-0.034512148994824646,0.39048785100517536,target_scale_0.15,20460721,linear_isotropic,0.15
28,0,1,0.49425519843362564,0.005744801566374374,0.23247039011254517,0.24015748031496062,0.7624489811500589,0.06054345578212528,1.7787403664624872,0.1912213366364306,0.006513246234048599,0.19824236297751757,0.7736489176279647,0.15071129624598603,0.31626821328723437,1.2297886267432345,0.15,0.18,0.02268105505483788,0.5976810550548378,target_scale_0.15,20460721,linear_isotropic,0.15
29,1,1,0.5196239638450975,0.01962396384509751,0.3309201923150128,0.35039370078740156,0.90025297668899,0.20288423566962185,2.427975071117965,0.20120459412918545,0.008869717839299091,0.0953481513323745,0.9052044011029377,0.08261562365869247,0.7012986855330026,1.1758434539602847,0.15,0.18,-0.09098439045270809,0.48401560954729184,target_scale_0.15,20460721,linear_isotropic,0.15
30,1,0,0.5058524986178548,0.005852498617854762,0.18231669699253192,0.18503937007874016,1.0960303884296305,0.212087426038066,2.0296048288743935,0.16203386747143372,0.004061745894447951,0.20852330362403204,1.1039147068334594,0.24433501301863783,0.3998360458567715,1.7503665372257093,0.15,0.18,-7.592737473259404e-05,0.4249240726252674,target_scale_0.15,20460721,linear_isotropic,0.15
31,0,0,0.41665464688891074,0.08334535311108926,0.3424402789042996,0.35039370078740156,0.6641198678414899,0.10646119238188338,2.2883931780437106,0.16690621846934187,0.004861495910799882,0.1984718543387186,0.6671925974474796,0.13891668124472387,0.2973267622541677,1.1024257837102196,0.15,0.18,0.03267923860353793,0.45767923860353793,target_scale_0.15,20460721,linear_isotropic,0.15
32,0,0,0.39474116749650756,0.10525883250349247,0.4063057170187291,0.40551181102362205,1.0373479999886506,0.07048939121922543,1.963972495185626,0.15791819696879086,0.006619790347117072,0.1922671249663594,1.0542862817054284,0.20429015643096143,0.38522496069799994,1.6582492551480217,0.15,0.18,-0.0921894792791868,0.3328105207208132,target_scale_0.15,20460721,linear_isotropic,0.15
33,0,0,0.4893009170708335,0.010699082929166515,0.3741884787851285,0.3779527559055118,1.112424258776303,0.18041816726401277,1.7033606211186978,0.25253632598804054,0.010564663905826287,0.195106929605748,1.1135053518817066,0.2201354540059156,0.5457257657347524,1.9884472472215433,0.15,0.18,-0.0012880540180471248,0.4237119459819529,target_scale_0.15,20460721,linear_isotropic,0.15
34,0,0,0.27108096179891394,0.22891903820108606,0.3489364970027785,0.35039370078740156,0.6194120022341854,0.12415515228507192,2.7591228002693313,0.28475761819619594,0.008247632145056454,0.21263681246641325,0.6165894816771559,0.1362741599810837,0.23282385817703707,1.036625291030533,0.15,0.18,0.21450715382521787,0.6395071538252178,target_scale_0.15,20460721,linear_isotropic,0.15
35,1,1,0.5402969246567785,0.04029692465677847,0.531139494713498,0.531496062992126,1.1236815723223263,0.06098916768564775,1.5141453175800696,0.2867928846397385,0.01099951800505546,0.10963409076672828,1.1213686387816078,0.12394893900010259,0.6876078604823512,1.4677327157590294,0.15,0.18,0.16018324535666728,0.7351832453566672,target_scale_0.15,20460721,linear_isotropic,0.15
36,0,0,0.4673955108586842,0.0326044891413158,0.24093095684818144,0.2677165354330709,1.0217162573612726,0.23515655333448693,2.8032401580711896,0.17320099786316037,0.0030901233091992666,0.12430039243659263,1.0248153325589173,0.13018980015377624,0.634504984086037,1.429327570990537,0.15,0.18,-0.17915162693177603,0.24584837306822396,target_scale_0.15,20460721,linear_isotropic,0.15
37,0,1,0.47283116167238387,0.027168838327616116,0.3985355332531041,0.40551181102362205,0.6561989492420901,0.06899373716010272,2.036020181955599,0.21415265017552546,0.005795081819472577,0.16665693094557094,0.6548052502128306,0.10482634414721517,0.3641094497440859,0.9910609287767937,0.15,0.18,-0.05112139521338683,0.5238786047866131,target_scale_0.15,20460721,linear_isotropic,0.15
38,1,1,0.6871724298490749,0.18717242984907495,0.3997617168159781,0.40551181102362205,1.1024152824602438,0.1660008930816384,2.4770391791082456,0.1874481362961611,0.009728290372614527,0.10085786015956859,1.0994141799541781,0.1109089428538554,0.8134049347027555,1.4231502540414585,0.15,0.18,0.12039642481651651,0.6953964248165164,target_scale_0.15,20460721,linear_isotropic,0.15
39,1,1,0.5477882919222938,0.047788291922293884,0.2569565036551009,0.2677165354330709,0.8948343091143913,0.15492505244714364,2.018439780563592,0.2003390899693784,0.003093183943485668,0.11624369883959126,0.893635259728226,0.107666633253083,0.530831639715551,1.2000190998583755,0.15,0.18,0.22467871279876087,0.7996787127987608,target_scale_0.15,20460721,linear_isotropic,0.15
40,0,0,0.4550055536952889,0.0449944463047111,0.28184996688283226,0.2952755905511811,0.6204224017503992,0.17196744705133038,1.8952676094104794,0.23506709249420277,0.008460426984275835,0.11503372039621426,0.6173903168240255,0.07247282934664889,0.3913431244454303,0.8055597501361017,0.15,0.18,-0.04466385651966837,0.3803361434803316,target_scale_0.15,20460721,linear_isotropic,0.15
41,1,1,0.548270225064099,0.04827022506409895,0.48346413130799565,0.5,1.1026812174453435,0.20193116604564826,2.5542121349988314,0.2774917120756263,0.006324946386007493,0.11115590983231774,1.092871361154162,0.12185833462019237,0.6751319537138573,1.5145339731874092,0.15,0.18,-0.05856333926500666,0.5164366607349933,target_scale_0.15,20460721,linear_isotropic,0.15
42,1,1,0.5387125831088506,0.03871258310885065,0.43967920143520023,0.468503937007874,0.6466768694175171,0.23137955869649962,2.741887163032617,0.23524114807134797,0.0076212001095097345,0.15993215808329503,0.6397708317905164,0.1026718026167005,0.2619472867176671,0.9193968123683735,0.15,0.18,0.07144307695755572,0.6464430769575557,target_scale_0.15,20460721,linear_isotropic,0.15
43,1,0,0.5162287897596561,0.016228789759656144,0.19795691813229174,0.2125984251968504,1.0991307520499198,0.1890112516719748,2.9851728869893788,0.18668968581407827,0.009665827188482991,0.11242291152768857,1.0976507802764668,0.1256368579940074,0.7256634095026834,1.589266767796971,0.15,0.18,-0.47162104624927126,0.0,target_scale_0.15,20460721,linear_isotropic,0.15
44,0,0,0.491605604012256,0.008394395987743993,0.5184493523385201,0.531496062992126,0.9110004813504349,0.22239969675507132,1.7723458616156722,0.28286263936994177,0.004366054288999361,0.1866360663429508,0.9046843059310283,0.17128729654137795,0.39136738243951574,1.3964285948564163,0.15,0.18,0.3002381439672696,0.7252381439672696,target_scale_0.15,20460721,linear_isotropic,0.15
45,0,0,0.3611485191527536,0.13885148084724638,0.5367713636791909,0.562992125984252,0.9452682375668615,0.06604843957370649,1.8193996587273276,0.2633737375422664,0.0070857083549222865,0.14260473480475394,0.9353408427700949,0.12894575421284535,0.5004238281978313,1.3613348753145307,0.15,0.18,0.03301210528388271,0.4580121052838827,target_scale_0.15,20460721,linear_isotropic,0.15
46,1,0,0.5051811621959431,0.005181162195943068,0.4323761531699435,0.43700787401574803,0.8022602174202892,0.19686243117114852,1.8065671771203133,0.2772578724096959,0.003283071156534813,0.1528529322169485,0.8061059269720708,0.12625944654734678,0.3858761153613623,1.2448230400960552,0.15,0.18,0.07780157609597903,0.502801576095979,target_scale_0.15,20460721,linear_isotropic,0.15
47,1,1,0.5054323506805892,0.005432350680589271,0.358996454320502,0.3779527559055118,0.8692399712987902,0.07223124333456596,2.231726189804492,0.154439893799544,0.011967317263954513,0.1498551934888258,0.8777986985562144,0.13263650389577578,0.5004699914882865,1.2793352715166937,0.15,0.18,-0.0030537470341456432,0.5719462529658543,target_scale_0.15,20460721,linear_isotropic,0.15
48,0,0,0.4666310495825863,0.0333689504174137,0.2201336044531655,0.24015748031496062,0.6437106076459832,0.10535232542000848,2.694968398935923,0.20931094644830986,0.010949247488914005,0.20847247401147173,0.6371680055855751,0.13458500698812362,0.1930364500516475,1.055400993241248,0.15,0.18,-0.04306931153846942,0.38193068846153055,target_scale_0.15,20460721,linear_isotropic,0.15
49,0,0,0.18064353943670403,0.319356460563296,0.25261735991832446,0.2677165354330709,0.6088460806198832,0.14167408826873085,2.3853617926461377,0.15911575834101518,0.003327140783676509,0.13997798048312515,0.6079748704727942,0.08580272141004369,0.2916441359919026,0.8737069516408584,0.15,0.18,-0.12596194170499897,0.299038058295001,target_scale_0.15,20460721,linear_isotropic,0.15
50,0,0,0.4730540961149888,0.026945903885011207,0.2881267993971319,0.2952755905511811,0.8583981350311543,0.1348411479580409,2.8205261020377064,0.19832596286600174,0.006073723954704308,0.217236857414145,0.8547899542942372,0.1768433031476897,0.3952739071673362,1.4292472556909246,0.15,0.18,0.006755615997711649,0.4317556159977116,target_scale_0.15,20460721,linear_isotropic,0.15
51,0,0,0.434618971820738,0.06538102817926199,0.35842593690937175,0.3779527559055118,0.6493116689912097,0.14863148815790783,2.7457912210616064,0.16713223483831074,0.007475955665466389,0.21583751494461229,0.651658286156802,0.13865445229854903,0.22172047253093916,1.0650152686913277,0.15,0.18,-0.14547995755477333,0.27952004244522666,target_scale_0.15,20460721,linear_isotropic,0.15
52,1,0,0.5455416777838574,0.045541677783857384,0.3320638690970146,0.35039370078740156,0.8471570031587295,0.13166797926153945,1.722913388407777,0.25001583051684734,0.007419139696583383,0.16013300079584392,0.8370868598209971,0.13643035511313073,0.3779693656298123,1.211923394318593,0.15,0.18,0.062280001804492585,0.4872800018044926,target_scale_0.15,20460721,linear_isotropic,0.15
53,0,0,0.49317126380106313,0.006828736198936862,0.36814668881445206,0.3779527559055118,0.6482779738724231,0.187199253586169,2.042083960729983,0.16597333664855612,0.0069366005552101645,0.20263789620086228,0.6517427440167486,0.12493799675457652,0.2623901307692878,1.0050414870684596,0.15,0.18,-0.001951119721892507,0.4230488802781075,target_scale_0.15,20460721,linear_isotropic,0.15
54,1,1,0.5198312698293277,0.019831269829327654,0.21662333408519907,0.24015748031496062,0.9033055076074519,0.1536152388164147,2.9677011158404722,0.1541758829860326,0.006738672645409413,0.11491207222860278,0.9056483316980949,0.10158774839355754,0.6103027406671437,1.2398782978193434,0.15,0.18,-0.20823013273787405,0.3667698672621259,target_scale_0.15,20460721,linear_isotropic,0.15
55,1,0,0.5059124479018637,0.005912447901863761,0.5292857029412525,0.531496062992126,0.7768725481103809,0.2220417185820486,2.4809690690866946,0.2983618758641655,0.011270814828811985,0.18938380753436057,0.7717375812822403,0.14437479467817885,0.37108206757827045,1.1546785892815956,0.15,0.18,-0.3722074019810053,0.05279259801899466,target_scale_0.15,20460721,linear_isotropic,0.15
56,1,1,0.7422600654279448,0.2422600654279447,0.22386107385350423,0.24015748031496062,0.8909348614723329,0.1594891188724485,1.722383945192885,0.2920485474932928,0.00791911988101238,0.09430892469225484,0.8894884432444858,0.08381952841216755,0.6503298718568394,1.113881600235538,0.15,0.18,0.033588791789373414,0.6085887917893734,target_scale_0.15,20460721,linear_isotropic,0.15
57,0,1,0.48851109114791336,0.011488908852086616,0.21369471369418758,0.24015748031496062,0.6119328283335802,0.1832572317141233,2.9381974218080087,0.276283930422681,0.010178973535134788,0.21899395475163752,0.6157103318765985,0.13623143606452726,0.23136297020362337,1.1427411139073167,0.15,0.18,0.03752630777746005,0.61252630777746,target_scale_0.15,20460721,linear_isotropic,0.15
58,0,0,0.48969222855236777,0.01030777144763224,0.3132330998705364,0.3228346456692913,0.9874690725002705,0.06009141948056032,2.821292823561539,0.24535886818305808,0.00914516443407785,0.1926161951325705,0.985557028405989,0.1941455559659081,0.48673791289232243,1.625930382186997,0.15,0.18,-0.1776198128206406,0.2473801871793594,target_scale_0.15,20460721,linear_isotropic,0.15
59,0,0,0.45421718596155897,0.04578281403844105,0.3674683601279458,0.3779527559055118,0.994910716118265,0.15197117808984173,2.54329763977097,0.19766817371603895,0.007248063121451831,0.1255480852064221,0.9917873646735675,0.1270412042784464,0.5881151513902384,1.3460707091137454,0.15,0.18,-0.04862343684084853,0.37637656315915147,target_scale_0.15,20460721,linear_isotropic,0.15
60,0,1,0.4809185024257938,0.019081497574206203,0.31184892437885314,0.3228346456692913,0.7827249725801134,0.06888518141942715,1.809066501682688,0.16042899467263325,0.007624512528223929,0.1763158436880241,0.7886686618997035,0.133944429211231,0.3680994052531132,1.1662160154210064,0.15,0.18,-0.04662192035210939,0.5283780796478905,target_scale_0.15,20460721,linear_isotropic,0.15
61,0,1,0.40831280934461484,0.09168719065538518,0.5438685688128085,0.562992125984252,1.0507451379884987,0.12001334923570484,2.2248973334121445,0.21344461792569006,0.006807480109460905,0.12888154377053934,1.0543840440324017,0.14308544305260182,0.590820027775315,1.4957500986817966,0.15,0.18,0.033435604437670643,0.6084356044376706,target_scale_0.15,20460721,linear_isotropic,0.15
62,1,1,0.5644347762071924,0.06443477620719246,0.5281152297055984,0.531496062992126,0.8352056928683464,0.07974372641013633,2.4034502555080195,0.20779893076825456,0.00505260843003629,0.124509589777295,0.8317506842508536,0.10103625012934074,0.49733310119581625,1.1436098125740979,0.15,0.18,0.10369340815577711,0.6786934081557771,target_scale_0.15,20460721,linear_isotropic,0.15
63,0,1,0.4728907908357427,0.027109209164257273,0.5057785918326422,0.531496062992126,1.0007153706731033,0.08611662153130603,2.0637709548548644,0.19740702595431966,0.006233918704002178,0.1623032449526643,0.999639801061615,0.15989023033008018,0.42871231863432385,1.5365689292942504,0.15,0.18,-0.28051686563627815,0.2944831343637218,target_scale_0.15,20460721,linear_isotropic,0.15
64,1,0,0.5103395302952671,0.010339530295267081,0.46723892171456516,0.468503937007874,0.820405823478635,0.2263116970439078,2.7754926742718244,0.19564213899653832,0.005516960899046925,0.1457827886462844,0.8274151973839486,0.11723728660192197,0.4262936950945718,1.2666073843350576,0.15,0.18,-0.09452988227984674,0.3304701177201532,target_scale_0.15,20460721,linear_isotropic,0.15
65,1,1,0.5446515810961244,0.044651581096124486,0.2784205861216383,0.2952755905511811,0.7795357277610115,0.06537502073127206,1.8897601653811473,0.2253839493791309,0.004918731795791343,0.10273817551106582,0.7780373303843806,0.07424690905774353,0.5462918398376934,1.0549999681108972,0.15,0.18,0.22660602670127392,0.8016060267012739,target_scale_0.15,20460721,linear_isotropic,0.15
66,1,1,0.5131803613308554,0.013180361330855431,0.2861504141230713,0.2952755905511811,0.6299563573534568,0.07366907362810433,1.6791495247325208,0.2094628680121387,0.007158881403081405,0.14555442166628163,0.6389379956533602,0.08881798274718962,0.31758993201828867,0.9015507921841547,0.15,0.18,0.10804153131876947,0.6830415313187694,target_scale_0.15,20460721,linear_isotropic,0.15
67,0,1,0.4850025373769351,0.014997462623064896,0.21333083097198804,0.24015748031496062,1.017820195035167,0.10896908887762283,2.33769482436137,0.20778298014534657,0.00742869072955033,0.20736831413488122,1.0166289588542576,0.21336936460119624,0.4157540209388931,1.634106700216969,0.15,0.18,0.022927848323476788,0.5979278483234768,target_scale_0.15,20460721,linear_isotropic,0.15
68,0,0,0.48446453540670636,0.015535464593293654,0.4894334604123502,0.5,1.119641982570331,0.10766740125598312,2.8442857688877634,0.24971965122097756,0.010294507687545442,0.10491720973731562,1.1240618517935947,0.12688589597446856,0.7479169129657504,1.5642561725531352,0.15,0.18,0.314926348895657,0.739926348895657,target_scale_0.15,20460721,linear_isotropic,0.15
69,0,0,0.24212224254530407,0.25787775745469593,0.37023935159712584,0.3779527559055118,1.109280888147119,0.17338194411619676,2.030197609123697,0.15906007065056701,0.005724071042611557,0.0839225039968495,1.1079225201655445,0.09204036850341667,0.846459315365056,1.39615792196148,0.15,0.18,0.044451043921767464,0.46945104392176745,target_scale_0.15,20460721,linear_isotropic,0.15
70,0,0,0.37285610447036444,0.1271438955296356,0.5349478844599023,0.562992125984252,1.112596028980997,0.11972968907297857,1.6278595767864936,0.22859192686386975,0.00936253867809703,0.17001691850050207,1.1039157366991883,0.18920783965321344,0.5586582345644813,1.7647347206497206,0.15,0.18,-0.0393018931648619,0.3856981068351381,target_scale_0.15,20460721,linear_isotropic,0.15
71,0,0,0.4341946971636055,0.06580530283639453,0.36501821255064293,0.3779527559055118,0.664899743041114,0.17570990090134325,2.937553853405575,0.2580808219973577,0.005043576166304564,0.1995455654644286,0.6594186246279193,0.13567894338451145,0.21930919062781956,1.0204316989784366,0.15,0.18,0.1128640101345789,0.5378640101345789,target_scale_0.15,20460721,linear_isotropic,0.15
72,1,0,0.5092393978202714,0.009239397820271363,0.22575240639179767,0.24015748031496062,1.019112923598043,0.14032798832946108,2.2881395360424177,0.15051887806355496,0.004276451501265965,0.1344629603102289,1.015926242725476,0.14255713786904164,0.6111041246236417,1.4407035414720002,0.15,0.18,-0.33594160889578933,0.08905839110421065,target_scale_0.15,20460721,linear_isotropic,0.15
73,1,1,0.6406648737948426,0.14066487379484266,0.5095861945333107,0.531496062992126,1.1090528998919158,0.1977348401318814,2.999843287830453,0.18556880898502295,0.006782609288820059,0.18845101042290072,1.1013492602767603,0.217685604280235,0.4607968072201828,1.6973622433416293,0.15,0.18,0.023487718201314466,0.5984877182013144,target_scale_0.15,20460721,linear_isotropic,0.15
74,1,1,0.5964622556435284,0.09646225564352844,0.2238495661846739,0.24015748031496062,0.7787931537030287,0.07196823392392274,2.4957365675498964,0.23194270518106275,0.010102198049684746,0.2044109495534993,0.7752282814971982,0.15845074349434132,0.36213401155298813,1.2198858793034262,0.15,0.18,0.19470427240654845,0.7697042724065484,target_scale_0.15,20460721,linear_isotropic,0.15
75,0,0,0.48226502527277704,0.017734974727222953,0.4642941846281892,0.468503937007874,0.7448502737701638,0.0681756542831413,2.9003313487097033,0.2631761368230784,0.009479377805836329,0.0803348151846296,0.7458455636940321,0.05634126960876099,0.55212743068018,0.9313101119649053,0.15,0.18,0.16658401846624324,0.5915840184662432,target_scale_0.15,20460721,linear_isotropic,0.15
76,1,1,0.6805132053257286,0.18051320532572862,0.40964351981761815,0.43700787401574803,1.144825268262116,0.10860587580255812,2.9051499252066795,0.2680489957585868,0.004078204767732088,0.2170007649264158,1.127588966734701,0.2572707416513564,0.286206317065529,1.9035348807281136,0.15,0.18,0.13949778960014025,0.7144977896001402,target_scale_0.15,20460721,linear_isotropic,0.15
77,0,0,0.4274121855620971,0.07258781443790291,0.34534876642757706,0.35039370078740156,0.6505805752953354,0.14098452547525286,2.7057765293422458,0.15795885651195626,0.0065627634342153435,0.19429398400600817,0.6594040259296556,0.1294619427906192,0.26294376363036126,1.0104436620033657,0.15,0.18,0.35096530578782414,0.7759653057878242,target_scale_0.15,20460721,linear_isotropic,0.15
78,1,1,0.6906346607447917,0.19063466074479168,0.19520198723439788,0.2125984251968504,1.0732073923294327,0.15311463314485912,2.869832490742171,0.1790999521416552,0.011765298217310403,0.18756768584337508,1.0762710914550602,0.19590708880575552,0.5025274158557926,1.673804495605231,0.15,0.18,0.04436490507068244,0.6193649050706824,target_scale_0.15,20460721,linear_isotropic,0.15
79,0,0,0.49184760750780904,0.00815239249219095,0.40643842078679293,0.43700787401574803,0.869198695404042,0.18730352211274925,2.718635107608975,0.20962338028152555,0.003626840178152333,0.09228846740091934,0.8753295296458852,0.08127279268228842,0.6230201619041755,1.209042004037331,0.15,0.18,-0.3439257079457609,0.0810742920542391,target_scale_0.15,20460721,linear_isotropic,0.15
80,1,1,0.5107859669029242,0.010785966902924238,0.2436028666175959,0.2677165354330709,1.0935928259612029,0.14440353865290517,2.7466039299761293,0.26495644325077927,0.009760013544578592,0.18232342495004733,1.0944479144396344,0.20794811660592238,0.5163220692466339,1.7614320546560605,0.15,0.18,0.08419760807392784,0.6591976080739278,target_scale_0.15,20460721,linear_isotropic,0.15
81,1,0,0.5501497982296717,0.050149798229671645,0.3384624902175656,0.35039370078740156,0.6271467804597493,0.1844726354958427,2.1557271441333272,0.21825886063801125,0.0031095162610460317,0.1777974301180187,0.6203141688905627,0.11281170285255268,0.2781020254627231,1.0187912403601742,0.15,0.18,-0.26745896316528833,0.15754103683471166,target_scale_0.15,20460721,linear_isotropic,0.15
82,1,1,0.5100708281283113,0.010070828128311315,0.3397790636269585,0.35039370078740156,0.9033771494857983,0.06826492982376917,2.5340748018350094,0.1520078229334537,0.007013471460267059,0.13264722582020724,0.9092670687301122,0.11549833857150611,0.5831975339166773,1.3721407514265747,0.15,0.18,0.09207803920042025,0.6670780392004202,target_scale_0.15,20460721,linear_isotropic,0.15
83,1,1,0.7044503137835512,0.2044503137835511,0.37661792005995703,0.3779527559055118,1.0078671278687383,0.14762988569217816,2.248990594554078,0.2201096438783535,0.007094809346226943,0.13035854513205464,1.0213842646155773,0.1337379603343212,0.5830661712871257,1.4361567165536568,0.15,0.18,0.1315529308972814,0.7065529308972813,target_scale_0.15,20460721,linear_isotropic,0.15
84,0,0,0.47585881438113625,0.02414118561886375,0.3577381416403009,0.3779527559055118,1.0477637296595759,0.15081793917579994,1.9027452523116852,0.21108904756483263,0.007255937636234403,0.207705795369441,1.0382433996580671,0.21360798441681628,0.4220674191366507,1.649916410253371,0.15,0.18,0.0679658681999169,0.4929658681999169,target_scale_0.15,20460721,linear_isotropic,0.15
85,0,0,0.42929507044779935,0.07070492955220066,0.21785532902310076,0.24015748031496062,0.8667047368024697,0.1907763097203325,2.099324119675204,0.22922481031643022,0.004979128397142613,0.13442835306858633,0.8705284527650146,0.11793643061385174,0.48659591981212236,1.2147284814005772,0.15,0.18,-0.05852901212151858,0.3664709878784814,target_scale_0.15,20460721,linear_isotropic,0.15
86,0,0,0.44629969624041066,0.05370030375958935,0.37597694929582404,0.3779527559055118,0.7178257152007466,0.18215758995685255,1.5853377374435207,0.2988208691042056,0.006168908105030513,0.12173035037965027,0.7246457058623536,0.08633784710633872,0.46491625969729966,1.0050044747659006,0.15,0.18,0.4567794944749158,0.8817794944749158,target_scale_0.15,20460721,linear_isotropic,0.15
87,1,1,0.5132315386708619,0.013231538670861902,0.4497893027616186,0.468503937007874,0.7210373764752565,0.1958083055970467,2.3915823885259346,0.257022038163168,0.010307685532182594,0.12552595955651263,0.7247338630716692,0.09384802089139903,0.45632036186088293,0.9835616768334264,0.15,0.18,-0.08005663557516651,0.49494336442483344,target_scale_0.15,20460721,linear_isotropic,0.15
88,1,0,0.5277097501108798,0.02770975011087985,0.21070274024887525,0.2125984251968504,1.1070200142810833,0.22839205063674486,1.7576624865263704,0.2621487551566833,0.008928380500775138,0.15396347000027427,1.1033875191981402,0.16423767374667425,0.6246356209160271,1.5084552811277423,0.15,0.18,-0.08459481553012077,0.3404051844698792,target_scale_0.15,20460721,linear_isotropic,0.15
89,0,0,0.46258380247999037,0.03741619752000963,0.3963168912903489,0.40551181102362205,1.0504560706064745,0.23399691186250737,2.1813366140541763,0.2596282878741706,0.010785554892400517,0.20658737992843879,1.0615265033444172,0.21104943270763338,0.45443040872500035,1.646726654015471,0.15,0.18,0.13282904471734497,0.557829044717345,target_scale_0.15,20460721,linear_isotropic,0.15
90,1,1,0.516540895867634,0.016540895867633982,0.4165618759068883,0.43700787401574803,0.707497817463435,0.13661511376097707,2.8528424366939253,0.19668561699004453,0.009167560261367287,0.15233760291932275,0.7063041110422038,0.10321461643119181,0.394127401108067,1.052997871538419,0.15,0.18,-0.08223536309590909,0.4927646369040909,target_scale_0.15,20460721,linear_isotropic,0.15
91,1,1,0.5496551354471775,0.049655135447177486,0.437676542524896,0.43700787401574803,0.9289720527509957,0.1129076716533328,2.759429523536145,0.28978192256141644,0.010596812745700956,0.18902894988280994,0.9311465478055589,0.18392239785300837,0.31098217293703745,1.360810922190271,0.15,0.18,-0.3763443743051479,0.19865562569485207,target_scale_0.15,20460721,linear_isotropic,0.15
92,1,1,0.5145740915843013,0.014574091584301294,0.42289249480805813,0.43700787401574803,0.8866053859616374,0.061044892505399385,2.4182353364587392,0.17562838875386846,0.007388415416662164,0.20509425478248294,0.8909647860409045,0.17990935665144225,0.30037811110605156,1.393313150357446,0.15,0.18,-0.21398928628171401,0.36101071371828597,target_scale_0.15,20460721,linear_isotropic,0.15
93,1,0,0.512237439851798,0.012237439851798032,0.2515729800488806,0.2677165354330709,0.6694849943901078,0.10768309570634013,2.3411746728445415,0.23062660040091787,0.006698414275154567,0.2165742748926906,0.6708459256827841,0.14880583612511314,0.2308143523393471,1.132785718347885,0.15,0.18,0.0027190665405375154,0.4277190665405375,target_scale_0.15,20460721,linear_isotropic,0.15
94,0,0,0.15178340784286204,0.34821659215713796,0.4691430440616453,0.468503937007874,0.7195823137650621,0.0782210575808142,2.3000864577469824,0.1794810630442854,0.004356084831395067,0.1070766783060923,0.7199053176526062,0.0792520359670253,0.4838656549567845,0.9819398195208808,0.15,0.18,-0.11266549961065692,0.3123345003893431,target_scale_0.15,20460721,linear_isotropic,0.15
95,1,1,0.709749275950836,0.20974927595083606,0.41646853352069363,0.43700787401574803,0.7963969417301884,0.20844194098238644,2.6353484438594488,0.26100790200381907,0.005783941004010957,0.1202617990008692,0.7929823327704159,0.09370347746527975,0.535417447061212,1.113855610328229,0.15,0.18,0.2376724954127235,0.8126724954127235,target_scale_0.15,20460721,linear_isotropic,0.15
96,1,1,0.5797797701642927,0.0797797701642927,0.2416592785881365,0.2677165354330709,1.106382378560176,0.12767017318911733,1.5458145033272772,0.16457171866510129,0.007616671954754243,0.10226555113883057,1.1044574630773227,0.1095581411054614,0.7978601113396466,1.45257061976504,0.15,0.18,-0.24306698492767936,0.3319330150723206,target_scale_0.15,20460721,linear_isotropic,0.15
97,0,1,0.481301066219743,0.018698933780257016,0.1921116113376073,0.2125984251968504,0.7626600826465618,0.2135567792961187,2.423701987314002,0.2896231534399693,0.008930300681554443,0.1759746206213169,0.7626489001251211,0.138424391201784,0.3239547545160219,1.168097904315885,0.15,0.18,0.0532468361664519,0.6282468361664518,target_scale_0.15,20460721,linear_isotropic,0.15
98,0,0,0.2321896180224033,0.2678103819775967,0.5302475173796743,0.531496062992126,0.7985559814933908,0.2156917409297458,2.754904955039924,0.25357675005492364,0.004366627467164785,0.11500102892894766,0.7922985398934826,0.08900369816487817,0.49522346547339224,1.0272684356895925,0.15,0.18,-0.0006676606199189783,0.424332339380081,target_scale_0.15,20460721,linear_isotropic,0.15
99,1,1,0.5194646154729653,0.01946461547296532,0.21495496036758285,0.24015748031496062,0.614424975758694,0.18669260421234168,1.8230492405678869,0.2835983032598098,0.006972672911625685,0.1123516194419293,0.6179165211102707,0.06756343992863621,0.4373298409737696,0.8296893864173014,0.15,0.18,-0.24438057602447114,0.3306194239755288,target_scale_0.15,20460721,linear_isotropic,0.15
100,1,1,0.5088930472090446,0.008893047209044633,0.3563031133491531,0.3779527559055118,0.8624020717610823,0.08208840600372802,2.006402815082894,0.24101205767040593,0.005317981135477251,0.1222226295351343,0.8611423790197543,0.10815691883546293,0.5770676768175208,1.2129294502451045,0.15,0.18,0.18858465223694884,0.7635846522369488,target_scale_0.15,20460721,linear_isotropic,0.15
101,0,0,0.34252741006343124,0.15747258993656876,0.37527745091058207,0.3779527559055118,0.7769585513085568,0.17119497203911957,2.4517521713190766,0.1766501122549767,0.011648482588421012,0.0885970465344101,0.7801678215351735,0.07067279956200877,0.5915921412791255,0.9773529952315332,0.15,0.18,0.15461560771767707,0.5796156077176771,target_scale_0.15,20460721,linear_isotropic,0.15
102,0,0,0.4292209123609981,0.07077908763900193,0.3781934010863952,0.3779527559055118,0.8185052294735,0.09035213334177576,1.836621061873023,0.18946821596307878,0.004455521047468964,0.1276923451493736,0.813741239988259,0.10340005134149048,0.4956615306555171,1.097104699309968,0.15,0.18,0.15418143375561305,0.579181433755613,target_scale_0.15,20460721,linear_isotropic,0.15
103,0,0,0.309345576176707,0.19065442382329298,0.18755854289904572,0.2125984251968504,0.8952840013115814,0.2336047861137277,2.3870897622520677,0.28108981529257104,0.01006967468919885,0.16404477381131366,0.8912321882269887,0.14481089631104233,0.4267374818952639,1.2600445930629942,0.15,0.18,-0.1529430123161509,0.2720569876838491,target_scale_0.15,20460721,linear_isotropic,0.15
104,0,1,0.48355565217465407,0.01644434782534593,0.3785778183303045,0.3779527559055118,0.6006018344819012,0.19025531380604643,1.7616295205552779,0.2777266279726642,0.005445352971983704,0.19205112043062483,0.5967850440502097,0.11810232741312925,0.25788911793894215,0.9125244238574387,0.15,0.18,-0.015121252602806261,0.5598787473971937,target_scale_0.15,20460721,linear_isotropic,0.15
105,1,1,0.5464282181181621,0.046428218118162064,0.49075843639220024,0.5,0.9792186019016993,0.2166562105215762,2.5499379332357,0.23038547868139958,0.0037597755888620727,0.1885110840152155,0.9848565808828795,0.189934324517433,0.3669731853351244,1.5295221837961601,0.15,0.18,-0.038006877633621906,0.5369931223663781,target_scale_0.15,20460721,linear_isotropic,0.15
106,0,0,0.44426760158380085,0.05573239841619916,0.4259945451226085,0.43700787401574803,0.7048661273161156,0.06302469622969176,1.7637501915844447,0.17040877561043144,0.006811712406526429,0.13260025164243394,0.7088581379724345,0.09523169592462108,0.44914814176099443,0.9686945299424944,0.15,0.18,0.2007682089853106,0.6257682089853106,target_scale_0.15,20460721,linear_isotropic,0.15
107,0,0,0.21538169791862405,0.28461830208137595,0.435652055714343,0.43700787401574803,1.0121431561736474,0.2295245433664351,2.791423258854772,0.15739498517076567,0.005374367388419159,0.08443767053143182,1.0071020535698734,0.08561731733613691,0.7561916517459207,1.2180438946719852,0.15,0.18,0.0792434274263237,0.5042434274263237,target_scale_0.15,20460721,linear_isotropic,0.15
108,1,1,0.5258538102941326,0.02585381029413263,0.42675368805910474,0.43700787401574803,0.8211160800896738,0.1916335629087376,2.856612345226437,0.24391803428537878,0.0094888225194369,0.101410355325656,0.8229147290172014,0.08356491483417511,0.605988243572453,1.086682116279671,0.15,0.18,-0.13444891940168552,0.44055108059831444,target_scale_0.15,20460721,linear_isotropic,0.15
109,0,0,0.471167528912697,0.028832471087303028,0.2508125565064439,0.2677165354330709,1.0804472347528737,0.09103891847913784,2.636346853731236,0.15391243731843782,0.0039213392129225245,0.11911838589595951,1.0842330929030244,0.1254705717837085,0.7087677775798567,1.3837945673456522,0.15,0.18,-0.18197240188358257,0.24302759811641741,target_scale_0.15,20460721,linear_isotropic,0.15
110,1,0,0.505029302064156,0.005029302064156001,0.47908194364966755,0.5,0.6973828350531074,0.16709565841354082,1.582251525837918,0.2228140930038408,0.006258620105278909,0.16488141331987416,0.700795133647183,0.11241406118523771,0.31635815584943067,1.0089871787555087,0.15,0.18,-0.1660109855175458,0.25898901448245415,target_scale_0.15,20460721,linear_isotropic,0.15
111,1,1,0.505063413616748,0.0050634136167479644,0.2943498909384621,0.2952755905511811,0.8788488423498431,0.12411891648342645,2.689568757474594,0.1799155580737999,0.008652868379257366,0.11125322425308967,0.8765585472913227,0.09144265038288749,0.5630917435764164,1.1341645374358242,0.15,0.18,-0.2045247214854494,0.37047527851455053,target_scale_0.15,20460721,linear_isotropic,0.15
112,1,1,0.727153726279759,0.22715372627975902,0.5338550656288501,0.562992125984252,1.002925869685106,0.08256164173425787,2.2992163781745023,0.2527178682373632,0.011210238329054819,0.20940068439495346,1.0204389650112975,0.21762277754418552,0.2626232572715906,1.663779379053621,0.15,0.18,0.08165584665640754,0.6566558466564075,target_scale_0.15,20460721,linear_isotropic,0.15
113,1,1,0.5120866725960095,0.012086672596009438,0.3181842794384847,0.3228346456692913,0.7441763319638076,0.17957366635128777,2.508073862646306,0.24377452609595426,0.010095781124868374,0.10615029244622351,0.7394323510816583,0.07954708157768822,0.4956269193352915,1.0599786423420816,0.15,0.18,-0.41264154929108493,0.16235845070891503,target_scale_0.15,20460721,linear_isotropic,0.15
114,0,0,0.4185304895716292,0.08146951042837082,0.26921767064890867,0.2952755905511811,0.793657789473809,0.06748775974938363,1.7041288535019794,0.2296062107628607,0.010231427152826367,0.1830167437735336,0.7902649161439007,0.14306026426512503,0.33042747243929793,1.2191680389314692,0.15,0.18,-0.09478218299094462,0.3302178170090554,target_scale_0.15,20460721,linear_isotropic,0.15
115,1,1,0.5271059279407535,0.027105927940753456,0.4260960143880499,0.43700787401574803,1.108623644690435,0.07774704480517755,2.176151806183568,0.2393790849451922,0.006712963898665639,0.2004353620326021,1.09283446679265,0.22368194357487994,0.3500922365201163,1.8085303476895738,0.15,0.18,0.30644080466116824,0.8814408046611681,target_scale_0.15,20460721,linear_isotropic,0.15
116,1,1,0.5136051804562854,0.013605180456285445,0.25122805881170807,0.2677165354330709,0.9058818618752972,0.23125782395132286,2.5690930581667604,0.20696651664134125,0.00945497822374795,0.08970853087569983,0.9136612557099515,0.0828491210427591,0.664352799273769,1.1323740183747584,0.15,0.18,0.11657872719018686,0.6915787271901868,target_scale_0.15,20460721,linear_isotropic,0.15
117,1,1,0.5292213681242014,0.02922136812420138,0.22043324194961936,0.24015748031496062,0.858888959140331,0.1550384735093054,1.7954735728497804,0.2801663024586296,0.006988342884508445,0.15123246528894463,0.8539022010894823,0.13258181631411906,0.49472931752785554,1.286499231311652,0.15,0.18,-0.3081348982923879,0.2668651017076121,target_scale_0.15,20460721,linear_isotropic,0.15
118,1,1,0.7708898864581113,0.27088988645811124,0.34815370633694137,0.35039370078740156,1.008341497549788,0.06752797115676033,2.4696697261657468,0.21862650253271276,0.007341428561495361,0.18719718360816773,1.0026311492761193,0.18307367138437772,0.47439227801192585,1.5146768252219458,0.15,0.18,0.0037512045302515494,0.5787512045302515,target_scale_0.15,20460721,linear_isotropic,0.15
119,1,1,0.5199479855343196,0.019947985534319694,0.5425081458059198,0.562992125984252,0.6311891987018474,0.12117283513516755,1.8556818591739876,0.2270844554105388,0.00788709952525464,0.10829602597201807,0.6341014761866053,0.06571494778945641,0.4400023392448383,0.8483285842240631,0.15,0.18,0.04038894549203339,0.6153889454920334,target_scale_0.15,20460721,linear_isotropic,0.15
120,0,0,0.3508164315441751,0.14918356845582492,0.32458319859857443,0.35039370078740156,0.9841144447953216,0.10031878631329168,1.793304621130245,0.29511980724331593,0.006551316047953454,0.18545449062267427,0.9862368228871266,0.17796802020489375,0.4387820991467782,1.5270737150080635,0.15,0.18,-0.28188758290106625,0.14311241709893374,target_scale_0.15,20460721,linear_isotropic,0.15
121,1,1,0.8104938217972775,0.31049382179727747,0.5446560080323979,0.562992125984252,0.7801841931656127,0.16451009050159443,2.0282702154025696,0.18710940856796932,0.006103516768205143,0.12185656380469354,0.7834073402467872,0.1003625050696103,0.5146858142046614,1.053843527759027,0.15,0.18,-0.22718096951974037,0.3478190304802596,target_scale_0.15,20460721,linear_isotropic,0.15
122,1,1,0.5479760683074022,0.04797606830740216,0.43539758670257683,0.43700787401574803,0.8572704296863165,0.10851735882124547,2.294896329109834,0.17981037319336796,0.008423556739753497,0.1624235600977138,0.8574817281680169,0.13763904892838633,0.5050927873990222,1.3325283608470615,0.15,0.18,-0.20581902489269954,0.3691809751073004,target_scale_0.15,20460721,linear_isotropic,0.15
123,0,1,0.47284400795609494,0.027155992043905067,0.2088087426869242,0.2125984251968504,1.0467495650407699,0.08177170550606555,1.9220456034577944,0.25262044684047485,0.004232174109566569,0.11060492835586179,1.0450580697392107,0.11584047051672569,0.6540345263161859,1.4016341018932539,0.15,0.18,0.20091858405983629,0.7759185840598363,target_scale_0.15,20460721,linear_isotropic,0.15
124,1,1,0.5620146653616631,0.06201466536166314,0.2776336207241806,0.2952755905511811,0.7270384976524744,0.18148422046452506,2.2527723733493095,0.2992409057350912,0.008117628905143334,0.19608561988063128,0.7189680425228567,0.1488719334563037,0.30523552171723123,1.1058423425021662,0.15,0.18,0.16855895314712985,0.7435589531471298,target_scale_0.15,20460721,linear_isotropic,0.15
125,0,1,0.45638973505842045,0.043610264941579525,0.47743478151804736,0.5,0.8931230625805561,0.20510685654747066,2.631859554576375,0.27370169161104485,0.004288673601862021,0.14830799839478376,0.8855967130030175,0.1319913686578017,0.4082711238429082,1.296000027634222,0.15,0.18,0.127360801309713,0.7023608013097129,target_scale_0.15,20460721,linear_isotropic,0.15
126,1,1,0.5195788060339749,0.019578806033974865,0.263535273864013,0.2677165354330709,0.7070481240341474,0.1271514870375599,2.3799404963346515,0.28982179015015164,0.00808584874103358,0.10650472236275418,0.7021899567858231,0.07499748451607408,0.46780623287121725,0.9194918664750082,0.15,0.18,-0.11848244890723868,0.45651755109276126,target_scale_0.15,20460721,linear_isotropic,0.15
127,0,1,0.4679935268449242,0.03200647315507582,0.4104325540603865,0.43700787401574803,0.8456529168047142,0.1852167075955118,2.059023927644087,0.25529797639006296,0.01030706277532699,0.16320236903820953,0.8450424694926174,0.13834592094513568,0.39232164355652777,1.2732378474329165,0.15,0.18,0.029867347792496873,0.6048673477924968,target_scale_0.15,20460721,linear_isotropic,0.15
128,0,0,0.2923188654277146,0.20768113457228538,0.24505140826883065,0.2677165354330709,1.0499651430368886,0.22758775672983841,2.262531558055211,0.1839260180310135,0.008501509574292493,0.12915632975956273,1.048239645352037,0.1385496853780041,0.6470928901898347,1.4823650707101708,0.15,0.18,-0.27984944176867294,0.14515055823132705,target_scale_0.15,20460721,linear_isotropic,0.15
129,1,1,0.6755521563903703,0.17555215639037028,0.2537606231775143,0.2677165354330709,1.0050167726470043,0.08872354667931776,2.2056860494935364,0.17735536238783928,0.006077533148673202,0.08392446910384954,1.007291643036062,0.08284354307468074,0.7655299789085173,1.2400627340307528,0.15,0.18,-0.04763476251329724,0.5273652374867027,target_scale_0.15,20460721,linear_isotropic,0.15
130,0,0,0.41660215820488505,0.08339784179511493,0.33630348846909536,0.35039370078740156,0.8867357721760877,0.14569891330681586,1.9999796076503005,0.18429143083626479,0.009090268859079927,0.13180170748733439,0.8890720006106638,0.11234380934110809,0.6150199988001236,1.2238192638326093,0.15,0.18,-0.6285311788342436,0.0,target_scale_0.15,20460721,linear_isotropic,0.15
131,1,1,0.6730473019945717,0.17304730199457177,0.5084103945667916,0.531496062992126,0.8131379668122171,0.20884531440608434,2.475094398980702,0.1529633765263971,0.004021893032124797,0.14847560741371885,0.8165142945825808,0.11717046811298538,0.5131710705862126,1.121148783239471,0.15,0.18,0.1590995995646441,0.734099599564644,target_scale_0.15,20460721,linear_isotropic,0.15
132,1,1,0.8098306782489945,0.30983067824899446,0.34566260304964147,0.35039370078740156,1.0282941553258658,0.13475070306765674,1.8263412002086312,0.2173785397373973,0.010549868840554224,0.11786632404573211,1.0217269594282112,0.11654191476076221,0.6526473642172614,1.3662495873080462,0.15,0.18,0.5245268312028896,1.0,target_scale_0.15,20460721,linear_isotropic,0.15
133,0,1,0.4686834830381644,0.03131651696183561,0.49265576793771626,0.5,0.9738026159469968,0.23209600344652698,2.8885733757399867,0.26679763385001115,0.01101640592180948,0.1685296867210708,0.9610268810843828,0.17242469267296642,0.3558837208013209,1.4133073471301718,0.15,0.18,-0.1918478512975456,0.38315214870245434,target_scale_0.15,20460721,linear_isotropic,0.15
134,0,0,0.1668052339322797,0.3331947660677203,0.4195921188461704,0.43700787401574803,0.9924583332607031,0.14257510467126017,2.353840626075238,0.17003003660708035,0.0038534397965270433,0.12460812143578612,0.9909068097100519,0.12578221238651988,0.5695648406107094,1.409833370732822,0.15,0.18,0.19824835904432458,0.6232483590443245,target_scale_0.15,20460721,linear_isotropic,0.15
135,0,0,0.49094365093077325,0.009056349069226774,0.37772716492583924,0.3779527559055118,1.1029859605205696,0.18107839874753928,2.206092977794132,0.21194617484380843,0.006077339938084947,0.09766212930197125,1.100917282106633,0.11164786524441656,0.7529043725516876,1.4242862819188093,0.15,0.18,0.18639196637024943,0.6113919663702494,target_scale_0.15,20460721,linear_isotropic,0.15
136,0,0,0.35763706008943436,0.14236293991056564,0.26126231523476595,0.2677165354330709,0.6053005808607421,0.197122170387853,2.017538351169552,0.23321813873244113,0.006222331884587465,0.21565932531782145,0.5930825108320075,0.12908478206679147,0.24698584588053082,0.9770923593556627,0.15,0.18,0.07022143004251755,0.4952214300425175,target_scale_0.15,20460721,linear_isotropic,0.15
137,1,0,0.5422525013761998,0.04225250137619986,0.22636455299417102,0.24015748031496062,0.7637851211633515,0.12213250829399638,2.0995623373045484,0.18108867117222205,0.0074482371409050644,0.14655043824496933,0.7630207526190109,0.10495799270379173,0.4324800791674832,1.0493776691757604,0.15,0.18,0.2642272620465802,0.6892272620465802,target_scale_0.15,20460721,linear_isotropic,0.15
138,1,1,0.5078774751701851,0.007877475170185156,0.21749226172330077,0.24015748031496062,0.7629829224427205,0.10267070110516249,2.0148189461878077,0.24512002111062942,0.003732300408665337,0.17631786527708188,0.7601996956629655,0.12912474742412697,0.4084664565866166,1.1500878998819366,0.15,0.18,0.3685015204362068,0.9435015204362067,target_scale_0.15,20460721,linear_isotropic,0.15
139,1,1,0.7573440565011113,0.25734405650111125,0.3021125034797265,0.3228346456692913,0.8110741986581039,0.21564541059584064,2.9390124163020337,0.24924496762343085,0.005536988405958001,0.20812731394199696,0.8269892328906278,0.16355569578400242,0.2858810113312797,1.3435694537186553,0.15,0.18,-0.06491590123807243,0.5100840987619275,target_scale_0.15,20460721,linear_isotropic,0.15
140,0,0,0.48828271984630245,0.011717280153697543,0.28307373572521605,0.2952755905511811,0.8684637520635219,0.22675965264636108,1.9517097768267813,0.2601885508866087,0.007024648457071612,0.20923647372211762,0.868586353152445,0.18079402867353156,0.3317035065480187,1.3338233394949703,0.15,0.18,0.026584823376034617,0.4515848233760346,target_scale_0.15,20460721,linear_isotropic,0.15
141,0,0,0.4902191278580001,0.009780872141999887,0.337628241877852,0.35039370078740156,0.9913504136819575,0.1627116730946986,1.6905206553306016,0.17961902339403635,0.011269677335124555,0.17755669439654176,0.9892198811020098,0.1893467311369158,0.3316401639040256,1.5989530169005142,0.15,0.18,0.131482863367748,0.556482863367748,target_scale_0.15,20460721,linear_isotropic,0.15
142,0,0,0.4682356108964702,0.031764389103529786,0.49846232572720006,0.5,0.7078238815791124,0.08896361081330754,1.6017862868516655,0.2836906971967684,0.005418243283686638,0.15875772248173,0.7083871738269107,0.10740706477222922,0.4042364924326991,1.018328367321719,0.15,0.18,-0.13238141300692288,0.2926185869930771,target_scale_0.15,20460721,linear_isotropic,0.15
143,0,0,0.4791933274666705,0.020806672533329525,0.25320414351921045,0.2677165354330709,1.0433291591079241,0.21254905059621443,1.9030214890753134,0.1540037612612359,0.011690838764263647,0.21245975698543723,1.0401951647599266,0.22570544468381337,0.39334239068266985,1.7147297224434026,0.15,0.18,-0.1327385629977009,0.2922614370022991,target_scale_0.15,20460721,linear_isotropic,0.15
144,1,1,0.7143512201123122,0.21435122011231222,0.3831698066120045,0.40551181102362205,0.9551140773263314,0.22404823382858063,2.8435937961909743,0.1734866451556052,0.011964478862265978,0.08352844823203395,0.9551308026349388,0.0782124949019714,0.7214048005730442,1.1800632296032063,0.15,0.18,0.10584927128460352,0.6808492712846035,target_scale_0.15,20460721,linear_isotropic,0.15
145,0,0,0.29019763104974317,0.2098023689502568,0.29052428419529724,0.2952755905511811,0.809671156789931,0.1877111455894476,2.240992060657799,0.168274885116707,0.009236271269481384,0.15027893925935065,0.8165748275985498,0.11309007780349176,0.5255404045512001,1.152936870802055,0.15,0.18,0.28192703183178974,0.7069270318317897,target_scale_0.15,20460721,linear_isotropic,0.15
146,1,1,0.620509839746654,0.12050983974665394,0.22083360593811294,0.24015748031496062,0.8831424514716453,0.06097464874152752,2.8843192843497594,0.200418895890152,0.010876518811216818,0.15636913703380084,0.8798350210629404,0.135465766392227,0.47571612752697573,1.2728343433838072,0.15,0.18,-0.023083265278753786,0.5519167347212461,target_scale_0.15,20460721,linear_isotropic,0.15
147,1,1,0.8390167975653764,0.33901679756537634,0.5190322604515178,0.531496062992126,0.7136707245982639,0.22115460645133683,1.9971180720552186,0.21474683712067053,0.011130018623491885,0.1163226479841274,0.7147796269234022,0.08322344084891435,0.47578972616533494,1.0210484539201812,0.15,0.18,0.12559286085148733,0.7005928608514873,target_scale_0.15,20460721,linear_isotropic,0.15
148,0,0,0.3889544103899253,0.1110455896100747,0.1855557044777413,0.2125984251968504,0.8368480029614718,0.060563897300455506,1.7892576103608269,0.21212111763240812,0.01136122793201479,0.13210105828360674,0.8480840451282364,0.11022916303297348,0.5097956356550637,1.1824348726656717,0.15,0.18,-0.12281219074165294,0.30218780925834704,target_scale_0.15,20460721,linear_isotropic,0.15
149,0,1,0.48399607387653326,0.016003926123466763,0.29153118850536147,0.2952755905511811,0.6745708280356595,0.17828992967739876,2.120800483570157,0.17278606239622735,0.007267136534509357,0.11582713464047925,0.6730345078377504,0.07577641104502199,0.4663003364659683,0.9240757935585237,0.15,0.18,0.35787124531581216,0.9328712453158121,target_scale_0.15,20460721,linear_isotropic,0.15
150,1,0,0.5118461508754313,0.011846150875431267,0.3867331440031303,0.40551181102362205,0.8825975077330346,0.23964065761518882,1.746876375931047,0.28392278961893824,0.0059870017863755745,0.15915758397431706,0.884911363970032,0.138778295746076,0.4833679063633594,1.3732600241478021,0.15,0.18,0.011979145129458168,0.4369791451294582,target_scale_0.15,20460721,linear_isotropic,0.15
151,1,0,0.507249863966074,0.007249863966073971,0.26285471534423926,0.2677165354330709,1.0784793154568528,0.10823268627761251,1.575842881398652,0.16460947648103016,0.00858441018460281,0.2013908349043235,1.0786860910991731,0.21418872316937201,0.4287286022083409,1.8487341157753125,0.15,0.18,-0.1382140486716437,0.28678595132835627,target_scale_0.15,20460721,linear_isotropic,0.15
152,1,1,0.679083232103056,0.17908323210305604,0.4769186615707651,0.5,1.023473670770067,0.09901965441746366,1.7562886249167562,0.21181444057352897,0.007688251633239953,0.12139052390206215,1.026412669327241,0.1255092449223538,0.5933502517674688,1.415612974413071,0.15,0.18,0.04464569060374119,0.6196456906037412,target_scale_0.15,20460721,linear_isotropic,0.15
153,0,0,0.4395315449808116,0.06046845501918842,0.43804482021249846,0.468503937007874,0.8791944747518774,0.11771620185383153,2.0061562535737956,0.2073815062948273,0.0035409936923183893,0.10411094434729658,0.8749883912616033,0.09148441454235964,0.606127539385071,1.1563125401740615,0.15,0.18,-0.09110253830131694,0.33389746169868306,target_scale_0.15,20460721,linear_isotropic,0.15
154,0,0,0.47850109065314556,0.02149890934685447,0.3344128425968971,0.35039370078740156,0.7854034123004863,0.07046261276341594,2.9997611970880937,0.1637602202962433,0.011296451668666708,0.1127530716396079,0.7850211651846963,0.0900956482044165,0.5365507313986037,1.073510900968862,0.15,0.18,-0.3173100165395024,0.10768998346049757,target_scale_0.15,20460721,linear_isotropic,0.15
155,0,0,0.48885268838206175,0.011147311617938244,0.3922622710072427,0.40551181102362205,0.7578447939303459,0.181671514526946,2.9674628484849968,0.22185303095005993,0.010535125307598064,0.1277026477782654,0.7639341910578503,0.1017819094593608,0.32598773915756657,1.035328301239066,0.15,0.18,-0.12734941510669623,0.29765058489330376,target_scale_0.15,20460721,linear_isotropic,0.15
156,1,1,0.6430352697977646,0.14303526979776465,0.4454699530433139,0.468503937007874,0.7133079017359902,0.14105221675413487,2.9073479488518386,0.17484868484852367,0.004565726167552348,0.13624673517372918,0.716129093063146,0.09886318703369561,0.42779440414159725,1.0329131175116462,0.15,0.18,-0.10442410498644004,0.4705758950135599,target_scale_0.15,20460721,linear_isotropic,0.15
157,1,1,0.6710610579053764,0.1710610579053764,0.5347062800587071,0.562992125984252,0.9931563661332488,0.21576938700696036,1.6955814836599363,0.2809308598058485,0.009055284898820412,0.19418402155400066,0.9763028959793898,0.1836998486105369,0.3762249705010194,1.610284252897923,0.15,0.18,-0.011510536323248737,0.5634894636767512,target_scale_0.15,20460721,linear_isotropic,0.15
158,1,1,0.549401862564151,0.04940186256415102,0.24863794348332627,0.2677165354330709,1.1399208023138165,0.2321920235956151,2.9807357282012092,0.16304706288404533,0.01027714552326598,0.18966447370273803,1.1451981668442368,0.20042028396484782,0.4676363368470652,1.6260560037731706,0.15,0.18,-0.048859105468376594,0.5261408945316234,target_scale_0.15,20460721,linear_isotropic,0.15
159,1,1,0.5561601008152209,0.05616010081522093,0.3590311325841168,0.3779527559055118,0.9593828966441671,0.10971191674787778,2.0458109126367265,0.24853743945604428,0.006171367127189372,0.11023798678635514,0.9584150187655216,0.10262566171975193,0.7001234342802904,1.2681059046931988,0.15,0.18,-0.17788110956650388,0.3971188904334961,target_scale_0.15,20460721,linear_isotropic,0.15
