trial_id,measurement_noise,observation_fraction,outcome,same_time_snapshot_q,same_time_snapshot_prediction
0,0.0,0.05,1,0.5433874665337136,1
0,0.0,0.1,1,0.5965675099989068,1
0,0.0,0.15,1,0.6694749875187878,1
0,0.0,0.2,1,0.7454154960785202,1
0,0.0,0.3,1,0.8665387037970753,1
0,0.0,0.5,1,0.972156049608405,1
0,0.02,0.05,1,0.5442108848177589,1
0,0.02,0.1,1,0.5984046236462846,1
0,0.02,0.15,1,0.6715791614433844,1
0,0.02,0.2,1,0.7448554353605769,1
0,0.02,0.3,1,0.867160370150143,1
0,0.02,0.5,1,0.9726963474212699,1
0,0.05,0.05,1,0.5476117594295773,1
0,0.05,0.1,1,0.5968601777434948,1
0,0.05,0.15,1,0.6703666597742614,1
0,0.05,0.2,1,0.7430735920530672,1
0,0.05,0.3,1,0.8653178898722846,1
0,0.05,0.5,1,0.9757649470137082,1
0,0.1,0.05,1,0.5483793980300077,1
0,0.1,0.1,1,0.5984000383158888,1
0,0.1,0.15,1,0.6690789932057185,1
0,0.1,0.2,1,0.7505458224661097,1
0,0.1,0.3,1,0.8627317726720547,1
0,0.1,0.5,1,0.9667807069674272,1
0,0.15,0.05,1,0.5402022792367689,1
0,0.15,0.1,1,0.5959046504939873,1
0,0.15,0.15,1,0.6650614478393932,1
0,0.15,0.2,1,0.7427059049913325,1
0,0.15,0.3,1,0.8681148488044185,1
0,0.15,0.5,1,0.9628514728800258,1
1,0.0,0.05,0,0.4371536526070697,0
1,0.0,0.1,0,0.37123783561087065,0
1,0.0,0.15,0,0.29204120066765843,0
1,0.0,0.2,0,0.22438854930331154,0
1,0.0,0.3,0,0.12713161595550584,0
1,0.0,0.5,0,0.03518307804332989,0
1,0.02,0.05,0,0.43873711427032824,0
1,0.02,0.1,0,0.3698977045606203,0
1,0.02,0.15,0,0.2920922895250877,0
1,0.02,0.2,0,0.22437952568617203,0
1,0.02,0.3,0,0.12764038043281994,0
1,0.02,0.5,0,0.03573677596446566,0
1,0.05,0.05,0,0.4413793237407576,0
1,0.05,0.1,0,0.3707856147274253,0
1,0.05,0.15,0,0.28965649024778095,0
1,0.05,0.2,0,0.2221300200138056,0
1,0.05,0.3,0,0.12161190304871375,0
1,0.05,0.5,0,0.03411573476402528,0
1,0.1,0.05,0,0.4362294511201474,0
1,0.1,0.1,0,0.3746461799931824,0
1,0.1,0.15,0,0.29057066346322236,0
1,0.1,0.2,0,0.22778276282030135,0
1,0.1,0.3,0,0.12895347281118116,0
1,0.1,0.5,0,0.04491701649132341,0
1,0.15,0.05,0,0.43463585535959387,0
1,0.15,0.1,0,0.35148356623230564,0
1,0.15,0.15,0,0.28654239817974225,0
1,0.15,0.2,0,0.22695175428661882,0
1,0.15,0.3,0,0.12732928155395493,0
1,0.15,0.5,0,0.04298244181640361,0
2,0.0,0.05,0,0.4704982818449626,0
2,0.0,0.1,0,0.4521344655897871,0
2,0.0,0.15,0,0.44052240346088734,0
2,0.0,0.2,0,0.4249080505546735,0
2,0.0,0.3,0,0.37987785558944215,0
2,0.0,0.5,0,0.18829383420465068,0
2,0.02,0.05,0,0.47120078913314367,0
2,0.02,0.1,0,0.4525781240823009,0
2,0.02,0.15,0,0.44106066371451846,0
2,0.02,0.2,0,0.42345780236744307,0
2,0.02,0.3,0,0.37986565409839507,0
2,0.02,0.5,0,0.18853971766310346,0
2,0.05,0.05,0,0.46723301819349955,0
2,0.05,0.1,0,0.4518274578934743,0
2,0.05,0.15,0,0.4410843438965876,0
2,0.05,0.2,0,0.42676458398945516,0
2,0.05,0.3,0,0.37510031690074064,0
2,0.05,0.5,0,0.1853287712413641,0
2,0.1,0.05,0,0.4770617405722903,0
2,0.1,0.1,0,0.458441171241438,0
2,0.1,0.15,0,0.4543592224799383,0
2,0.1,0.2,0,0.4186213442895532,0
2,0.1,0.3,0,0.37797801355707183,0
2,0.1,0.5,0,0.1777787586514913,0
2,0.15,0.05,0,0.4747522405016725,0
2,0.15,0.1,0,0.4450645531461684,0
2,0.15,0.15,0,0.44361851668497837,0
2,0.15,0.2,0,0.43313181538003603,0
2,0.15,0.3,0,0.3796242251040607,0
2,0.15,0.5,0,0.19071748936168587,0
3,0.0,0.05,0,0.45568519170938865,0
3,0.0,0.1,0,0.43444004445103884,0
3,0.0,0.15,0,0.42537438434859104,0
3,0.0,0.2,0,0.3872161221220697,0
3,0.0,0.3,0,0.2514552455808416,0
3,0.0,0.5,0,0.08575963770765214,0
3,0.02,0.05,0,0.4553404668742728,0
3,0.02,0.1,0,0.4351339597383397,0
3,0.02,0.15,0,0.4261992320471397,0
3,0.02,0.2,0,0.38715514554197383,0
3,0.02,0.3,0,0.2517825748864905,0
3,0.02,0.5,0,0.084919881684766,0
3,0.05,0.05,0,0.46032891842445106,0
3,0.05,0.1,0,0.4356276462157518,0
3,0.05,0.15,0,0.4234367506439284,0
3,0.05,0.2,0,0.38849689895976874,0
3,0.05,0.3,0,0.2545940768961408,0
3,0.05,0.5,0,0.08467916098596451,0
3,0.1,0.05,0,0.45319713164514847,0
3,0.1,0.1,0,0.43341364486989375,0
3,0.1,0.15,0,0.42544704859712584,0
3,0.1,0.2,0,0.3806778839907117,0
3,0.1,0.3,0,0.2532577252298706,0
3,0.1,0.5,0,0.0808566510823079,0
3,0.15,0.05,0,0.4522435295664224,0
3,0.15,0.1,0,0.4462872164125134,0
3,0.15,0.15,0,0.41943017438274943,0
3,0.15,0.2,0,0.37716453249299103,0
3,0.15,0.3,0,0.2557523765382144,0
3,0.15,0.5,0,0.07562460454265808,0
4,0.0,0.05,1,0.49556428226861426,0
4,0.0,0.1,1,0.4726169695691884,0
4,0.0,0.15,1,0.4531012002014336,0
4,0.0,0.2,1,0.4340566600555583,0
4,0.0,0.3,1,0.47357089599877483,0
4,0.0,0.5,1,0.605176432238052,1
4,0.02,0.05,1,0.49395272774322807,0
4,0.02,0.1,1,0.47310097327938094,0
4,0.02,0.15,1,0.4523293738886836,0
4,0.02,0.2,1,0.43465640222668095,0
4,0.02,0.3,1,0.47447943745805454,0
4,0.02,0.5,1,0.6068278957780612,1
4,0.05,0.05,1,0.4917006849653383,0
4,0.05,0.1,1,0.4722832527117911,0
4,0.05,0.15,1,0.45226541197708453,0
4,0.05,0.2,1,0.43551621341223123,0
4,0.05,0.3,1,0.4722382515384516,0
4,0.05,0.5,1,0.5984363242629687,1
4,0.1,0.05,1,0.4970283393812181,0
4,0.1,0.1,1,0.4705121399023929,0
4,0.1,0.15,1,0.4565205582186458,0
4,0.1,0.2,1,0.438889760350663,0
4,0.1,0.3,1,0.47263053499295027,0
4,0.1,0.5,1,0.6105708880971309,1
4,0.15,0.05,1,0.49067908800256477,0
4,0.15,0.1,1,0.46939744300256503,0
4,0.15,0.15,1,0.4450927815286333,0
4,0.15,0.2,1,0.4396553387143858,0
4,0.15,0.3,1,0.4749737379381233,0
4,0.15,0.5,1,0.6130527189170879,1
5,0.0,0.05,0,0.49737958025623336,0
5,0.0,0.1,0,0.4850509085065134,0
5,0.0,0.15,0,0.4690738208341875,0
5,0.0,0.2,0,0.4284966792771368,0
5,0.0,0.3,0,0.3304737214520752,0
5,0.0,0.5,0,0.15051111471269008,0
5,0.02,0.05,0,0.49918485000236545,0
5,0.02,0.1,0,0.4853765597191686,0
5,0.02,0.15,0,0.46891751910471546,0
5,0.02,0.2,0,0.427753531055011,0
5,0.02,0.3,0,0.33221562579196345,0
5,0.02,0.5,0,0.14970202763485985,0
5,0.05,0.05,0,0.4986977316814758,0
5,0.05,0.1,0,0.493055099599309,0
5,0.05,0.15,0,0.4690507022800775,0
5,0.05,0.2,0,0.4328175737133983,0
5,0.05,0.3,0,0.32926536001207685,0
5,0.05,0.5,0,0.15005373021508372,0
5,0.1,0.05,0,0.4924090717815843,0
5,0.1,0.1,0,0.4913846961582613,0
5,0.1,0.15,0,0.47484579998481885,0
5,0.1,0.2,0,0.42002209490625503,0
5,0.1,0.3,0,0.3281849378894981,0
5,0.1,0.5,0,0.1533851715990573,0
5,0.15,0.05,0,0.4975701328271957,0
5,0.15,0.1,0,0.48410508329151974,0
5,0.15,0.15,0,0.47847943346473226,0
5,0.15,0.2,0,0.4105630690196573,0
5,0.15,0.3,0,0.3347570769962748,0
5,0.15,0.5,0,0.1510825519860204,0
6,0.0,0.05,1,0.509566100529644,1
6,0.0,0.1,1,0.5472793492150491,1
6,0.0,0.15,1,0.5889541159465066,1
6,0.0,0.2,1,0.6343909418117201,1
6,0.0,0.3,1,0.7364706553241547,1
6,0.0,0.5,1,0.9107830213239925,1
6,0.02,0.05,1,0.5097810494069016,1
6,0.02,0.1,1,0.547267826147415,1
6,0.02,0.15,1,0.5882525204390442,1
6,0.02,0.2,1,0.6355914785945684,1
6,0.02,0.3,1,0.7369472200000703,1
6,0.02,0.5,1,0.912014174315939,1
6,0.05,0.05,1,0.507698212055996,1
6,0.05,0.1,1,0.5456913889123342,1
6,0.05,0.15,1,0.5884532958221551,1
6,0.05,0.2,1,0.6319276653835448,1
6,0.05,0.3,1,0.7383578289929174,1
6,0.05,0.5,1,0.910347056542019,1
6,0.1,0.05,1,0.5126223093787006,1
6,0.1,0.1,1,0.5500770091524074,1
6,0.1,0.15,1,0.5894637857034561,1
6,0.1,0.2,1,0.6268528421347984,1
6,0.1,0.3,1,0.7346128033241736,1
6,0.1,0.5,1,0.911565559240983,1
6,0.15,0.05,1,0.4948918186888469,0
6,0.15,0.1,1,0.5570012144966457,1
6,0.15,0.15,1,0.5877811477411539,1
6,0.15,0.2,1,0.63658077568912,1
6,0.15,0.3,1,0.7394361463280859,1
6,0.15,0.5,1,0.9053330454325684,1
7,0.0,0.05,0,0.5030025586167522,1
7,0.0,0.1,0,0.5112600442707377,1
7,0.0,0.15,0,0.48633923923918776,0
7,0.0,0.2,0,0.4770975598751393,0
7,0.0,0.3,0,0.44725280881240087,0
7,0.0,0.5,0,0.28692400643347826,0
7,0.02,0.05,0,0.5036095214251617,1
7,0.02,0.1,0,0.5120321157973406,1
7,0.02,0.15,0,0.48612908409464956,0
7,0.02,0.2,0,0.47745165939555523,0
7,0.02,0.3,0,0.44621212203167476,0
7,0.02,0.5,0,0.2875552086813636,0
7,0.05,0.05,0,0.5006479845042704,1
7,0.05,0.1,0,0.5110370236646583,1
7,0.05,0.15,0,0.48992075584961164,0
7,0.05,0.2,0,0.47370396597005104,0
7,0.05,0.3,0,0.44617727227609827,0
7,0.05,0.5,0,0.28929531036280065,0
7,0.1,0.05,0,0.4974729585982175,0
7,0.1,0.1,0,0.5136033191084388,1
7,0.1,0.15,0,0.4854394888758336,0
7,0.1,0.2,0,0.4721317463740687,0
7,0.1,0.3,0,0.4585172498406082,0
7,0.1,0.5,0,0.2813122078858522,0
7,0.15,0.05,0,0.4949887038901374,0
7,0.15,0.1,0,0.5104200238698885,1
7,0.15,0.15,0,0.47936788514989004,0
7,0.15,0.2,0,0.457076572751893,0
7,0.15,0.3,0,0.4532667690690258,0
7,0.15,0.5,0,0.29804146073731397,0
8,0.0,0.05,0,0.5093240123328676,1
8,0.0,0.1,0,0.5204549502752983,1
8,0.0,0.15,0,0.5385036972237609,1
8,0.0,0.2,0,0.5394244203508964,1
8,0.0,0.3,0,0.5173557978671258,1
8,0.0,0.5,0,0.3059026579251563,0
8,0.02,0.05,0,0.5108186405299958,1
8,0.02,0.1,0,0.5192393784439936,1
8,0.02,0.15,0,0.5381202907541515,1
8,0.02,0.2,0,0.5405441716805588,1
8,0.02,0.3,0,0.5188609927178608,1
8,0.02,0.5,0,0.30619405947055583,0
8,0.05,0.05,0,0.5117528474528196,1
8,0.05,0.1,0,0.52349635978437,1
8,0.05,0.15,0,0.539613778959538,1
8,0.05,0.2,0,0.5365947304922485,1
8,0.05,0.3,0,0.5145410366952451,1
8,0.05,0.5,0,0.307063164122698,0
8,0.1,0.05,0,0.5116280569541576,1
8,0.1,0.1,0,0.5208539372027633,1
8,0.1,0.15,0,0.5394947527817218,1
8,0.1,0.2,0,0.5355617580564063,1
8,0.1,0.3,0,0.5070406033703507,1
8,0.1,0.5,0,0.29988766394179045,0
8,0.15,0.05,0,0.5207300231872207,1
8,0.15,0.1,0,0.5152961019018973,1
8,0.15,0.15,0,0.5438244404290722,1
8,0.15,0.2,0,0.5387908135462898,1
8,0.15,0.3,0,0.507857807151655,1
8,0.15,0.5,0,0.3059992734830219,0
9,0.0,0.05,1,0.5765492885981723,1
9,0.0,0.1,1,0.6433536567837941,1
9,0.0,0.15,1,0.7081927655024437,1
9,0.0,0.2,1,0.7698021815963976,1
9,0.0,0.3,1,0.8700431332764287,1
9,0.0,0.5,1,0.9685540049071729,1
9,0.02,0.05,1,0.5778011610456867,1
9,0.02,0.1,1,0.6427702309620399,1
9,0.02,0.15,1,0.709473974681608,1
9,0.02,0.2,1,0.7681567460013383,1
9,0.02,0.3,1,0.8704111167762689,1
9,0.02,0.5,1,0.9691685700571873,1
9,0.05,0.05,1,0.5741788336085195,1
9,0.05,0.1,1,0.6439893154954842,1
9,0.05,0.15,1,0.7055340266629008,1
9,0.05,0.2,1,0.7698092551194171,1
9,0.05,0.3,1,0.8725070880430826,1
9,0.05,0.5,1,0.9693058058200708,1
9,0.1,0.05,1,0.5720506221237603,1
9,0.1,0.1,1,0.6476195172729764,1
9,0.1,0.15,1,0.7042305289632909,1
9,0.1,0.2,1,0.767562092984192,1
9,0.1,0.3,1,0.8702341592164605,1
9,0.1,0.5,1,0.9652216252745843,1
9,0.15,0.05,1,0.5726866405942967,1
9,0.15,0.1,1,0.6308804619616379,1
9,0.15,0.15,1,0.6936885180588551,1
9,0.15,0.2,1,0.7769200706239704,1
9,0.15,0.3,1,0.8791927517407144,1
9,0.15,0.5,1,0.968024153466549,1
10,0.0,0.05,0,0.44301286314506194,0
10,0.0,0.1,0,0.3709242017764969,0
10,0.0,0.15,0,0.2929486408249109,0
10,0.0,0.2,0,0.22595878263927197,0
10,0.0,0.3,0,0.12096797014847582,0
10,0.0,0.5,0,0.027998170448313854,0
10,0.02,0.05,0,0.4437235390198968,0
10,0.02,0.1,0,0.37147187667718923,0
10,0.02,0.15,0,0.29229864401955913,0
10,0.02,0.2,0,0.22472699435033475,0
10,0.02,0.3,0,0.12059717060733051,0
10,0.02,0.5,0,0.0277818390056204,0
10,0.05,0.05,0,0.44325203484298714,0
10,0.05,0.1,0,0.3712247252546825,0
10,0.05,0.15,0,0.2907956059341431,0
10,0.05,0.2,0,0.22380091365190102,0
10,0.05,0.3,0,0.12100194201897756,0
10,0.05,0.5,0,0.02495152843407447,0
10,0.1,0.05,0,0.44354308687051913,0
10,0.1,0.1,0,0.37181631037185486,0
10,0.1,0.15,0,0.2959943990710333,0
10,0.1,0.2,0,0.21674100857789658,0
10,0.1,0.3,0,0.11845426593074831,0
10,0.1,0.5,0,0.016775670327089747,0
10,0.15,0.05,0,0.4390534299928033,0
10,0.15,0.1,0,0.369893429443568,0
10,0.15,0.15,0,0.3008141733436176,0
10,0.15,0.2,0,0.22421781788824907,0
10,0.15,0.3,0,0.1202942923468101,0
10,0.15,0.5,0,0.02228125128163074,0
11,0.0,0.05,1,0.4760109368059198,0
11,0.0,0.1,1,0.4653760357185659,0
11,0.0,0.15,1,0.47063351580487855,0
11,0.0,0.2,1,0.48019134314846873,0
11,0.0,0.3,1,0.520562500009861,1
11,0.0,0.5,1,0.553429417099918,1
11,0.02,0.05,1,0.4749698351155646,0
11,0.02,0.1,1,0.46558907395798604,0
11,0.02,0.15,1,0.4711210705239551,0
11,0.02,0.2,1,0.4790633686127143,0
11,0.02,0.3,1,0.5229093274938854,1
11,0.02,0.5,1,0.554106392364925,1
11,0.05,0.05,1,0.4761095902014536,0
11,0.05,0.1,1,0.46660827740859023,0
11,0.05,0.15,1,0.46867339902380306,0
11,0.05,0.2,1,0.4811311411067368,0
11,0.05,0.3,1,0.5224928205094534,1
11,0.05,0.5,1,0.552783047622235,1
11,0.1,0.05,1,0.4695116628611378,0
11,0.1,0.1,1,0.46265289174067264,0
11,0.1,0.15,1,0.46990898019640603,0
11,0.1,0.2,1,0.47308215176151247,0
11,0.1,0.3,1,0.5227767271274912,1
11,0.1,0.5,1,0.5562526975924632,1
11,0.15,0.05,1,0.4792032369435808,0
11,0.15,0.1,1,0.4696298474641291,0
11,0.15,0.15,1,0.4630168096569298,0
11,0.15,0.2,1,0.4737517155011566,0
11,0.15,0.3,1,0.5212934881409472,1
11,0.15,0.5,1,0.5511576528057109,1
12,0.0,0.05,0,0.466152108528764,0
12,0.0,0.1,0,0.4432993088898679,0
12,0.0,0.15,0,0.45344389123598744,0
12,0.0,0.2,0,0.4538051054446053,0
12,0.0,0.3,0,0.45422872225610483,0
12,0.0,0.5,0,0.254121385412164,0
12,0.02,0.05,0,0.4661886281283243,0
12,0.02,0.1,0,0.4445962822664849,0
12,0.02,0.15,0,0.4525682366151746,0
12,0.02,0.2,0,0.4554717866218367,0
12,0.02,0.3,0,0.45359498450204694,0
12,0.02,0.5,0,0.25479844810073127,0
12,0.05,0.05,0,0.4636227461459021,0
12,0.05,0.1,0,0.4430470988532597,0
12,0.05,0.15,0,0.45581973643338214,0
12,0.05,0.2,0,0.4533462627568496,0
12,0.05,0.3,0,0.4532100122509853,0
12,0.05,0.5,0,0.2541172087225046,0
12,0.1,0.05,0,0.46627673097591715,0
12,0.1,0.1,0,0.4451069697031349,0
12,0.1,0.15,0,0.4561552832382082,0
12,0.1,0.2,0,0.4571994252195882,0
12,0.1,0.3,0,0.4487739703564213,0
12,0.1,0.5,0,0.25518543270025607,0
12,0.15,0.05,0,0.4739151731381119,0
12,0.15,0.1,0,0.447220600102203,0
12,0.15,0.15,0,0.46018495120953434,0
12,0.15,0.2,0,0.44648460371327076,0
12,0.15,0.3,0,0.4557849901727404,0
12,0.15,0.5,0,0.27066947191320717,0
13,0.0,0.05,1,0.5621150235729662,1
13,0.0,0.1,1,0.6231336634948488,1
13,0.0,0.15,1,0.6996601602042137,1
13,0.0,0.2,1,0.7726122636865783,1
13,0.0,0.3,1,0.8820873396981075,1
13,0.0,0.5,1,0.9755221407766009,1
13,0.02,0.05,1,0.5611556748559647,1
13,0.02,0.1,1,0.6242804922665537,1
13,0.02,0.15,1,0.698777204041356,1
13,0.02,0.2,1,0.7725276270583878,1
13,0.02,0.3,1,0.8816368975338172,1
13,0.02,0.5,1,0.9766467589356993,1
13,0.05,0.05,1,0.5625402188013934,1
13,0.05,0.1,1,0.6264196051876936,1
13,0.05,0.15,1,0.6975026886398119,1
13,0.05,0.2,1,0.776485899615219,1
13,0.05,0.3,1,0.8827634309335395,1
13,0.05,0.5,1,0.9742137464610933,1
13,0.1,0.05,1,0.563772971167321,1
13,0.1,0.1,1,0.617370330887651,1
13,0.1,0.15,1,0.7057881905827867,1
13,0.1,0.2,1,0.7691608491036094,1
13,0.1,0.3,1,0.8771399218167402,1
13,0.1,0.5,1,0.9705049239622403,1
13,0.15,0.05,1,0.5689917396205586,1
13,0.15,0.1,1,0.6327899731726164,1
13,0.15,0.15,1,0.69322680729619,1
13,0.15,0.2,1,0.7652954419554554,1
13,0.15,0.3,1,0.8852095877010269,1
13,0.15,0.5,1,0.9809860681635644,1
14,0.0,0.05,1,0.5037817224655515,1
14,0.0,0.1,1,0.5030750445866072,1
14,0.0,0.15,1,0.49999133056777667,0
14,0.0,0.2,1,0.5106555087303117,1
14,0.0,0.3,1,0.5618023760459978,1
14,0.0,0.5,1,0.6790510058366658,1
14,0.02,0.05,1,0.5021306419117226,1
14,0.02,0.1,1,0.5017902116539001,1
14,0.02,0.15,1,0.5000568935864046,1
14,0.02,0.2,1,0.5096204000396379,1
14,0.02,0.3,1,0.5617588590743888,1
14,0.02,0.5,1,0.6786362046533542,1
14,0.05,0.05,1,0.5027657219033387,1
14,0.05,0.1,1,0.5006861109320556,1
14,0.05,0.15,1,0.499497438575802,0
14,0.05,0.2,1,0.5124160439042662,1
14,0.05,0.3,1,0.5607645527382504,1
14,0.05,0.5,1,0.680809858817648,1
14,0.1,0.05,1,0.503041942863348,1
14,0.1,0.1,1,0.49746024820991663,0
14,0.1,0.15,1,0.4964600534148734,0
14,0.1,0.2,1,0.5079064443947031,1
14,0.1,0.3,1,0.5715780781545623,1
14,0.1,0.5,1,0.6812828581541036,1
14,0.15,0.05,1,0.4961613819765671,0
14,0.15,0.1,1,0.49997075116046436,0
14,0.15,0.15,1,0.49923814775301784,0
14,0.15,0.2,1,0.5117288549005139,1
14,0.15,0.3,1,0.5676955105742415,1
14,0.15,0.5,1,0.6818597763503937,1
15,0.0,0.05,1,0.5510267520225368,1
15,0.0,0.1,1,0.5907721945546333,1
15,0.0,0.15,1,0.6437555150875589,1
15,0.0,0.2,1,0.7254287076576513,1
15,0.0,0.3,1,0.8531454917385431,1
15,0.0,0.5,1,0.9750315472124442,1
15,0.02,0.05,1,0.5518065144952529,1
15,0.02,0.1,1,0.591379002769804,1
15,0.02,0.15,1,0.6431681899798248,1
15,0.02,0.2,1,0.7251718867694972,1
15,0.02,0.3,1,0.8527719461863784,1
15,0.02,0.5,1,0.9757668102524462,1
15,0.05,0.05,1,0.5512893109740203,1
15,0.05,0.1,1,0.5870659253010946,1
15,0.05,0.15,1,0.6439584948208176,1
15,0.05,0.2,1,0.7235333175834021,1
15,0.05,0.3,1,0.8521327497283865,1
15,0.05,0.5,1,0.9766712316203314,1
15,0.1,0.05,1,0.5465991632267286,1
15,0.1,0.1,1,0.5965546376381777,1
15,0.1,0.15,1,0.6344008158088958,1
15,0.1,0.2,1,0.7247568943488789,1
15,0.1,0.3,1,0.8534940238912397,1
15,0.1,0.5,1,0.9783839826800688,1
15,0.15,0.05,1,0.5427192544070203,1
15,0.15,0.1,1,0.6006524520195545,1
15,0.15,0.15,1,0.6568671247515749,1
15,0.15,0.2,1,0.7136212380711345,1
15,0.15,0.3,1,0.8588821978128567,1
15,0.15,0.5,1,0.9743076781031781,1
16,0.0,0.05,1,0.5070694334773894,1
16,0.0,0.1,1,0.5116905596975675,1
16,0.0,0.15,1,0.5310912757188374,1
16,0.0,0.2,1,0.5510896859725949,1
16,0.0,0.3,1,0.5562486708273263,1
16,0.0,0.5,1,0.5838220837283227,1
16,0.02,0.05,1,0.5057111888463514,1
16,0.02,0.1,1,0.5122177150943085,1
16,0.02,0.15,1,0.5315313503823094,1
16,0.02,0.2,1,0.5503869429471694,1
16,0.02,0.3,1,0.5567160448145904,1
16,0.02,0.5,1,0.5848011260530617,1
16,0.05,0.05,1,0.50516134267203,1
16,0.05,0.1,1,0.5088713735010574,1
16,0.05,0.15,1,0.5290210352541391,1
16,0.05,0.2,1,0.5542587341758102,1
16,0.05,0.3,1,0.5538403423661629,1
16,0.05,0.5,1,0.5806634645715626,1
16,0.1,0.05,1,0.500203322303667,1
16,0.1,0.1,1,0.5147828028348744,1
16,0.1,0.15,1,0.5323724056589434,1
16,0.1,0.2,1,0.5575415725200997,1
16,0.1,0.3,1,0.5560601223766076,1
16,0.1,0.5,1,0.5798902952902659,1
16,0.15,0.05,1,0.5057629296578866,1
16,0.15,0.1,1,0.49500422231169877,0
16,0.15,0.15,1,0.5311721744850535,1
16,0.15,0.2,1,0.5459038632093918,1
16,0.15,0.3,1,0.5551391884873343,1
16,0.15,0.5,1,0.579659800273811,1
17,0.0,0.05,0,0.5148737755605803,1
17,0.0,0.1,0,0.5054761485709429,1
17,0.0,0.15,0,0.5024478914464335,1
17,0.0,0.2,0,0.4968283229218207,0
17,0.0,0.3,0,0.40424514064346734,0
17,0.0,0.5,0,0.12650326097221104,0
17,0.02,0.05,0,0.5146171179928813,1
17,0.02,0.1,0,0.5047833368754038,1
17,0.02,0.15,0,0.502722125427203,1
17,0.02,0.2,0,0.497124568729874,0
17,0.02,0.3,0,0.40219382732648407,0
17,0.02,0.5,0,0.12634150083456763,0
17,0.05,0.05,0,0.5148070481052014,1
17,0.05,0.1,0,0.5074165511105425,1
17,0.05,0.15,0,0.5049635355814988,1
17,0.05,0.2,0,0.4993171188954977,0
17,0.05,0.3,0,0.40727024618235175,0
17,0.05,0.5,0,0.12647879923906008,0
17,0.1,0.05,0,0.5225573993448338,1
17,0.1,0.1,0,0.5075604949688035,1
17,0.1,0.15,0,0.5049473433283173,1
17,0.1,0.2,0,0.49925219950421224,0
17,0.1,0.3,0,0.4039380854351297,0
17,0.1,0.5,0,0.12271534072426155,0
17,0.15,0.05,0,0.5232714522968245,1
17,0.15,0.1,0,0.4930134594287433,0
17,0.15,0.15,0,0.4978048684574046,0
17,0.15,0.2,0,0.5000409852747524,1
17,0.15,0.3,0,0.41158839736621444,0
17,0.15,0.5,0,0.11786173282758466,0
18,0.0,0.05,1,0.5035850713349178,1
18,0.0,0.1,1,0.5279015367168559,1
18,0.0,0.15,1,0.5713375755340144,1
18,0.0,0.2,1,0.6052445311818286,1
18,0.0,0.3,1,0.6550169445521967,1
18,0.0,0.5,1,0.7891103429122341,1
18,0.02,0.05,1,0.5025938082885945,1
18,0.02,0.1,1,0.5291005090028313,1
18,0.02,0.15,1,0.57082141944154,1
18,0.02,0.2,1,0.6039486350053782,1
18,0.02,0.3,1,0.6554685623451308,1
18,0.02,0.5,1,0.7901563608593027,1
18,0.05,0.05,1,0.5034503315719099,1
18,0.05,0.1,1,0.524733244117553,1
18,0.05,0.15,1,0.5705964448715598,1
18,0.05,0.2,1,0.6064656399840939,1
18,0.05,0.3,1,0.656921604576252,1
18,0.05,0.5,1,0.7880541587667035,1
18,0.1,0.05,1,0.5039215929146547,1
18,0.1,0.1,1,0.5300377604551778,1
18,0.1,0.15,1,0.5710323065269158,1
18,0.1,0.2,1,0.5952798856975599,1
18,0.1,0.3,1,0.6564047544600631,1
18,0.1,0.5,1,0.7915524453841377,1
18,0.15,0.05,1,0.514920744278042,1
18,0.15,0.1,1,0.5353936710455441,1
18,0.15,0.15,1,0.5771853745301052,1
18,0.15,0.2,1,0.606923496692356,1
18,0.15,0.3,1,0.6564202054134499,1
18,0.15,0.5,1,0.794364519173203,1
19,0.0,0.05,1,0.5123867075362938,1
19,0.0,0.1,1,0.5467923606012838,1
19,0.0,0.15,1,0.5944412679597092,1
19,0.0,0.2,1,0.6525067798932491,1
19,0.0,0.3,1,0.7721433115327144,1
19,0.0,0.5,1,0.9303174814580287,1
19,0.02,0.05,1,0.512876899494411,1
19,0.02,0.1,1,0.547259759653807,1
19,0.02,0.15,1,0.5949746159973905,1
19,0.02,0.2,1,0.6531787008857872,1
19,0.02,0.3,1,0.7735232782812507,1
19,0.02,0.5,1,0.9309107573121581,1
19,0.05,0.05,1,0.5134670267897645,1
19,0.05,0.1,1,0.5431160153462471,1
19,0.05,0.15,1,0.5925138465987051,1
19,0.05,0.2,1,0.656691367795088,1
19,0.05,0.3,1,0.7708847752609314,1
19,0.05,0.5,1,0.9312539008540465,1
19,0.1,0.05,1,0.507860936261777,1
19,0.1,0.1,1,0.5510003669979446,1
19,0.1,0.15,1,0.6049319998566152,1
19,0.1,0.2,1,0.6472854174159822,1
19,0.1,0.3,1,0.7738056680968801,1
19,0.1,0.5,1,0.9358976822660194,1
19,0.15,0.05,1,0.5165395827292051,1
19,0.15,0.1,1,0.5451685498407685,1
19,0.15,0.15,1,0.5992049621705866,1
19,0.15,0.2,1,0.6571568399863426,1
19,0.15,0.3,1,0.7708905088923107,1
19,0.15,0.5,1,0.9332612724408454,1
20,0.0,0.05,1,0.6005650604352254,1
20,0.0,0.1,1,0.6987925675601251,1
20,0.0,0.15,1,0.7792712868619287,1
20,0.0,0.2,1,0.8415368335566067,1
20,0.0,0.3,1,0.921307207717152,1
20,0.0,0.5,1,0.9806437585808341,1
20,0.02,0.05,1,0.5989366854412227,1
20,0.02,0.1,1,0.6978017548813772,1
20,0.02,0.15,1,0.7817229076617946,1
20,0.02,0.2,1,0.840787992783319,1
20,0.02,0.3,1,0.9219890131747766,1
20,0.02,0.5,1,0.981807851011327,1
20,0.05,0.05,1,0.596959046956693,1
20,0.05,0.1,1,0.6997360362001691,1
20,0.05,0.15,1,0.7839564631183134,1
20,0.05,0.2,1,0.8370517478445888,1
20,0.05,0.3,1,0.9162293512819487,1
20,0.05,0.5,1,0.9786765106227219,1
20,0.1,0.05,1,0.6000861124281353,1
20,0.1,0.1,1,0.7023414972144949,1
20,0.1,0.15,1,0.7793912262973007,1
20,0.1,0.2,1,0.846402389723024,1
20,0.1,0.3,1,0.9262433336519322,1
20,0.1,0.5,1,0.986277161391408,1
20,0.15,0.05,1,0.6097058327877308,1
20,0.15,0.1,1,0.6939473161569726,1
20,0.15,0.15,1,0.7770106125925234,1
20,0.15,0.2,1,0.8416383585417618,1
20,0.15,0.3,1,0.926939281031828,1
20,0.15,0.5,1,0.9880105709899979,1
21,0.0,0.05,1,0.48626093953701593,0
21,0.0,0.1,1,0.4872307627797982,0
21,0.0,0.15,1,0.48978087422426675,0
21,0.0,0.2,1,0.5179435817383257,1
21,0.0,0.3,1,0.6209650278559422,1
21,0.0,0.5,1,0.8266688597359775,1
21,0.02,0.05,1,0.4866404412618082,0
21,0.02,0.1,1,0.4876860541671712,0
21,0.02,0.15,1,0.48889588763029135,0
21,0.02,0.2,1,0.5180705207487329,1
21,0.02,0.3,1,0.6203206624396533,1
21,0.02,0.5,1,0.8275504781530699,1
21,0.05,0.05,1,0.48877248992250666,0
21,0.05,0.1,1,0.48969233431910253,0
21,0.05,0.15,1,0.49059048807483563,0
21,0.05,0.2,1,0.5180404554437091,1
21,0.05,0.3,1,0.6190017679891191,1
21,0.05,0.5,1,0.8272124462943277,1
21,0.1,0.05,1,0.4896467409724884,0
21,0.1,0.1,1,0.4821204279987514,0
21,0.1,0.15,1,0.490006889697052,0
21,0.1,0.2,1,0.5259315558785566,1
21,0.1,0.3,1,0.6263102911166062,1
21,0.1,0.5,1,0.8285314288600287,1
21,0.15,0.05,1,0.4962839182587309,0
21,0.15,0.1,1,0.4929937040183921,0
21,0.15,0.15,1,0.490396210746351,0
21,0.15,0.2,1,0.5247722107102695,1
21,0.15,0.3,1,0.6226616781432334,1
21,0.15,0.5,1,0.8129975906592897,1
22,0.0,0.05,1,0.5195847515463081,1
22,0.0,0.1,1,0.5393174273736873,1
22,0.0,0.15,1,0.5585841014722946,1
22,0.0,0.2,1,0.5894060668928688,1
22,0.0,0.3,1,0.6997892185086482,1
22,0.0,0.5,1,0.8918778399383052,1
22,0.02,0.05,1,0.5198389066721338,1
22,0.02,0.1,1,0.5396457401550202,1
22,0.02,0.15,1,0.5588047176226986,1
22,0.02,0.2,1,0.588987477452121,1
22,0.02,0.3,1,0.7005351493183071,1
22,0.02,0.5,1,0.892068652735229,1
22,0.05,0.05,1,0.5193476439209842,1
22,0.05,0.1,1,0.5381277585096558,1
22,0.05,0.15,1,0.5574863783622962,1
22,0.05,0.2,1,0.5889569077371111,1
22,0.05,0.3,1,0.6972098816346511,1
22,0.05,0.5,1,0.8930075330144676,1
22,0.1,0.05,1,0.5216588386301657,1
22,0.1,0.1,1,0.5350321349297058,1
22,0.1,0.15,1,0.5614849653965553,1
22,0.1,0.2,1,0.5889544462624566,1
22,0.1,0.3,1,0.6973058361705585,1
22,0.1,0.5,1,0.8967601729006498,1
22,0.15,0.05,1,0.5202751832434029,1
22,0.15,0.1,1,0.5399123263729857,1
22,0.15,0.15,1,0.5637636292704218,1
22,0.15,0.2,1,0.5784804247444509,1
22,0.15,0.3,1,0.6964528944875543,1
22,0.15,0.5,1,0.8952834720910888,1
23,0.0,0.05,0,0.46652170475741583,0
23,0.0,0.1,0,0.4370248247276653,0
23,0.0,0.15,0,0.3917179806179607,0
23,0.0,0.2,0,0.32811785743898175,0
23,0.0,0.3,0,0.20471414558222953,0
23,0.0,0.5,0,0.06434519143005919,0
23,0.02,0.05,0,0.4663994552441977,0
23,0.02,0.1,0,0.4373320416917678,0
23,0.02,0.15,0,0.39105127460179423,0
23,0.02,0.2,0,0.3276967197523874,0
23,0.02,0.3,0,0.20533185341974997,0
23,0.02,0.5,0,0.06565692790366433,0
23,0.05,0.05,0,0.4648303244917901,0
23,0.05,0.1,0,0.4384653538078447,0
23,0.05,0.15,0,0.3905800842412824,0
23,0.05,0.2,0,0.32936969400807037,0
23,0.05,0.3,0,0.20595423050557427,0
23,0.05,0.5,0,0.06627408567268805,0
23,0.1,0.05,0,0.4800491280093707,0
23,0.1,0.1,0,0.43495880937463527,0
23,0.1,0.15,0,0.3974865257997223,0
23,0.1,0.2,0,0.33152929164582157,0
23,0.1,0.3,0,0.1994952101409365,0
23,0.1,0.5,0,0.06478725004548683,0
23,0.15,0.05,0,0.46491694592351857,0
23,0.15,0.1,0,0.43330233990068423,0
23,0.15,0.15,0,0.3867238966395408,0
23,0.15,0.2,0,0.325510098462857,0
23,0.15,0.3,0,0.21595676204894626,0
23,0.15,0.5,0,0.05222521870894887,0
24,0.0,0.05,0,0.5128558513361028,1
24,0.0,0.1,0,0.5218453099699711,1
24,0.0,0.15,0,0.5149552742168335,1
24,0.0,0.2,0,0.4964259954894212,0
24,0.0,0.3,0,0.40356598711103436,0
24,0.0,0.5,0,0.18795963630053522,0
24,0.02,0.05,0,0.5124023933356789,1
24,0.02,0.1,0,0.5209303128259114,1
24,0.02,0.15,0,0.5154953398237877,1
24,0.02,0.2,0,0.49650383189521013,0
24,0.02,0.3,0,0.4043081776780752,0
24,0.02,0.5,0,0.18888185750718336,0
24,0.05,0.05,0,0.5161378010083983,1
24,0.05,0.1,0,0.5249553702429157,1
24,0.05,0.15,0,0.5118302645247538,1
24,0.05,0.2,0,0.497259427040955,0
24,0.05,0.3,0,0.40173302546406436,0
24,0.05,0.5,0,0.18966659563039223,0
24,0.1,0.05,0,0.5083013421651772,1
24,0.1,0.1,0,0.5252645465551078,1
24,0.1,0.15,0,0.5154694162365242,1
24,0.1,0.2,0,0.49079224708114,0
24,0.1,0.3,0,0.39527409989017487,0
24,0.1,0.5,0,0.18889584929256834,0
24,0.15,0.05,0,0.516776748206611,1
24,0.15,0.1,0,0.5148517474020776,1
24,0.15,0.15,0,0.5170425597980803,1
24,0.15,0.2,0,0.5002488089688071,1
24,0.15,0.3,0,0.4084765473340704,0
24,0.15,0.5,0,0.19594616394377004,0
25,0.0,0.05,0,0.5139436459511892,1
25,0.0,0.1,0,0.52551529635163,1
25,0.0,0.15,0,0.5370960764261502,1
25,0.0,0.2,0,0.5527973524345396,1
25,0.0,0.3,0,0.5126396542324034,1
25,0.0,0.5,0,0.4256379496716254,0
25,0.02,0.05,0,0.5139692132904982,1
25,0.02,0.1,0,0.5258501377019061,1
25,0.02,0.15,0,0.5377760517761155,1
25,0.02,0.2,0,0.5533311668464449,1
25,0.02,0.3,0,0.5118373287038602,1
25,0.02,0.5,0,0.4277034684425116,0
25,0.05,0.05,0,0.5134328247341678,1
25,0.05,0.1,0,0.5286211142158198,1
25,0.05,0.15,0,0.5390216388835998,1
25,0.05,0.2,0,0.5486581056797875,1
25,0.05,0.3,0,0.5132845829993221,1
25,0.05,0.5,0,0.4234589181153237,0
25,0.1,0.05,0,0.5159165882681216,1
25,0.1,0.1,0,0.5179605614964292,1
25,0.1,0.15,0,0.5365634897713377,1
25,0.1,0.2,0,0.5510010946523737,1
25,0.1,0.3,0,0.5065080795963153,1
25,0.1,0.5,0,0.4317843468141568,0
25,0.15,0.05,0,0.520933084053717,1
25,0.15,0.1,0,0.5326575866163873,1
25,0.15,0.15,0,0.5376844671192053,1
25,0.15,0.2,0,0.5558589097501712,1
25,0.15,0.3,0,0.506414874439069,1
25,0.15,0.5,0,0.43563885111664197,0
26,0.0,0.05,0,0.4972036451288219,0
26,0.0,0.1,0,0.5054629271657315,1
26,0.0,0.15,0,0.507998901375067,1
26,0.0,0.2,0,0.49766109043195195,0
26,0.0,0.3,0,0.4528139433133426,0
26,0.0,0.5,0,0.2424127705986457,0
26,0.02,0.05,0,0.49963279978390496,0
26,0.02,0.1,0,0.5042944758952198,1
26,0.02,0.15,0,0.5051186289696581,1
26,0.02,0.2,0,0.4973074232371011,0
26,0.02,0.3,0,0.45241752430106713,0
26,0.02,0.5,0,0.24163830651691556,0
26,0.05,0.05,0,0.4992658633815106,0
26,0.05,0.1,0,0.5093657760657566,1
26,0.05,0.15,0,0.50607975755858,1
26,0.05,0.2,0,0.49997060974912305,0
26,0.05,0.3,0,0.4508512312589667,0
26,0.05,0.5,0,0.24168175781629414,0
26,0.1,0.05,0,0.500520990800479,1
26,0.1,0.1,0,0.5007068933906219,1
26,0.1,0.15,0,0.5041756080909181,1
26,0.1,0.2,0,0.4917449441196069,0
26,0.1,0.3,0,0.45253507759503736,0
26,0.1,0.5,0,0.24141899628599855,0
26,0.15,0.05,0,0.49005606937668006,0
26,0.15,0.1,0,0.500092586763486,1
26,0.15,0.15,0,0.5101505482756065,1
26,0.15,0.2,0,0.4899062312621153,0
26,0.15,0.3,0,0.4562349103476691,0
26,0.15,0.5,0,0.2545664061968193,0
27,0.0,0.05,0,0.4540243681337108,0
27,0.0,0.1,0,0.39763335821979134,0
27,0.0,0.15,0,0.33134825861737777,0
27,0.0,0.2,0,0.25415589098127883,0
27,0.0,0.3,0,0.13268442087374377,0
27,0.0,0.5,0,0.025751299085022637,0
27,0.02,0.05,0,0.45425242320244624,0
27,0.02,0.1,0,0.39698642481775825,0
27,0.02,0.15,0,0.3312141396399183,0
27,0.02,0.2,0,0.2545120796481245,0
27,0.02,0.3,0,0.1318645521213418,0
27,0.02,0.5,0,0.025747253473779444,0
27,0.05,0.05,0,0.45558845007397314,0
27,0.05,0.1,0,0.3977335758325903,0
27,0.05,0.15,0,0.3301690338076888,0
27,0.05,0.2,0,0.25513712103589903,0
27,0.05,0.3,0,0.1317598533436958,0
27,0.05,0.5,0,0.026207691854741054,0
27,0.1,0.05,0,0.4529338628441996,0
27,0.1,0.1,0,0.3993137104773654,0
27,0.1,0.15,0,0.3357010129918027,0
27,0.1,0.2,0,0.25344173336483417,0
27,0.1,0.3,0,0.12909228159961128,0
27,0.1,0.5,0,0.027038744538275202,0
27,0.15,0.05,0,0.4493146499031122,0
27,0.15,0.1,0,0.39801715201477944,0
27,0.15,0.15,0,0.31644917759612046,0
27,0.15,0.2,0,0.25736517764122274,0
27,0.15,0.3,0,0.13978272637605763,0
27,0.15,0.5,0,0.038989130893362936,0
28,0.0,0.05,1,0.5024193064454272,1
28,0.0,0.1,1,0.5193998888524677,1
28,0.0,0.15,1,0.5254833625611588,1
28,0.0,0.2,1,0.5398389720850683,1
28,0.0,0.3,1,0.6451821158851616,1
28,0.0,0.5,1,0.9065915064944159,1
28,0.02,0.05,1,0.5028874556712679,1
28,0.02,0.1,1,0.5198800178261154,1
28,0.02,0.15,1,0.5241945208783407,1
28,0.02,0.2,1,0.5398961291024498,1
28,0.02,0.3,1,0.6450226510986402,1
28,0.02,0.5,1,0.9075764679973218,1
28,0.05,0.05,1,0.5001125659992038,1
28,0.05,0.1,1,0.5136784708031529,1
28,0.05,0.15,1,0.5213751732976932,1
28,0.05,0.2,1,0.5417111355991877,1
28,0.05,0.3,1,0.6441399947428404,1
28,0.05,0.5,1,0.9064788639138405,1
28,0.1,0.05,1,0.4986705607896884,0
28,0.1,0.1,1,0.5181252157468894,1
28,0.1,0.15,1,0.5204660088484062,1
28,0.1,0.2,1,0.5392475067655961,1
28,0.1,0.3,1,0.6415779968688986,1
28,0.1,0.5,1,0.9057038248327569,1
28,0.15,0.05,1,0.5038222526625682,1
28,0.15,0.1,1,0.5203655322910056,1
28,0.15,0.15,1,0.5249277518707932,1
28,0.15,0.2,1,0.5372178494491661,1
28,0.15,0.3,1,0.6420992004007539,1
28,0.15,0.5,1,0.913918294543735,1
29,0.0,0.05,1,0.4986956218549152,0
29,0.0,0.1,1,0.49352249350511573,0
29,0.0,0.15,1,0.5015904577415635,1
29,0.0,0.2,1,0.5119308886119257,1
29,0.0,0.3,1,0.6478889830544514,1
29,0.0,0.5,1,0.8906889149020423,1
29,0.02,0.05,1,0.4987976671879446,0
29,0.02,0.1,1,0.49297927497845306,0
29,0.02,0.15,1,0.50204292525896,1
29,0.02,0.2,1,0.5135816342339745,1
29,0.02,0.3,1,0.6495002781828421,1
29,0.02,0.5,1,0.8920188074934468,1
29,0.05,0.05,1,0.49649130219793586,0
29,0.05,0.1,1,0.4962542663668296,0
29,0.05,0.15,1,0.5041194115292517,1
29,0.05,0.2,1,0.5114183339094465,1
29,0.05,0.3,1,0.6451802450170208,1
29,0.05,0.5,1,0.8891848489673083,1
29,0.1,0.05,1,0.5036057802167767,1
29,0.1,0.1,1,0.49999873849305904,0
29,0.1,0.15,1,0.5050832290735308,1
29,0.1,0.2,1,0.5074152256105886,1
29,0.1,0.3,1,0.6478739222051046,1
29,0.1,0.5,1,0.8914936185220286,1
29,0.15,0.05,1,0.4996049272268732,0
29,0.15,0.1,1,0.5023226143647573,1
29,0.15,0.15,1,0.49895955677525466,0
29,0.15,0.2,1,0.5070887114473852,1
29,0.15,0.3,1,0.6555868498682773,1
29,0.15,0.5,1,0.8906355127658829,1
30,0.0,0.05,0,0.38479105231039423,0
30,0.0,0.1,0,0.296402041860995,0
30,0.0,0.15,0,0.2206045433476623,0
30,0.0,0.2,0,0.16045351891881893,0
30,0.0,0.3,0,0.08218719308387055,0
30,0.0,0.5,0,0.02046984375764702,0
30,0.02,0.05,0,0.3852287176758676,0
30,0.02,0.1,0,0.2955553162270945,0
30,0.02,0.15,0,0.21939347513128513,0
30,0.02,0.2,0,0.1608786013321064,0
30,0.02,0.3,0,0.08308029477402602,0
30,0.02,0.5,0,0.019630824430704893,0
30,0.05,0.05,0,0.3854551900702954,0
30,0.05,0.1,0,0.2931874440361411,0
30,0.05,0.15,0,0.21933494576715679,0
30,0.05,0.2,0,0.16215316072741354,0
30,0.05,0.3,0,0.084048590912778,0
30,0.05,0.5,0,0.025957823510586505,0
30,0.1,0.05,0,0.3854645171810634,0
30,0.1,0.1,0,0.2902104142588305,0
30,0.1,0.15,0,0.2230897937466723,0
30,0.1,0.2,0,0.16270639533018783,0
30,0.1,0.3,0,0.08679826889393802,0
30,0.1,0.5,0,0.026320087545455537,0
30,0.15,0.05,0,0.3709761501021018,0
30,0.15,0.1,0,0.29415085229841914,0
30,0.15,0.15,0,0.21911761875385505,0
30,0.15,0.2,0,0.16137701229096363,0
30,0.15,0.3,0,0.09164312952152202,0
30,0.15,0.5,0,0.02500115356237163,0
31,0.0,0.05,0,0.4674836420574736,0
31,0.0,0.1,0,0.42291683523398244,0
31,0.0,0.15,0,0.3663173284936211,0
31,0.0,0.2,0,0.3074313570385619,0
31,0.0,0.3,0,0.2054404409972114,0
31,0.0,0.5,0,0.05965766150959896,0
31,0.02,0.05,0,0.4680807017183065,0
31,0.02,0.1,0,0.42173922546343456,0
31,0.02,0.15,0,0.3663663309581823,0
31,0.02,0.2,0,0.307736911590938,0
31,0.02,0.3,0,0.2060143632315286,0
31,0.02,0.5,0,0.057688946519550977,0
31,0.05,0.05,0,0.46500660657642484,0
31,0.05,0.1,0,0.4221015545406634,0
31,0.05,0.15,0,0.3638950770259275,0
31,0.05,0.2,0,0.30655070087679515,0
31,0.05,0.3,0,0.2064476382392578,0
31,0.05,0.5,0,0.05914495828546681,0
31,0.1,0.05,0,0.46232629744210996,0
31,0.1,0.1,0,0.4150476290094089,0
31,0.1,0.15,0,0.36215042553546806,0
31,0.1,0.2,0,0.3108024813938418,0
31,0.1,0.3,0,0.20357313765788038,0
31,0.1,0.5,0,0.06311696879871154,0
31,0.15,0.05,0,0.47315621752860987,0
31,0.15,0.1,0,0.43042291985282527,0
31,0.15,0.15,0,0.37346506685955466,0
31,0.15,0.2,0,0.31266481352396475,0
31,0.15,0.3,0,0.20598825166054976,0
31,0.15,0.5,0,0.06849347197549648,0
32,0.0,0.05,1,0.5255451487240919,1
32,0.0,0.1,1,0.5495397985594367,1
32,0.0,0.15,1,0.5919074725342214,1
32,0.0,0.2,1,0.6289967983559043,1
32,0.0,0.3,1,0.7440395949996412,1
32,0.0,0.5,1,0.9249001947305606,1
32,0.02,0.05,1,0.5262227414321841,1
32,0.02,0.1,1,0.5496121504210442,1
32,0.02,0.15,1,0.5915524554848423,1
32,0.02,0.2,1,0.6294308604217556,1
32,0.02,0.3,1,0.7427268943693781,1
32,0.02,0.5,1,0.9249985793092954,1
32,0.05,0.05,1,0.5229125669505277,1
32,0.05,0.1,1,0.545163757304237,1
32,0.05,0.15,1,0.5936263480059866,1
32,0.05,0.2,1,0.6312529775347666,1
32,0.05,0.3,1,0.7427342206112324,1
32,0.05,0.5,1,0.9254934660188614,1
32,0.1,0.05,1,0.5276695730121862,1
32,0.1,0.1,1,0.5538599687113528,1
32,0.1,0.15,1,0.5864843481917349,1
32,0.1,0.2,1,0.6296572046150715,1
32,0.1,0.3,1,0.7384615945644412,1
32,0.1,0.5,1,0.9239119075081855,1
32,0.15,0.05,1,0.5241026237604641,1
32,0.15,0.1,1,0.5548237019176202,1
32,0.15,0.15,1,0.5911747920095636,1
32,0.15,0.2,1,0.63773213365048,1
32,0.15,0.3,1,0.7469534638732579,1
32,0.15,0.5,1,0.9262141193744168,1
33,0.0,0.05,0,0.4539652460179448,0
33,0.0,0.1,0,0.4126534031672271,0
33,0.0,0.15,0,0.36316207245240634,0
33,0.0,0.2,0,0.31547095343418924,0
33,0.0,0.3,0,0.2064141429090571,0
33,0.0,0.5,0,0.061222263469484596,0
33,0.02,0.05,0,0.45326016605974795,0
33,0.02,0.1,0,0.41431610969289157,0
33,0.02,0.15,0,0.3621954655103112,0
33,0.02,0.2,0,0.3141569623480732,0
33,0.02,0.3,0,0.20668526072652593,0
33,0.02,0.5,0,0.061164241250329515,0
33,0.05,0.05,0,0.45458450303065434,0
33,0.05,0.1,0,0.4141608479552025,0
33,0.05,0.15,0,0.3597554762991019,0
33,0.05,0.2,0,0.3164585357478661,0
33,0.05,0.3,0,0.20305623277508142,0
33,0.05,0.5,0,0.06222945500333406,0
33,0.1,0.05,0,0.45471172257687453,0
33,0.1,0.1,0,0.4162563441290639,0
33,0.1,0.15,0,0.36608821332309444,0
33,0.1,0.2,0,0.3135114320103206,0
33,0.1,0.3,0,0.20273731374399673,0
33,0.1,0.5,0,0.0647580020477686,0
33,0.15,0.05,0,0.4455993468349531,0
33,0.15,0.1,0,0.41091811620668894,0
33,0.15,0.15,0,0.36485136943361096,0
33,0.15,0.2,0,0.3237421423758989,0
33,0.15,0.3,0,0.20637883810059696,0
33,0.15,0.5,0,0.0641389440983639,0
34,0.0,0.05,1,0.5025135646267403,1
34,0.0,0.1,1,0.5322614637574796,1
34,0.0,0.15,1,0.539058130468038,1
34,0.0,0.2,1,0.5797124155491572,1
34,0.0,0.3,1,0.6883490314372469,1
34,0.0,0.5,1,0.8899318831263885,1
34,0.02,0.05,1,0.5020782770349014,1
34,0.02,0.1,1,0.5294010506004219,1
34,0.02,0.15,1,0.537893948576837,1
34,0.02,0.2,1,0.5804041961660253,1
34,0.02,0.3,1,0.6892242563524242,1
34,0.02,0.5,1,0.8903490322841213,1
34,0.05,0.05,1,0.5045095466090374,1
34,0.05,0.1,1,0.5317890178361105,1
34,0.05,0.15,1,0.537923159130928,1
34,0.05,0.2,1,0.5808913133055469,1
34,0.05,0.3,1,0.686053804078487,1
34,0.05,0.5,1,0.8919187979740356,1
34,0.1,0.05,1,0.49747329272671076,0
34,0.1,0.1,1,0.5223041179018343,1
34,0.1,0.15,1,0.54855683120732,1
34,0.1,0.2,1,0.5829620877670716,1
34,0.1,0.3,1,0.6887733000060553,1
34,0.1,0.5,1,0.8886839091117067,1
34,0.15,0.05,1,0.5099202281325408,1
34,0.15,0.1,1,0.535705155993539,1
34,0.15,0.15,1,0.5407488943554253,1
34,0.15,0.2,1,0.5864645352321073,1
34,0.15,0.3,1,0.691495873671781,1
34,0.15,0.5,1,0.8917955112457427,1
35,0.0,0.05,1,0.5238107470357537,1
35,0.0,0.1,1,0.552946076151987,1
35,0.0,0.15,1,0.5806828747280252,1
35,0.0,0.2,1,0.6308609184688913,1
35,0.0,0.3,1,0.7524709686653961,1
35,0.0,0.5,1,0.926580213300259,1
35,0.02,0.05,1,0.5243246967296945,1
35,0.02,0.1,1,0.5536113704547772,1
35,0.02,0.15,1,0.5808642958561913,1
35,0.02,0.2,1,0.6306796928418316,1
35,0.02,0.3,1,0.7514043387331287,1
35,0.02,0.5,1,0.9265629499444709,1
35,0.05,0.05,1,0.526349233244264,1
35,0.05,0.1,1,0.5553583585934382,1
35,0.05,0.15,1,0.5817723840256274,1
35,0.05,0.2,1,0.6344611773741132,1
35,0.05,0.3,1,0.7508550707360055,1
35,0.05,0.5,1,0.9267570495003734,1
35,0.1,0.05,1,0.5253460744849155,1
35,0.1,0.1,1,0.5479530545422221,1
35,0.1,0.15,1,0.5704484819815796,1
35,0.1,0.2,1,0.632899963728769,1
35,0.1,0.3,1,0.7569516537632859,1
35,0.1,0.5,1,0.9280164137896435,1
35,0.15,0.05,1,0.5245783874792492,1
35,0.15,0.1,1,0.5569215852740967,1
35,0.15,0.15,1,0.5896426628682805,1
35,0.15,0.2,1,0.6262151028115902,1
35,0.15,0.3,1,0.7634014780557916,1
35,0.15,0.5,1,0.9272632837739573,1
36,0.0,0.05,0,0.5063887868363113,1
36,0.0,0.1,0,0.5111886365501386,1
36,0.0,0.15,0,0.5207459638549178,1
36,0.0,0.2,0,0.5280913929004981,1
36,0.0,0.3,0,0.5194938634136471,1
36,0.0,0.5,0,0.48673390032265773,0
36,0.02,0.05,0,0.5055913431802761,1
36,0.02,0.1,0,0.5112018505589547,1
36,0.02,0.15,0,0.5218784715342253,1
36,0.02,0.2,0,0.5283230691258878,1
36,0.02,0.3,0,0.5211927805711692,1
36,0.02,0.5,0,0.4869281713949747,0
36,0.05,0.05,0,0.5058357850294143,1
36,0.05,0.1,0,0.507233799100864,1
36,0.05,0.15,0,0.5193389872968901,1
36,0.05,0.2,0,0.5241695269409042,1
36,0.05,0.3,0,0.5181117011390723,1
36,0.05,0.5,0,0.4862062817001387,0
36,0.1,0.05,0,0.5079576311792725,1
36,0.1,0.1,0,0.511653370802416,1
36,0.1,0.15,0,0.5274738603643002,1
36,0.1,0.2,0,0.5328290566501924,1
36,0.1,0.3,0,0.5230978092756143,1
36,0.1,0.5,0,0.49453929483478537,0
36,0.15,0.05,0,0.503886454498448,1
36,0.15,0.1,0,0.5046014228536588,1
36,0.15,0.15,0,0.5265529604581521,1
36,0.15,0.2,0,0.5242941832657281,1
36,0.15,0.3,0,0.5093799201687155,1
36,0.15,0.5,0,0.5007574726975955,1
37,0.0,0.05,0,0.48602931044431397,0
37,0.0,0.1,0,0.4871995241959507,0
37,0.0,0.15,0,0.4776813537387927,0
37,0.0,0.2,0,0.4434837844839921,0
37,0.0,0.3,0,0.39750138753544173,0
37,0.0,0.5,0,0.3176313141110396,0
37,0.02,0.05,0,0.48805585187517586,0
37,0.02,0.1,0,0.4867697259299732,0
37,0.02,0.15,0,0.47836682215003135,0
37,0.02,0.2,0,0.4434929156021747,0
37,0.02,0.3,0,0.39801235048843836,0
37,0.02,0.5,0,0.3173159983597289,0
37,0.05,0.05,0,0.4868918418746224,0
37,0.05,0.1,0,0.48611105486541095,0
37,0.05,0.15,0,0.4779020278506864,0
37,0.05,0.2,0,0.44546528840329724,0
37,0.05,0.3,0,0.39474271087400664,0
37,0.05,0.5,0,0.3178277112132214,0
37,0.1,0.05,0,0.48659307801887786,0
37,0.1,0.1,0,0.4814621128335379,0
37,0.1,0.15,0,0.4821020493443289,0
37,0.1,0.2,0,0.4465028593563562,0
37,0.1,0.3,0,0.39773063246075835,0
37,0.1,0.5,0,0.32129731073097045,0
37,0.15,0.05,0,0.481374550730698,0
37,0.15,0.1,0,0.4858564760218371,0
37,0.15,0.15,0,0.4716965029246972,0
37,0.15,0.2,0,0.4305901143272179,0
37,0.15,0.3,0,0.3953751754234962,0
37,0.15,0.5,0,0.32910266115713943,0
38,0.0,0.05,1,0.5001702823248576,1
38,0.0,0.1,1,0.5202203250635328,1
38,0.0,0.15,1,0.5434418163388068,1
38,0.0,0.2,1,0.5837902783638885,1
38,0.0,0.3,1,0.6591976725782834,1
38,0.0,0.5,1,0.879155334393113,1
38,0.02,0.05,1,0.5013753703172739,1
38,0.02,0.1,1,0.5221477701732365,1
38,0.02,0.15,1,0.543154683949649,1
38,0.02,0.2,1,0.5845047230470791,1
38,0.02,0.3,1,0.6618340348148835,1
38,0.02,0.5,1,0.8795646708051602,1
38,0.05,0.05,1,0.5025942924831092,1
38,0.05,0.1,1,0.5216463531426315,1
38,0.05,0.15,1,0.5414397546932331,1
38,0.05,0.2,1,0.5845030100759694,1
38,0.05,0.3,1,0.6601171154643136,1
38,0.05,0.5,1,0.88045407512825,1
38,0.1,0.05,1,0.4963878627478294,0
38,0.1,0.1,1,0.5192156185783183,1
38,0.1,0.15,1,0.5443923917790122,1
38,0.1,0.2,1,0.5837444909907177,1
38,0.1,0.3,1,0.6618119183196352,1
38,0.1,0.5,1,0.8798245050677085,1
38,0.15,0.05,1,0.5039797338585789,1
38,0.15,0.1,1,0.5245563141210283,1
38,0.15,0.15,1,0.5333558693955932,1
38,0.15,0.2,1,0.5798586008091142,1
38,0.15,0.3,1,0.6509773066257282,1
38,0.15,0.5,1,0.8953394071257068,1
39,0.0,0.05,1,0.5339608518628748,1
39,0.0,0.1,1,0.5438114016789557,1
39,0.0,0.15,1,0.5509920671443646,1
39,0.0,0.2,1,0.5724569440457936,1
39,0.0,0.3,1,0.6932372415273064,1
39,0.0,0.5,1,0.8819116984683174,1
39,0.02,0.05,1,0.5342473648093299,1
39,0.02,0.1,1,0.544141254504831,1
39,0.02,0.15,1,0.5505044740236509,1
39,0.02,0.2,1,0.5739650096956619,1
39,0.02,0.3,1,0.6931937109552705,1
39,0.02,0.5,1,0.8804487022067526,1
39,0.05,0.05,1,0.5358856413157113,1
39,0.05,0.1,1,0.5410021715651093,1
39,0.05,0.15,1,0.5531822379269844,1
39,0.05,0.2,1,0.5703765785596231,1
39,0.05,0.3,1,0.6980454534945439,1
39,0.05,0.5,1,0.8830018760912197,1
39,0.1,0.05,1,0.5250673570805546,1
39,0.1,0.1,1,0.5380163492540099,1
39,0.1,0.15,1,0.5525950135748653,1
39,0.1,0.2,1,0.5734879234666332,1
39,0.1,0.3,1,0.6972253722740792,1
39,0.1,0.5,1,0.8792362703453003,1
39,0.15,0.05,1,0.5384650765107193,1
39,0.15,0.1,1,0.543946976669708,1
39,0.15,0.15,1,0.5442272628284078,1
39,0.15,0.2,1,0.557882562444567,1
39,0.15,0.3,1,0.6936209196451736,1
39,0.15,0.5,1,0.8901011732065679,1
40,0.0,0.05,1,0.49953160492335996,0
40,0.0,0.1,1,0.5280664031813507,1
40,0.0,0.15,1,0.554146649300342,1
40,0.0,0.2,1,0.5922685243074385,1
40,0.0,0.3,1,0.684391879676636,1
40,0.0,0.5,1,0.8692160236678785,1
40,0.02,0.05,1,0.4981894303831337,0
40,0.02,0.1,1,0.5277477581610237,1
40,0.02,0.15,1,0.5545966569213346,1
40,0.02,0.2,1,0.5914154235709352,1
40,0.02,0.3,1,0.6845505147505857,1
40,0.02,0.5,1,0.8692217577094289,1
40,0.05,0.05,1,0.49950228754993037,0
40,0.05,0.1,1,0.5301367381741532,1
40,0.05,0.15,1,0.5529492765138628,1
40,0.05,0.2,1,0.5921532183056665,1
40,0.05,0.3,1,0.6865331451335004,1
40,0.05,0.5,1,0.8706216633446433,1
40,0.1,0.05,1,0.5028795488055676,1
40,0.1,0.1,1,0.5283832924515023,1
40,0.1,0.15,1,0.558305468840277,1
40,0.1,0.2,1,0.5895042979441327,1
40,0.1,0.3,1,0.6853213731740723,1
40,0.1,0.5,1,0.867969067370835,1
40,0.15,0.05,1,0.5034973388559437,1
40,0.15,0.1,1,0.5221784869525171,1
40,0.15,0.15,1,0.5638127447590908,1
40,0.15,0.2,1,0.5790050320285944,1
40,0.15,0.3,1,0.6956469863990667,1
40,0.15,0.5,1,0.8713885991298451,1
41,0.0,0.05,1,0.6424233776950645,1
41,0.0,0.1,1,0.743063174488816,1
41,0.0,0.15,1,0.8163620932422333,1
41,0.0,0.2,1,0.8701319116179951,1
41,0.0,0.3,1,0.9363898154576747,1
41,0.0,0.5,1,0.984619535747408,1
41,0.02,0.05,1,0.6425385389062104,1
41,0.02,0.1,1,0.7439985864045734,1
41,0.02,0.15,1,0.8161344494186875,1
41,0.02,0.2,1,0.8706702563203026,1
41,0.02,0.3,1,0.9368468064439823,1
41,0.02,0.5,1,0.9831703305460116,1
41,0.05,0.05,1,0.641035142490083,1
41,0.05,0.1,1,0.7457789396387429,1
41,0.05,0.15,1,0.8168780617275274,1
41,0.05,0.2,1,0.8743905685691618,1
41,0.05,0.3,1,0.9378062737306168,1
41,0.05,0.5,1,0.9825632374427496,1
41,0.1,0.05,1,0.6461906790173703,1
41,0.1,0.1,1,0.7466356122255148,1
41,0.1,0.15,1,0.8152354195142297,1
41,0.1,0.2,1,0.8788318024904946,1
41,0.1,0.3,1,0.9427560189514269,1
41,0.1,0.5,1,0.9919223297665017,1
41,0.15,0.05,1,0.6361561293839685,1
41,0.15,0.1,1,0.7440334592478534,1
41,0.15,0.15,1,0.8002925724715815,1
41,0.15,0.2,1,0.8717734280722177,1
41,0.15,0.3,1,0.9499078949157553,1
41,0.15,0.5,1,0.98928866816228,1
42,0.0,0.05,0,0.4617802481152764,0
42,0.0,0.1,0,0.4255462527134577,0
42,0.0,0.15,0,0.3785203232963657,0
42,0.0,0.2,0,0.33154353833087696,0
42,0.0,0.3,0,0.2053435555924807,0
42,0.0,0.5,0,0.03849122555404392,0
42,0.02,0.05,0,0.4620733897722635,0
42,0.02,0.1,0,0.42609247668569705,0
42,0.02,0.15,0,0.3792101167232799,0
42,0.02,0.2,0,0.3299604552397877,0
42,0.02,0.3,0,0.20544362012489129,0
42,0.02,0.5,0,0.038045539434485916,0
42,0.05,0.05,0,0.4660619452725523,0
42,0.05,0.1,0,0.4271439544973421,0
42,0.05,0.15,0,0.38102420154395145,0
42,0.05,0.2,0,0.33240701374099696,0
42,0.05,0.3,0,0.2080415525638112,0
42,0.05,0.5,0,0.039054347046084424,0
42,0.1,0.05,0,0.45670014173702833,0
42,0.1,0.1,0,0.4241610503312636,0
42,0.1,0.15,0,0.375992272846674,0
42,0.1,0.2,0,0.3331021138683266,0
42,0.1,0.3,0,0.1983984781551047,0
42,0.1,0.5,0,0.03850614066540645,0
42,0.15,0.05,0,0.4678090902548436,0
42,0.15,0.1,0,0.43561171856675546,0
42,0.15,0.15,0,0.37067081727121654,0
42,0.15,0.2,0,0.3271787133092249,0
42,0.15,0.3,0,0.20633420714894576,0
42,0.15,0.5,0,0.04672370498048198,0
43,0.0,0.05,1,0.5763059308004349,1
43,0.0,0.1,1,0.6534797606525705,1
43,0.0,0.15,1,0.7238142849077233,1
43,0.0,0.2,1,0.7938166579427614,1
43,0.0,0.3,1,0.9004633987673321,1
43,0.0,0.5,1,0.9792586393881205,1
43,0.02,0.05,1,0.5773550450334343,1
43,0.02,0.1,1,0.6534708644306453,1
43,0.02,0.15,1,0.7227908338492912,1
43,0.02,0.2,1,0.7934935285401352,1
43,0.02,0.3,1,0.9010231037368195,1
43,0.02,0.5,1,0.979195508058276,1
43,0.05,0.05,1,0.5752935004703267,1
43,0.05,0.1,1,0.6525529090582859,1
43,0.05,0.15,1,0.7238771257351954,1
43,0.05,0.2,1,0.7942642721355516,1
43,0.05,0.3,1,0.9003990596019894,1
43,0.05,0.5,1,0.9788388538984623,1
43,0.1,0.05,1,0.5717585575158267,1
43,0.1,0.1,1,0.6560370537391891,1
43,0.1,0.15,1,0.7229510326954119,1
43,0.1,0.2,1,0.7951088840627601,1
43,0.1,0.3,1,0.8988175300305532,1
43,0.1,0.5,1,0.9800548581211063,1
43,0.15,0.05,1,0.5755596829790007,1
43,0.15,0.1,1,0.6515308880126366,1
43,0.15,0.15,1,0.7270792487255383,1
43,0.15,0.2,1,0.8088851862648297,1
43,0.15,0.3,1,0.8942796610961524,1
43,0.15,0.5,1,0.9754593768067273,1
44,0.0,0.05,1,0.5333030362032853,1
44,0.0,0.1,1,0.5580029341086763,1
44,0.0,0.15,1,0.5647971931582426,1
44,0.0,0.2,1,0.5724382231119787,1
44,0.0,0.3,1,0.6060246657211539,1
44,0.0,0.5,1,0.7026422953998258,1
44,0.02,0.05,1,0.5328128346477786,1
44,0.02,0.1,1,0.5572131257414517,1
44,0.02,0.15,1,0.5646147787038901,1
44,0.02,0.2,1,0.5742699905672474,1
44,0.02,0.3,1,0.6068055202554905,1
44,0.02,0.5,1,0.7032192596759973,1
44,0.05,0.05,1,0.5353278215341154,1
44,0.05,0.1,1,0.5586005266386772,1
44,0.05,0.15,1,0.5593924183888437,1
44,0.05,0.2,1,0.5723685944271246,1
44,0.05,0.3,1,0.6102733425976055,1
44,0.05,0.5,1,0.7033218026238554,1
44,0.1,0.05,1,0.528842748460401,1
44,0.1,0.1,1,0.5626958000923962,1
44,0.1,0.15,1,0.5560033902989704,1
44,0.1,0.2,1,0.569974134758229,1
44,0.1,0.3,1,0.6084513705005345,1
44,0.1,0.5,1,0.7117522131124335,1
44,0.15,0.05,1,0.5326132855976802,1
44,0.15,0.1,1,0.55690146675217,1
44,0.15,0.15,1,0.5691077699194027,1
44,0.15,0.2,1,0.5717923986538019,1
44,0.15,0.3,1,0.6040181632644309,1
44,0.15,0.5,1,0.7080445541164404,1
45,0.0,0.05,1,0.5316883802923105,1
45,0.0,0.1,1,0.5437361643838597,1
45,0.0,0.15,1,0.5507828300099726,1
45,0.0,0.2,1,0.5516546397082887,1
45,0.0,0.3,1,0.5623541833850876,1
45,0.0,0.5,1,0.6066253004662066,1
45,0.02,0.05,1,0.5305988470088495,1
45,0.02,0.1,1,0.542729598013071,1
45,0.02,0.15,1,0.5499243464013877,1
45,0.02,0.2,1,0.5505661576481251,1
45,0.02,0.3,1,0.5613562855558889,1
45,0.02,0.5,1,0.6059890383235955,1
45,0.05,0.05,1,0.530823641231549,1
45,0.05,0.1,1,0.5427441609966657,1
45,0.05,0.15,1,0.5502612868993658,1
45,0.05,0.2,1,0.5510382211723692,1
45,0.05,0.3,1,0.5631147865402147,1
45,0.05,0.5,1,0.6036282298382631,1
45,0.1,0.05,1,0.5341365069069614,1
45,0.1,0.1,1,0.5433451699390378,1
45,0.1,0.15,1,0.5434656747448685,1
45,0.1,0.2,1,0.5571597846596775,1
45,0.1,0.3,1,0.5697586835697107,1
45,0.1,0.5,1,0.6055382465096066,1
45,0.15,0.05,1,0.531606255222323,1
45,0.15,0.1,1,0.5327773098061211,1
45,0.15,0.15,1,0.5506156283266457,1
45,0.15,0.2,1,0.563050286745427,1
45,0.15,0.3,1,0.5548751716872725,1
45,0.15,0.5,1,0.5909139299899115,1
46,0.0,0.05,0,0.4650191258317186,0
46,0.0,0.1,0,0.4314831429815228,0
46,0.0,0.15,0,0.38668486301171273,0
46,0.0,0.2,0,0.33724686178773106,0
46,0.0,0.3,0,0.24461213497094628,0
46,0.0,0.5,0,0.09533134074065772,0
46,0.02,0.05,0,0.4648319331184942,0
46,0.02,0.1,0,0.43274171448431104,0
46,0.02,0.15,0,0.38817662394340857,0
46,0.02,0.2,0,0.3368800197500244,0
46,0.02,0.3,0,0.24443843910031343,0
46,0.02,0.5,0,0.0949147994244744,0
46,0.05,0.05,0,0.4633919639340062,0
46,0.05,0.1,0,0.4338407046641907,0
46,0.05,0.15,0,0.38024012421380976,0
46,0.05,0.2,0,0.3393555029084397,0
46,0.05,0.3,0,0.24420102276040637,0
46,0.05,0.5,0,0.09706550250018299,0
46,0.1,0.05,0,0.46201255197618585,0
46,0.1,0.1,0,0.4271093392677929,0
46,0.1,0.15,0,0.3903603597695395,0
46,0.1,0.2,0,0.33515402511546133,0
46,0.1,0.3,0,0.24376327220326233,0
46,0.1,0.5,0,0.09270418460024327,0
46,0.15,0.05,0,0.4722879564558657,0
46,0.15,0.1,0,0.4224614071695793,0
46,0.15,0.15,0,0.38634077390827803,0
46,0.15,0.2,0,0.3341556665020482,0
46,0.15,0.3,0,0.2425832662665717,0
46,0.15,0.5,0,0.09641442460282348,0
47,0.0,0.05,0,0.4644842397720864,0
47,0.0,0.1,0,0.4609939781226197,0
47,0.0,0.15,0,0.42357707080859996,0
47,0.0,0.2,0,0.37050972635584795,0
47,0.0,0.3,0,0.2375408926405663,0
47,0.0,0.5,0,0.08792701651154247,0
47,0.02,0.05,0,0.46355244387054284,0
47,0.02,0.1,0,0.4630294381347659,0
47,0.02,0.15,0,0.4242489480719379,0
47,0.02,0.2,0,0.3701807014382008,0
47,0.02,0.3,0,0.23726440728680495,0
47,0.02,0.5,0,0.08891102126935467,0
47,0.05,0.05,0,0.46450463109407025,0
47,0.05,0.1,0,0.45963725573573133,0
47,0.05,0.15,0,0.42569205577026153,0
47,0.05,0.2,0,0.37186251368806367,0
47,0.05,0.3,0,0.23681250293384534,0
47,0.05,0.5,0,0.08621242658932546,0
47,0.1,0.05,0,0.4689407313413164,0
47,0.1,0.1,0,0.4575874682201879,0
47,0.1,0.15,0,0.42952845735170775,0
47,0.1,0.2,0,0.36533921149386095,0
47,0.1,0.3,0,0.23884304810872345,0
47,0.1,0.5,0,0.09376769615533338,0
47,0.15,0.05,0,0.4490348463070276,0
47,0.15,0.1,0,0.4593027312561243,0
47,0.15,0.15,0,0.4336658882257107,0
47,0.15,0.2,0,0.37281779367299267,0
47,0.15,0.3,0,0.22871036504295458,0
47,0.15,0.5,0,0.09820421789398036,0
48,0.0,0.05,0,0.5211760734796851,1
48,0.0,0.1,0,0.528486466052538,1
48,0.0,0.15,0,0.5252509287612421,1
48,0.0,0.2,0,0.509619112270854,1
48,0.0,0.3,0,0.4969915193391753,0
48,0.0,0.5,0,0.3998493384296608,0
48,0.02,0.05,0,0.5199851006468984,1
48,0.02,0.1,0,0.5295824286961144,1
48,0.02,0.15,0,0.5272583786352871,1
48,0.02,0.2,0,0.5073589581745083,1
48,0.02,0.3,0,0.4972193265475301,0
48,0.02,0.5,0,0.4000022220860055,0
48,0.05,0.05,0,0.5182844529515411,1
48,0.05,0.1,0,0.5253674254765602,1
48,0.05,0.15,0,0.528319036939876,1
48,0.05,0.2,0,0.5108797108353753,1
48,0.05,0.3,0,0.4973820867446655,0
48,0.05,0.5,0,0.39757629915296416,0
48,0.1,0.05,0,0.5258135731299705,1
48,0.1,0.1,0,0.530310616133424,1
48,0.1,0.15,0,0.523150200122433,1
48,0.1,0.2,0,0.5133580780488249,1
48,0.1,0.3,0,0.49769192680177515,0
48,0.1,0.5,0,0.3949245270032668,0
48,0.15,0.05,0,0.5083765990205661,1
48,0.15,0.1,0,0.5363710832376573,1
48,0.15,0.15,0,0.5260805256227001,1
48,0.15,0.2,0,0.507607392520141,1
48,0.15,0.3,0,0.48966074947614224,0
48,0.15,0.5,0,0.40277770828933657,0
49,0.0,0.05,0,0.4699219849116385,0
49,0.0,0.1,0,0.43580325751042953,0
49,0.0,0.15,0,0.38227102655242834,0
49,0.0,0.2,0,0.31747493355522594,0
49,0.0,0.3,0,0.2027624895041655,0
49,0.0,0.5,0,0.04678430301554889,0
49,0.02,0.05,0,0.4720688521539475,0
49,0.02,0.1,0,0.43452726440168155,0
49,0.02,0.15,0,0.38222206235470285,0
49,0.02,0.2,0,0.3185472729551324,0
49,0.02,0.3,0,0.20230041935215984,0
49,0.02,0.5,0,0.046387152473395483,0
49,0.05,0.05,0,0.4662751564464021,0
49,0.05,0.1,0,0.43354907666247594,0
49,0.05,0.15,0,0.38598885450497494,0
49,0.05,0.2,0,0.3205345402939421,0
49,0.05,0.3,0,0.20405053786650043,0
49,0.05,0.5,0,0.04713679142423793,0
49,0.1,0.05,0,0.46383782089044245,0
49,0.1,0.1,0,0.43890768121928087,0
49,0.1,0.15,0,0.3793348710222192,0
49,0.1,0.2,0,0.3190306275778101,0
49,0.1,0.3,0,0.21237215717540187,0
49,0.1,0.5,0,0.05126949180433999,0
49,0.15,0.05,0,0.4777138748107431,0
49,0.15,0.1,0,0.4341715936190086,0
49,0.15,0.15,0,0.38200109904852797,0
49,0.15,0.2,0,0.3058926373886636,0
49,0.15,0.3,0,0.19432631220023536,0
49,0.15,0.5,0,0.04746636356888912,0
50,0.0,0.05,0,0.4936124279115443,0
50,0.0,0.1,0,0.46767806721960403,0
50,0.0,0.15,0,0.4296088357654049,0
50,0.0,0.2,0,0.40096955067296924,0
50,0.0,0.3,0,0.36624985769606794,0
50,0.0,0.5,0,0.3748077806250693,0
50,0.02,0.05,0,0.49271438232769404,0
50,0.02,0.1,0,0.4677129477909095,0
50,0.02,0.15,0,0.42930217900247347,0
50,0.02,0.2,0,0.4010462816405738,0
50,0.02,0.3,0,0.365437557306859,0
50,0.02,0.5,0,0.3751658436375913,0
50,0.05,0.05,0,0.4945792180845533,0
50,0.05,0.1,0,0.4708774836215888,0
50,0.05,0.15,0,0.4311833906515903,0
50,0.05,0.2,0,0.4043498148849196,0
50,0.05,0.3,0,0.3637431370632444,0
50,0.05,0.5,0,0.37349714137984524,0
50,0.1,0.05,0,0.4906452604077343,0
50,0.1,0.1,0,0.46511853470390296,0
50,0.1,0.15,0,0.4349973669893508,0
50,0.1,0.2,0,0.4010040887265183,0
50,0.1,0.3,0,0.36822113773069304,0
50,0.1,0.5,0,0.38488670957082394,0
50,0.15,0.05,0,0.49927284727369575,0
50,0.15,0.1,0,0.46930100659492285,0
50,0.15,0.15,0,0.43169903648795116,0
50,0.15,0.2,0,0.3922430707266689,0
50,0.15,0.3,0,0.36256512537472807,0
50,0.15,0.5,0,0.37541154990923276,0
51,0.0,0.05,1,0.49448864323806907,0
51,0.0,0.1,1,0.49684601930216754,0
51,0.0,0.15,1,0.5253875011232333,1
51,0.0,0.2,1,0.5499651422673397,1
51,0.0,0.3,1,0.6301671110995198,1
51,0.0,0.5,1,0.8596934190440334,1
51,0.02,0.05,1,0.49491831695310207,0
51,0.02,0.1,1,0.4967944659837984,0
51,0.02,0.15,1,0.5257826849802453,1
51,0.02,0.2,1,0.5486653573394199,1
51,0.02,0.3,1,0.6298506273968583,1
51,0.02,0.5,1,0.8597965744053396,1
51,0.05,0.05,1,0.4957961175872516,0
51,0.05,0.1,1,0.49391852024993704,0
51,0.05,0.15,1,0.5261151345407545,1
51,0.05,0.2,1,0.5554730238092432,1
51,0.05,0.3,1,0.6332345357434795,1
51,0.05,0.5,1,0.8611024076554248,1
51,0.1,0.05,1,0.5021344285294632,1
51,0.1,0.1,1,0.49915780271824345,0
51,0.1,0.15,1,0.5383067534716912,1
51,0.1,0.2,1,0.5509642267432332,1
51,0.1,0.3,1,0.633477307253525,1
51,0.1,0.5,1,0.8605311795182985,1
51,0.15,0.05,1,0.501961122485773,1
51,0.15,0.1,1,0.4910997146865084,0
51,0.15,0.15,1,0.528030943808342,1
51,0.15,0.2,1,0.5481139103665044,1
51,0.15,0.3,1,0.6296580265726256,1
51,0.15,0.5,1,0.8631839013320625,1
52,0.0,0.05,1,0.5136448027829431,1
52,0.0,0.1,1,0.5405428323876157,1
52,0.0,0.15,1,0.5580460788609364,1
52,0.0,0.2,1,0.5681550026345219,1
52,0.0,0.3,1,0.6137656449689883,1
52,0.0,0.5,1,0.7521870745091026,1
52,0.02,0.05,1,0.514939435905494,1
52,0.02,0.1,1,0.5396718181238426,1
52,0.02,0.15,1,0.5582431041648485,1
52,0.02,0.2,1,0.5689101847435156,1
52,0.02,0.3,1,0.6131438108355806,1
52,0.02,0.5,1,0.753841350263376,1
52,0.05,0.05,1,0.5117650732671263,1
52,0.05,0.1,1,0.5383496526511007,1
52,0.05,0.15,1,0.5602009578643025,1
52,0.05,0.2,1,0.56807135816141,1
52,0.05,0.3,1,0.6160633671557221,1
52,0.05,0.5,1,0.7495154561730216,1
52,0.1,0.05,1,0.512455870566116,1
52,0.1,0.1,1,0.5407041695325381,1
52,0.1,0.15,1,0.5511642953932023,1
52,0.1,0.2,1,0.5660218603206285,1
52,0.1,0.3,1,0.6158825686652702,1
52,0.1,0.5,1,0.7567849082802576,1
52,0.15,0.05,1,0.5270425176637693,1
52,0.15,0.1,1,0.5358854180109894,1
52,0.15,0.15,1,0.5505215815130431,1
52,0.15,0.2,1,0.5695330494964014,1
52,0.15,0.3,1,0.6113819175148969,1
52,0.15,0.5,1,0.7424092147333319,1
53,0.0,0.05,1,0.5190598170511689,1
53,0.0,0.1,1,0.5373117797270143,1
53,0.0,0.15,1,0.573991993138092,1
53,0.0,0.2,1,0.6057159345286505,1
53,0.0,0.3,1,0.6891037216188982,1
53,0.0,0.5,1,0.871879205124222,1
53,0.02,0.05,1,0.5198106176967109,1
53,0.02,0.1,1,0.5365955253639711,1
53,0.02,0.15,1,0.5728324375943784,1
53,0.02,0.2,1,0.6045591860264997,1
53,0.02,0.3,1,0.6895060569376572,1
53,0.02,0.5,1,0.8713352100219797,1
53,0.05,0.05,1,0.5217282042877049,1
53,0.05,0.1,1,0.5359591980434204,1
53,0.05,0.15,1,0.5709482094246433,1
53,0.05,0.2,1,0.6045742339641883,1
53,0.05,0.3,1,0.6888958179692376,1
53,0.05,0.5,1,0.8707692090667793,1
53,0.1,0.05,1,0.5152167321827181,1
53,0.1,0.1,1,0.5308968395053016,1
53,0.1,0.15,1,0.5781283535411974,1
53,0.1,0.2,1,0.6078451468449242,1
53,0.1,0.3,1,0.6956736882289926,1
53,0.1,0.5,1,0.875493336837528,1
53,0.15,0.05,1,0.5217797561336587,1
53,0.15,0.1,1,0.5358167600502988,1
53,0.15,0.15,1,0.5621403317722344,1
53,0.15,0.2,1,0.6000667963300975,1
53,0.15,0.3,1,0.6843245877398152,1
53,0.15,0.5,1,0.866852225993911,1
54,0.0,0.05,1,0.49170584747461094,0
54,0.0,0.1,1,0.5103311347906786,1
54,0.0,0.15,1,0.5247676439310003,1
54,0.0,0.2,1,0.5308056420312022,1
54,0.0,0.3,1,0.5586396844088486,1
54,0.0,0.5,1,0.7627073133293328,1
54,0.02,0.05,1,0.4937458491214794,0
54,0.02,0.1,1,0.5106263628869536,1
54,0.02,0.15,1,0.5245917830903785,1
54,0.02,0.2,1,0.5304245540721021,1
54,0.02,0.3,1,0.5576116206973574,1
54,0.02,0.5,1,0.7612818804962136,1
54,0.05,0.05,1,0.4949561847261802,0
54,0.05,0.1,1,0.5110431428837992,1
54,0.05,0.15,1,0.5308507068001063,1
54,0.05,0.2,1,0.5305349264702784,1
54,0.05,0.3,1,0.5622490299160683,1
54,0.05,0.5,1,0.7664548319398887,1
54,0.1,0.05,1,0.48533484410626393,0
54,0.1,0.1,1,0.5085345064987401,1
54,0.1,0.15,1,0.5221124204268655,1
54,0.1,0.2,1,0.5373193797011574,1
54,0.1,0.3,1,0.5602195449948781,1
54,0.1,0.5,1,0.7672948935505234,1
54,0.15,0.05,1,0.48667065474650395,0
54,0.15,0.1,1,0.5065926268086741,1
54,0.15,0.15,1,0.5319192323961608,1
54,0.15,0.2,1,0.5247804520174832,1
54,0.15,0.3,1,0.5606918255838107,1
54,0.15,0.5,1,0.7673823798445868,1
55,0.0,0.05,0,0.49713015190613286,0
55,0.0,0.1,0,0.4996007898079816,0
55,0.0,0.15,0,0.49583230158458325,0
55,0.0,0.2,0,0.4870941777088166,0
55,0.0,0.3,0,0.4290350049658856,0
55,0.0,0.5,0,0.21655490726239462,0
55,0.02,0.05,0,0.4974896286354035,0
55,0.02,0.1,0,0.4989880736057883,0
55,0.02,0.15,0,0.4949321416048971,0
55,0.02,0.2,0,0.4879131316844595,0
55,0.02,0.3,0,0.4307357021714315,0
55,0.02,0.5,0,0.21505193644789075,0
55,0.05,0.05,0,0.4949840556795426,0
55,0.05,0.1,0,0.5007081999525175,1
55,0.05,0.15,0,0.4937862065145322,0
55,0.05,0.2,0,0.48547133449391655,0
55,0.05,0.3,0,0.42798406090656077,0
55,0.05,0.5,0,0.21730035118406793,0
55,0.1,0.05,0,0.49514513793784254,0
55,0.1,0.1,0,0.49958888296600645,0
55,0.1,0.15,0,0.5008084181774304,1
55,0.1,0.2,0,0.4744490296023507,0
55,0.1,0.3,0,0.423016812390129,0
55,0.1,0.5,0,0.21812533738719186,0
55,0.15,0.05,0,0.5013240605356607,1
55,0.15,0.1,0,0.5015649246150021,1
55,0.15,0.15,0,0.4997957160385413,0
55,0.15,0.2,0,0.4979822592900903,0
55,0.15,0.3,0,0.4257724809682084,0
55,0.15,0.5,0,0.20377855582094315,0
56,0.0,0.05,1,0.6193445561012755,1
56,0.0,0.1,1,0.7178121397790128,1
56,0.0,0.15,1,0.795192187583605,1
56,0.0,0.2,1,0.8547323284448275,1
56,0.0,0.3,1,0.9286302641961642,1
56,0.0,0.5,1,0.9831890250921324,1
56,0.02,0.05,1,0.6183374397466699,1
56,0.02,0.1,1,0.7191445402521855,1
56,0.02,0.15,1,0.7965496451820158,1
56,0.02,0.2,1,0.8541801906681262,1
56,0.02,0.3,1,0.9270453264573517,1
56,0.02,0.5,1,0.982063034341616,1
56,0.05,0.05,1,0.6190619804589681,1
56,0.05,0.1,1,0.7184314669399887,1
56,0.05,0.15,1,0.7959478008519955,1
56,0.05,0.2,1,0.8527368592792557,1
56,0.05,0.3,1,0.9252087231395054,1
56,0.05,0.5,1,0.9823814856212879,1
56,0.1,0.05,1,0.6187267329441939,1
56,0.1,0.1,1,0.7175539892054632,1
56,0.1,0.15,1,0.8025387858845571,1
56,0.1,0.2,1,0.8570421224515448,1
56,0.1,0.3,1,0.9320493756485833,1
56,0.1,0.5,1,0.9870848827457528,1
56,0.15,0.05,1,0.6168603909767592,1
56,0.15,0.1,1,0.7126115969494636,1
56,0.15,0.15,1,0.7875646293767444,1
56,0.15,0.2,1,0.8662792735656228,1
56,0.15,0.3,1,0.9242790200885715,1
56,0.15,0.5,1,0.9829238734467671,1
57,0.0,0.05,0,0.48055153554229174,0
57,0.0,0.1,0,0.43906397349998294,0
57,0.0,0.15,0,0.40739572759789155,0
57,0.0,0.2,0,0.378597086534402,0
57,0.0,0.3,0,0.2612088401809108,0
57,0.0,0.5,0,0.05364630002398908,0
57,0.02,0.05,0,0.48212029638304404,0
57,0.02,0.1,0,0.4399351510581717,0
57,0.02,0.15,0,0.4078082478192527,0
57,0.02,0.2,0,0.37789069588863927,0
57,0.02,0.3,0,0.261661381759304,0
57,0.02,0.5,0,0.052550656423775384,0
57,0.05,0.05,0,0.48550678201002256,0
57,0.05,0.1,0,0.4379447988729305,0
57,0.05,0.15,0,0.4064019152532768,0
57,0.05,0.2,0,0.3782477035624842,0
57,0.05,0.3,0,0.2646077389855418,0
57,0.05,0.5,0,0.05332266500227871,0
57,0.1,0.05,0,0.48282761919836314,0
57,0.1,0.1,0,0.4447465046872256,0
57,0.1,0.15,0,0.3981270729095871,0
57,0.1,0.2,0,0.3724780611505331,0
57,0.1,0.3,0,0.2584262101748101,0
57,0.1,0.5,0,0.04816610445082133,0
57,0.15,0.05,0,0.48087773479831436,0
57,0.15,0.1,0,0.44097795137903334,0
57,0.15,0.15,0,0.41735952545207716,0
57,0.15,0.2,0,0.3763954206962922,0
57,0.15,0.3,0,0.25682363711153217,0
57,0.15,0.5,0,0.049071231375432504,0
58,0.0,0.05,1,0.5522808528035317,1
58,0.0,0.1,1,0.5761361480330781,1
58,0.0,0.15,1,0.611155942698403,1
58,0.0,0.2,1,0.6440978617155162,1
58,0.0,0.3,1,0.7384505931311217,1
58,0.0,0.5,1,0.8723193066746195,1
58,0.02,0.05,1,0.5526888164079305,1
58,0.02,0.1,1,0.5762867543378905,1
58,0.02,0.15,1,0.6102314989319736,1
58,0.02,0.2,1,0.6444802853055975,1
58,0.02,0.3,1,0.7390881288060942,1
58,0.02,0.5,1,0.8737640194566699,1
58,0.05,0.05,1,0.5539559577724974,1
58,0.05,0.1,1,0.578878695605206,1
58,0.05,0.15,1,0.6135844236102217,1
58,0.05,0.2,1,0.6480572693025508,1
58,0.05,0.3,1,0.7391053484482534,1
58,0.05,0.5,1,0.8708933588094018,1
58,0.1,0.05,1,0.5524140551648895,1
58,0.1,0.1,1,0.5714472046323333,1
58,0.1,0.15,1,0.6149364342601965,1
58,0.1,0.2,1,0.6394660875650688,1
58,0.1,0.3,1,0.7366263917176779,1
58,0.1,0.5,1,0.8745566514289527,1
58,0.15,0.05,1,0.5423039431277886,1
58,0.15,0.1,1,0.5698359732021946,1
58,0.15,0.15,1,0.6157051871495546,1
58,0.15,0.2,1,0.6401883760554485,1
58,0.15,0.3,1,0.7339272407952688,1
58,0.15,0.5,1,0.8793327726081765,1
59,0.0,0.05,1,0.47053350851681214,0
59,0.0,0.1,1,0.5260295965509407,1
59,0.0,0.15,1,0.5425026509219978,1
59,0.0,0.2,1,0.5399652069877551,1
59,0.0,0.3,1,0.48782649221056246,0
59,0.0,0.5,1,0.5404903030032377,1
59,0.02,0.05,1,0.46930741116111657,0
59,0.02,0.1,1,0.5274059334225322,1
59,0.02,0.15,1,0.5421712207090191,1
59,0.02,0.2,1,0.5408395378185639,1
59,0.02,0.3,1,0.4876551431952746,0
59,0.02,0.5,1,0.5393026328151468,1
59,0.05,0.05,1,0.46945506592709396,0
59,0.05,0.1,1,0.5254756035051407,1
59,0.05,0.15,1,0.5380870696558149,1
59,0.05,0.2,1,0.5422975322532914,1
59,0.05,0.3,1,0.4816682077088558,0
59,0.05,0.5,1,0.5422047767923418,1
59,0.1,0.05,1,0.4644926606457713,0
59,0.1,0.1,1,0.5214926997006004,1
59,0.1,0.15,1,0.5381496401102105,1
59,0.1,0.2,1,0.5397226258437814,1
59,0.1,0.3,1,0.48537412154534726,0
59,0.1,0.5,1,0.534799926209454,1
59,0.15,0.05,1,0.4694859275162404,0
59,0.15,0.1,1,0.5163682607913953,1
59,0.15,0.15,1,0.5432323125738477,1
59,0.15,0.2,1,0.532558461399839,1
59,0.15,0.3,1,0.49566229972130593,0
59,0.15,0.5,1,0.5390752070111946,1
60,0.0,0.05,1,0.5190478681455223,1
60,0.0,0.1,1,0.5334481367398051,1
60,0.0,0.15,1,0.5485540946929226,1
60,0.0,0.2,1,0.5691546859965062,1
60,0.0,0.3,1,0.660545939897261,1
60,0.0,0.5,1,0.903943392270261,1
60,0.02,0.05,1,0.5183844046999982,1
60,0.02,0.1,1,0.5352799504182002,1
60,0.02,0.15,1,0.5481743834032038,1
60,0.02,0.2,1,0.5691085832837653,1
60,0.02,0.3,1,0.6605866305616038,1
60,0.02,0.5,1,0.9035822511790319,1
60,0.05,0.05,1,0.52149351829469,1
60,0.05,0.1,1,0.535530462110579,1
60,0.05,0.15,1,0.5478420595618343,1
60,0.05,0.2,1,0.5721243902761773,1
60,0.05,0.3,1,0.6609563010128743,1
60,0.05,0.5,1,0.9012741119255987,1
60,0.1,0.05,1,0.5156660686183098,1
60,0.1,0.1,1,0.5336578104856121,1
60,0.1,0.15,1,0.5482228968114132,1
60,0.1,0.2,1,0.5717411020328761,1
60,0.1,0.3,1,0.6599179555840792,1
60,0.1,0.5,1,0.9051948429234122,1
60,0.15,0.05,1,0.524847720235261,1
60,0.15,0.1,1,0.5210143934271682,1
60,0.15,0.15,1,0.5419853529828704,1
60,0.15,0.2,1,0.5807319372619683,1
60,0.15,0.3,1,0.6537280923620613,1
60,0.15,0.5,1,0.9179442799898828,1
61,0.0,0.05,1,0.5009970905606345,1
61,0.0,0.1,1,0.5083119947797632,1
61,0.0,0.15,1,0.5301120442090583,1
61,0.0,0.2,1,0.5548956855225852,1
61,0.0,0.3,1,0.6203859593133303,1
61,0.0,0.5,1,0.8575202649465297,1
61,0.02,0.05,1,0.5020735250911453,1
61,0.02,0.1,1,0.5084066941356888,1
61,0.02,0.15,1,0.529634285736769,1
61,0.02,0.2,1,0.5544989465721226,1
61,0.02,0.3,1,0.6219898639149342,1
61,0.02,0.5,1,0.8567161214085826,1
61,0.05,0.05,1,0.5017862676222005,1
61,0.05,0.1,1,0.5080732597863775,1
61,0.05,0.15,1,0.5299496263789468,1
61,0.05,0.2,1,0.5577955647398162,1
61,0.05,0.3,1,0.6190443139094236,1
61,0.05,0.5,1,0.8575254201255761,1
61,0.1,0.05,1,0.5006731720695565,1
61,0.1,0.1,1,0.5069399861474317,1
61,0.1,0.15,1,0.5369011580561254,1
61,0.1,0.2,1,0.5568605420929728,1
61,0.1,0.3,1,0.6238761126158179,1
61,0.1,0.5,1,0.8561912143799928,1
61,0.15,0.05,1,0.5024144765583649,1
61,0.15,0.1,1,0.5009706145769993,1
61,0.15,0.15,1,0.5329171858788111,1
61,0.15,0.2,1,0.5553387000763632,1
61,0.15,0.3,1,0.624032382117097,1
61,0.15,0.5,1,0.8526038650390831,1
62,0.0,0.05,0,0.4511687397902349,0
62,0.0,0.1,0,0.4430065562743661,0
62,0.0,0.15,0,0.43921523507574173,0
62,0.0,0.2,0,0.43794542875590414,0
62,0.0,0.3,0,0.38956558338463854,0
62,0.0,0.5,0,0.20206029082886579,0
62,0.02,0.05,0,0.45145077765234753,0
62,0.02,0.1,0,0.44336176687968076,0
62,0.02,0.15,0,0.43954855578576,0
62,0.02,0.2,0,0.4377675269821763,0
62,0.02,0.3,0,0.3909093085547268,0
62,0.02,0.5,0,0.20203796632259421,0
62,0.05,0.05,0,0.4493146978840881,0
62,0.05,0.1,0,0.4451683905062856,0
62,0.05,0.15,0,0.44163969167960226,0
62,0.05,0.2,0,0.4360554581089359,0
62,0.05,0.3,0,0.3918208569623584,0
62,0.05,0.5,0,0.2024954003887557,0
62,0.1,0.05,0,0.4520450232732716,0
62,0.1,0.1,0,0.4301441710430063,0
62,0.1,0.15,0,0.43565500428278375,0
62,0.1,0.2,0,0.4337953742618033,0
62,0.1,0.3,0,0.38107087260226474,0
62,0.1,0.5,0,0.19981096102088045,0
62,0.15,0.05,0,0.46168168284624345,0
62,0.15,0.1,0,0.4474276905352223,0
62,0.15,0.15,0,0.44647311770672865,0
62,0.15,0.2,0,0.44070802134739895,0
62,0.15,0.3,0,0.40486345955031744,0
62,0.15,0.5,0,0.19086381580573944,0
63,0.0,0.05,0,0.3347630881983054,0
63,0.0,0.1,0,0.21807604771556374,0
63,0.0,0.15,0,0.13787795992121443,0
63,0.0,0.2,0,0.08506873135552255,0
63,0.0,0.3,0,0.03008539780628945,0
63,0.0,0.5,0,0.003695534821809245,0
63,0.02,0.05,0,0.33696904076145207,0
63,0.02,0.1,0,0.21962843606814247,0
63,0.02,0.15,0,0.1363747544693072,0
63,0.02,0.2,0,0.08487137492942037,0
63,0.02,0.3,0,0.03056447881701349,0
63,0.02,0.5,0,0.0031802675250947273,0
63,0.05,0.05,0,0.33527311653881375,0
63,0.05,0.1,0,0.22378684817508424,0
63,0.05,0.15,0,0.14534092513519617,0
63,0.05,0.2,0,0.0857437237241308,0
63,0.05,0.3,0,0.029703711031906666,0
63,0.05,0.5,0,5.0591117191215015e-05,0
63,0.1,0.05,0,0.3382758627397239,0
63,0.1,0.1,0,0.2197958306711522,0
63,0.1,0.15,0,0.13842959671859495,0
63,0.1,0.2,0,0.08372126453313045,0
63,0.1,0.3,0,0.027803254119088495,0
63,0.1,0.5,0,0.003922343915793137,0
63,0.15,0.05,0,0.33652874201769173,0
63,0.15,0.1,0,0.2114880426031563,0
63,0.15,0.15,0,0.13151072046780213,0
63,0.15,0.2,0,0.08960132910441031,0
63,0.15,0.3,0,0.030210243666272864,0
63,0.15,0.5,0,0.0025163138410316892,0
64,0.0,0.05,1,0.5712467986157226,1
64,0.0,0.1,1,0.6166048313702361,1
64,0.0,0.15,1,0.6516544109118028,1
64,0.0,0.2,1,0.7030390086599171,1
64,0.0,0.3,1,0.807618316600171,1
64,0.0,0.5,1,0.965192530033266,1
64,0.02,0.05,1,0.569574298944547,1
64,0.02,0.1,1,0.6171360284427705,1
64,0.02,0.15,1,0.6519596927212186,1
64,0.02,0.2,1,0.7026552020815168,1
64,0.02,0.3,1,0.8078112807133113,1
64,0.02,0.5,1,0.9641560094331623,1
64,0.05,0.05,1,0.5687023195738972,1
64,0.05,0.1,1,0.6174200362542772,1
64,0.05,0.15,1,0.6498481942443554,1
64,0.05,0.2,1,0.7018088630768842,1
64,0.05,0.3,1,0.8020526647055823,1
64,0.05,0.5,1,0.9668797176297241,1
64,0.1,0.05,1,0.569600625311981,1
64,0.1,0.1,1,0.6180794152770278,1
64,0.1,0.15,1,0.6424008059467011,1
64,0.1,0.2,1,0.7056381482254386,1
64,0.1,0.3,1,0.808746760186394,1
64,0.1,0.5,1,0.9699742137747887,1
64,0.15,0.05,1,0.5671320523936717,1
64,0.15,0.1,1,0.6133109335400511,1
64,0.15,0.15,1,0.65611334407803,1
64,0.15,0.2,1,0.7039944659474764,1
64,0.15,0.3,1,0.8093728275628266,1
64,0.15,0.5,1,0.9636923070005543,1
65,0.0,0.05,1,0.5883369550210285,1
65,0.0,0.1,1,0.6574101805282077,1
65,0.0,0.15,1,0.720552075907898,1
65,0.0,0.2,1,0.7631830678845866,1
65,0.0,0.3,1,0.8526143893384842,1
65,0.0,0.5,1,0.9635944091104797,1
65,0.02,0.05,1,0.5889194453788122,1
65,0.02,0.1,1,0.6566326362056625,1
65,0.02,0.15,1,0.7193099626748106,1
65,0.02,0.2,1,0.7623329399271376,1
65,0.02,0.3,1,0.8540761310207482,1
65,0.02,0.5,1,0.9642681014180461,1
65,0.05,0.05,1,0.5857418548565256,1
65,0.05,0.1,1,0.6546371526595035,1
65,0.05,0.15,1,0.7217633583953503,1
65,0.05,0.2,1,0.7628517874216938,1
65,0.05,0.3,1,0.8526387010088008,1
65,0.05,0.5,1,0.9618141331252921,1
65,0.1,0.05,1,0.5895360133135894,1
65,0.1,0.1,1,0.6609638422122343,1
65,0.1,0.15,1,0.7190742255409456,1
65,0.1,0.2,1,0.7664873517650743,1
65,0.1,0.3,1,0.8508779042376806,1
65,0.1,0.5,1,0.9589408161379097,1
65,0.15,0.05,1,0.57896566549345,1
65,0.15,0.1,1,0.6454304394718182,1
65,0.15,0.15,1,0.7119326098807333,1
65,0.15,0.2,1,0.7685253902823851,1
65,0.15,0.3,1,0.8462982163985683,1
65,0.15,0.5,1,0.9562019966070682,1
66,0.0,0.05,1,0.5591976809599668,1
66,0.0,0.1,1,0.6099839426180858,1
66,0.0,0.15,1,0.6465272409831433,1
66,0.0,0.2,1,0.6830534814689845,1
66,0.0,0.3,1,0.7450557355468788,1
66,0.0,0.5,1,0.8938414905685798,1
66,0.02,0.05,1,0.5598171761021368,1
66,0.02,0.1,1,0.6115926609873851,1
66,0.02,0.15,1,0.6444960346243696,1
66,0.02,0.2,1,0.6839117016865096,1
66,0.02,0.3,1,0.7439632156739374,1
66,0.02,0.5,1,0.8932646846280302,1
66,0.05,0.05,1,0.5621538137748876,1
66,0.05,0.1,1,0.6116018092690277,1
66,0.05,0.15,1,0.6453233339302965,1
66,0.05,0.2,1,0.6814984204330936,1
66,0.05,0.3,1,0.7490037983275889,1
66,0.05,0.5,1,0.8995157700073495,1
66,0.1,0.05,1,0.5590492048592082,1
66,0.1,0.1,1,0.6042338493433874,1
66,0.1,0.15,1,0.6551850952103243,1
66,0.1,0.2,1,0.6758712041750115,1
66,0.1,0.3,1,0.74293113624429,1
66,0.1,0.5,1,0.8986719031017885,1
66,0.15,0.05,1,0.5672726188826509,1
66,0.15,0.1,1,0.6026004953909089,1
66,0.15,0.15,1,0.647832442061077,1
66,0.15,0.2,1,0.6775682630427498,1
66,0.15,0.3,1,0.7500503590698352,1
66,0.15,0.5,1,0.8987800011502501,1
67,0.0,0.05,1,0.4746028266830463,0
67,0.0,0.1,1,0.48164497396118655,0
67,0.0,0.15,1,0.5104953366000472,1
67,0.0,0.2,1,0.5602893004811331,1
67,0.0,0.3,1,0.6686430917188848,1
67,0.0,0.5,1,0.8623044648106956,1
67,0.02,0.05,1,0.47358207430493515,0
67,0.02,0.1,1,0.4807410104145719,0
67,0.02,0.15,1,0.5100119645001688,1
67,0.02,0.2,1,0.5579568906558208,1
67,0.02,0.3,1,0.6684829352825575,1
67,0.02,0.5,1,0.8620032442549321,1
67,0.05,0.05,1,0.4731714665799931,0
67,0.05,0.1,1,0.481792162805084,0
67,0.05,0.15,1,0.512401149116257,1
67,0.05,0.2,1,0.5618971681976538,1
67,0.05,0.3,1,0.6662978316113636,1
67,0.05,0.5,1,0.8606674539382867,1
67,0.1,0.05,1,0.4753157990007635,0
67,0.1,0.1,1,0.48397408325141067,0
67,0.1,0.15,1,0.5088422333666393,1
67,0.1,0.2,1,0.5616804627000307,1
67,0.1,0.3,1,0.6633599408604282,1
67,0.1,0.5,1,0.871491306778198,1
67,0.15,0.05,1,0.4791610558521543,0
67,0.15,0.1,1,0.4866848142568201,0
67,0.15,0.15,1,0.5125531439660541,1
67,0.15,0.2,1,0.556282183967975,1
67,0.15,0.3,1,0.6806988950562359,1
67,0.15,0.5,1,0.8656922462204572,1
68,0.0,0.05,1,0.5266965795425025,1
68,0.0,0.1,1,0.5349628217027848,1
68,0.0,0.15,1,0.5509050572141476,1
68,0.0,0.2,1,0.5743385110435695,1
68,0.0,0.3,1,0.646969038940726,1
68,0.0,0.5,1,0.8622917878306829,1
68,0.02,0.05,1,0.5247362101147492,1
68,0.02,0.1,1,0.5344389037257302,1
68,0.02,0.15,1,0.548968732304304,1
68,0.02,0.2,1,0.5744651472239255,1
68,0.02,0.3,1,0.6459980670241676,1
68,0.02,0.5,1,0.8595167876284553,1
68,0.05,0.05,1,0.5221712181725855,1
68,0.05,0.1,1,0.5377625059747014,1
68,0.05,0.15,1,0.5470622916417381,1
68,0.05,0.2,1,0.577666428774671,1
68,0.05,0.3,1,0.6445448521083574,1
68,0.05,0.5,1,0.8656423094553379,1
68,0.1,0.05,1,0.5194684032373631,1
68,0.1,0.1,1,0.5418982004202016,1
68,0.1,0.15,1,0.5518712824644839,1
68,0.1,0.2,1,0.570846175076208,1
68,0.1,0.3,1,0.6475777577573513,1
68,0.1,0.5,1,0.8602417723656648,1
68,0.15,0.05,1,0.5274131331221273,1
68,0.15,0.1,1,0.5253130450979819,1
68,0.15,0.15,1,0.5469288042018408,1
68,0.15,0.2,1,0.5825233750330738,1
68,0.15,0.3,1,0.6519953044064484,1
68,0.15,0.5,1,0.8706263751991381,1
69,0.0,0.05,0,0.44443280527532536,0
69,0.0,0.1,0,0.4158198407178685,0
69,0.0,0.15,0,0.4099841544071337,0
69,0.0,0.2,0,0.39139515033577893,0
69,0.0,0.3,0,0.3283613051608115,0
69,0.0,0.5,0,0.12252305818201771,0
69,0.02,0.05,0,0.4439386148290731,0
69,0.02,0.1,0,0.415307716365189,0
69,0.02,0.15,0,0.4108891167826937,0
69,0.02,0.2,0,0.3924700461917777,0
69,0.02,0.3,0,0.327893613236698,0
69,0.02,0.5,0,0.12206787304522966,0
69,0.05,0.05,0,0.4430836587870051,0
69,0.05,0.1,0,0.414054878235332,0
69,0.05,0.15,0,0.4076092950261423,0
69,0.05,0.2,0,0.3916163939801054,0
69,0.05,0.3,0,0.3235597927174344,0
69,0.05,0.5,0,0.11804047214623674,0
69,0.1,0.05,0,0.4415319004471559,0
69,0.1,0.1,0,0.4181706003749027,0
69,0.1,0.15,0,0.4154259249163177,0
69,0.1,0.2,0,0.3947287409702652,0
69,0.1,0.3,0,0.3307884476902686,0
69,0.1,0.5,0,0.1224044519232537,0
69,0.15,0.05,0,0.4387029902685995,0
69,0.15,0.1,0,0.41967745638873105,0
69,0.15,0.15,0,0.4128804210617381,0
69,0.15,0.2,0,0.3833016464785719,0
69,0.15,0.3,0,0.329429978812408,0
69,0.15,0.5,0,0.11833302145656613,0
70,0.0,0.05,0,0.4903671939479314,0
70,0.0,0.1,0,0.4751962037154744,0
70,0.0,0.15,0,0.47076639422032135,0
70,0.0,0.2,0,0.467880233642494,0
70,0.0,0.3,0,0.42482300212728763,0
70,0.0,0.5,0,0.25510397440628746,0
70,0.02,0.05,0,0.49141964679330924,0
70,0.02,0.1,0,0.4748350278869697,0
70,0.02,0.15,0,0.4712450808391804,0
70,0.02,0.2,0,0.4681429988951709,0
70,0.02,0.3,0,0.4234925484206267,0
70,0.02,0.5,0,0.25506388241450184,0
70,0.05,0.05,0,0.49370079178814175,0
70,0.05,0.1,0,0.47816456423661047,0
70,0.05,0.15,0,0.4719189132565221,0
70,0.05,0.2,0,0.46310270020611555,0
70,0.05,0.3,0,0.42664743033817837,0
70,0.05,0.5,0,0.25482357905719777,0
70,0.1,0.05,0,0.4920146502920561,0
70,0.1,0.1,0,0.4787648100684091,0
70,0.1,0.15,0,0.47486399749402586,0
70,0.1,0.2,0,0.46304782615232865,0
70,0.1,0.3,0,0.43885477104949144,0
70,0.1,0.5,0,0.2591539557329635,0
70,0.15,0.05,0,0.4814153309528363,0
70,0.15,0.1,0,0.4788184351241275,0
70,0.15,0.15,0,0.4679822644553132,0
70,0.15,0.2,0,0.46426671642799333,0
70,0.15,0.3,0,0.43610338683143174,0
70,0.15,0.5,0,0.2543906336006567,0
71,0.0,0.05,1,0.505657745967979,1
71,0.0,0.1,1,0.5176627471456104,1
71,0.0,0.15,1,0.5418013170939129,1
71,0.0,0.2,1,0.574446914998213,1
71,0.0,0.3,1,0.6725453059104995,1
71,0.0,0.5,1,0.8568659186601747,1
71,0.02,0.05,1,0.5045944044076485,1
71,0.02,0.1,1,0.5164734583484456,1
71,0.02,0.15,1,0.5423918244394011,1
71,0.02,0.2,1,0.5745729038615771,1
71,0.02,0.3,1,0.67251441979937,1
71,0.02,0.5,1,0.8566717635732539,1
71,0.05,0.05,1,0.5049791962476249,1
71,0.05,0.1,1,0.514678687694755,1
71,0.05,0.15,1,0.5414749341534811,1
71,0.05,0.2,1,0.5745078055799752,1
71,0.05,0.3,1,0.6713616302928569,1
71,0.05,0.5,1,0.853556884725049,1
71,0.1,0.05,1,0.5043617712719477,1
71,0.1,0.1,1,0.5237273446207126,1
71,0.1,0.15,1,0.5472029758690291,1
71,0.1,0.2,1,0.568967004887652,1
71,0.1,0.3,1,0.6787339207916018,1
71,0.1,0.5,1,0.8576943017395133,1
71,0.15,0.05,1,0.5135451083089962,1
71,0.15,0.1,1,0.5261607961311341,1
71,0.15,0.15,1,0.5464161205404735,1
71,0.15,0.2,1,0.5618300824466025,1
71,0.15,0.3,1,0.6797246007665174,1
71,0.15,0.5,1,0.8487331982910783,1
72,0.0,0.05,1,0.523076766106066,1
72,0.0,0.1,1,0.5479120557265871,1
72,0.0,0.15,1,0.5579357087665713,1
72,0.0,0.2,1,0.5688846510529574,1
72,0.0,0.3,1,0.6322967579115379,1
72,0.0,0.5,1,0.8113162801782673,1
72,0.02,0.05,1,0.5224901245873613,1
72,0.02,0.1,1,0.5469976010382873,1
72,0.02,0.15,1,0.5585431278767369,1
72,0.02,0.2,1,0.5685237256622699,1
72,0.02,0.3,1,0.6318441603494902,1
72,0.02,0.5,1,0.8095116617596679,1
72,0.05,0.05,1,0.5212214624781372,1
72,0.05,0.1,1,0.548571130594499,1
72,0.05,0.15,1,0.5549383973017311,1
72,0.05,0.2,1,0.5679861026272686,1
72,0.05,0.3,1,0.632960170485813,1
72,0.05,0.5,1,0.8113832681486508,1
72,0.1,0.05,1,0.5300548812942515,1
72,0.1,0.1,1,0.5564950290221569,1
72,0.1,0.15,1,0.5601269976863196,1
72,0.1,0.2,1,0.5749881728365447,1
72,0.1,0.3,1,0.6303096703209746,1
72,0.1,0.5,1,0.8155749607383755,1
72,0.15,0.05,1,0.5222539835171975,1
72,0.15,0.1,1,0.5423359831821492,1
72,0.15,0.15,1,0.5540051133618695,1
72,0.15,0.2,1,0.5795416159829111,1
72,0.15,0.3,1,0.6232424358790197,1
72,0.15,0.5,1,0.7990925945739388,1
73,0.0,0.05,0,0.4849669759858156,0
73,0.0,0.1,0,0.4922912118082537,0
73,0.0,0.15,0,0.4920915914246935,0
73,0.0,0.2,0,0.4961359826107187,0
73,0.0,0.3,0,0.46943513219545835,0
73,0.0,0.5,0,0.2568489841371521,0
73,0.02,0.05,0,0.48690358463286326,0
73,0.02,0.1,0,0.49255195907155774,0
73,0.02,0.15,0,0.4916479714230865,0
73,0.02,0.2,0,0.4968466333951953,0
73,0.02,0.3,0,0.46948584845859814,0
73,0.02,0.5,0,0.257582201019596,0
73,0.05,0.05,0,0.4873335296325252,0
73,0.05,0.1,0,0.4903520030064095,0
73,0.05,0.15,0,0.4922862993232041,0
73,0.05,0.2,0,0.49959508709514194,0
73,0.05,0.3,0,0.4767172859967734,0
73,0.05,0.5,0,0.2590411840648023,0
73,0.1,0.05,0,0.48434745767747395,0
73,0.1,0.1,0,0.4922825815813669,0
73,0.1,0.15,0,0.4907605218352319,0
73,0.1,0.2,0,0.49726215589427464,0
73,0.1,0.3,0,0.47998641498915107,0
73,0.1,0.5,0,0.2623255579759718,0
73,0.15,0.05,0,0.48346799816819636,0
73,0.15,0.1,0,0.4861690397036383,0
73,0.15,0.15,0,0.4942859947439273,0
73,0.15,0.2,0,0.49817001086232887,0
73,0.15,0.3,0,0.4711234842704279,0
73,0.15,0.5,0,0.2605321688311022,0
74,0.0,0.05,0,0.451988100131611,0
74,0.0,0.1,0,0.47622171441912775,0
74,0.0,0.15,0,0.4934515839698297,0
74,0.0,0.2,0,0.5102986901050638,1
74,0.0,0.3,0,0.5132311579417509,1
74,0.0,0.5,0,0.37173678014569117,0
74,0.02,0.05,0,0.4517941667777474,0
74,0.02,0.1,0,0.4760956706360379,0
74,0.02,0.15,0,0.4923472055023571,0
74,0.02,0.2,0,0.5110179841565848,1
74,0.02,0.3,0,0.5114809845255766,1
74,0.02,0.5,0,0.3697411288304592,0
74,0.05,0.05,0,0.44801355464421894,0
74,0.05,0.1,0,0.4772283260155795,0
74,0.05,0.15,0,0.4936339356634689,0
74,0.05,0.2,0,0.5070083265134008,1
74,0.05,0.3,0,0.5170006737729957,1
74,0.05,0.5,0,0.3756111297258496,0
74,0.1,0.05,0,0.45848968394951317,0
74,0.1,0.1,0,0.47198922286110484,0
74,0.1,0.15,0,0.49498149541516456,0
74,0.1,0.2,0,0.4998831494689691,0
74,0.1,0.3,0,0.5108528737658272,1
74,0.1,0.5,0,0.37072507476711963,0
74,0.15,0.05,0,0.45139576354846905,0
74,0.15,0.1,0,0.46979679713442163,0
74,0.15,0.15,0,0.4987049092303472,0
74,0.15,0.2,0,0.5034592173038038,1
74,0.15,0.3,0,0.5158869929186404,1
74,0.15,0.5,0,0.3721494483018096,0
75,0.0,0.05,1,0.5102815846369974,1
75,0.0,0.1,1,0.5504770017939782,1
75,0.0,0.15,1,0.6034451772029964,1
75,0.0,0.2,1,0.6483183170649504,1
75,0.0,0.3,1,0.7556453029497712,1
75,0.0,0.5,1,0.9356934769086948,1
75,0.02,0.05,1,0.5114554351604838,1
75,0.02,0.1,1,0.5506393716559629,1
75,0.02,0.15,1,0.6041605761393192,1
75,0.02,0.2,1,0.6483388597640458,1
75,0.02,0.3,1,0.7551831754623254,1
75,0.02,0.5,1,0.9355437107829551,1
75,0.05,0.05,1,0.5130738656716053,1
75,0.05,0.1,1,0.5478810085220963,1
75,0.05,0.15,1,0.6024137661055082,1
75,0.05,0.2,1,0.6501739433499312,1
75,0.05,0.3,1,0.7524058894306338,1
75,0.05,0.5,1,0.9347946822160093,1
75,0.1,0.05,1,0.5128359615226955,1
75,0.1,0.1,1,0.5482256550843777,1
75,0.1,0.15,1,0.6025345827619937,1
75,0.1,0.2,1,0.6500889798949755,1
75,0.1,0.3,1,0.7614230326594824,1
75,0.1,0.5,1,0.9304795221882088,1
75,0.15,0.05,1,0.5001986407745228,1
75,0.15,0.1,1,0.5544950409782516,1
75,0.15,0.15,1,0.6078255238637236,1
75,0.15,0.2,1,0.6520317292837896,1
75,0.15,0.3,1,0.7513483808077214,1
75,0.15,0.5,1,0.9500824989368347,1
76,0.0,0.05,0,0.49365839143578016,0
76,0.0,0.1,0,0.4727575896162942,0
76,0.0,0.15,0,0.44537904350053836,0
76,0.0,0.2,0,0.4373367717982944,0
76,0.0,0.3,0,0.40793179313885425,0
76,0.0,0.5,0,0.38135204650142207,0
76,0.02,0.05,0,0.492023097408378,0
76,0.02,0.1,0,0.4740656388956319,0
76,0.02,0.15,0,0.4441563168798247,0
76,0.02,0.2,0,0.4395978913234769,0
76,0.02,0.3,0,0.4076531207314014,0
76,0.02,0.5,0,0.3807327802834392,0
76,0.05,0.05,0,0.4944223902774965,0
76,0.05,0.1,0,0.46980177414247026,0
76,0.05,0.15,0,0.4458045784341659,0
76,0.05,0.2,0,0.435906142067087,0
76,0.05,0.3,0,0.41237215469206523,0
76,0.05,0.5,0,0.3790870737586168,0
76,0.1,0.05,0,0.49475006629842455,0
76,0.1,0.1,0,0.47153325539422736,0
76,0.1,0.15,0,0.44841334452619047,0
76,0.1,0.2,0,0.434484155860201,0
76,0.1,0.3,0,0.41336964181458224,0
76,0.1,0.5,0,0.38119234832033744,0
76,0.15,0.05,0,0.4984758500746546,0
76,0.15,0.1,0,0.466275963364469,0
76,0.15,0.15,0,0.4435303794766876,0
76,0.15,0.2,0,0.4231279135834969,0
76,0.15,0.3,0,0.4097569521225821,0
76,0.15,0.5,0,0.37332276988767293,0
77,0.0,0.05,1,0.5527242299178549,1
77,0.0,0.1,1,0.609569596850349,1
77,0.0,0.15,1,0.6683860054765328,1
77,0.0,0.2,1,0.7128854493388556,1
77,0.0,0.3,1,0.8029311168995544,1
77,0.0,0.5,1,0.9300693419771519,1
77,0.02,0.05,1,0.5519827118394307,1
77,0.02,0.1,1,0.6091468009982014,1
77,0.02,0.15,1,0.6686582045369291,1
77,0.02,0.2,1,0.7132290225750378,1
77,0.02,0.3,1,0.8026489842272778,1
77,0.02,0.5,1,0.9303686169431269,1
77,0.05,0.05,1,0.5471164575150416,1
77,0.05,0.1,1,0.6043247400175666,1
77,0.05,0.15,1,0.6754545527228596,1
77,0.05,0.2,1,0.7159046136403144,1
77,0.05,0.3,1,0.8047358923170186,1
77,0.05,0.5,1,0.9304680282547249,1
77,0.1,0.05,1,0.5523120722778662,1
77,0.1,0.1,1,0.6062158591299099,1
77,0.1,0.15,1,0.6681023729308352,1
77,0.1,0.2,1,0.7142649384314579,1
77,0.1,0.3,1,0.8051561713433326,1
77,0.1,0.5,1,0.9357969358391027,1
77,0.15,0.05,1,0.5545117929257789,1
77,0.15,0.1,1,0.6109976394297563,1
77,0.15,0.15,1,0.6645954079531713,1
77,0.15,0.2,1,0.7160477134573144,1
77,0.15,0.3,1,0.8072773981269645,1
77,0.15,0.5,1,0.9325880298516218,1
78,0.0,0.05,1,0.5385275494142461,1
78,0.0,0.1,1,0.587661776252947,1
78,0.0,0.15,1,0.6496001002368527,1
78,0.0,0.2,1,0.7026560310876918,1
78,0.0,0.3,1,0.7937100986676457,1
78,0.0,0.5,1,0.916508192506255,1
78,0.02,0.05,1,0.5385216629809061,1
78,0.02,0.1,1,0.5870443982642495,1
78,0.02,0.15,1,0.6496150136456253,1
78,0.02,0.2,1,0.7034056651901168,1
78,0.02,0.3,1,0.7928057086327275,1
78,0.02,0.5,1,0.9158724492784617,1
78,0.05,0.05,1,0.5408515465086016,1
78,0.05,0.1,1,0.5862442621361199,1
78,0.05,0.15,1,0.6429900111827672,1
78,0.05,0.2,1,0.7053974265425732,1
78,0.05,0.3,1,0.7959754818983864,1
78,0.05,0.5,1,0.9124769691239747,1
78,0.1,0.05,1,0.5326440717643153,1
78,0.1,0.1,1,0.5817832246202151,1
78,0.1,0.15,1,0.6463984832818952,1
78,0.1,0.2,1,0.7034200066866375,1
78,0.1,0.3,1,0.79631872982298,1
78,0.1,0.5,1,0.920354736281574,1
78,0.15,0.05,1,0.545477318836912,1
78,0.15,0.1,1,0.5844057338591979,1
78,0.15,0.15,1,0.654744009357364,1
78,0.15,0.2,1,0.6915603538516261,1
78,0.15,0.3,1,0.7842396508144179,1
78,0.15,0.5,1,0.9126195252746576,1
79,0.0,0.05,0,0.49506694666816425,0
79,0.0,0.1,0,0.4870484677665344,0
79,0.0,0.15,0,0.46860266298663,0
79,0.0,0.2,0,0.4490245962932748,0
79,0.0,0.3,0,0.40631812090408526,0
79,0.0,0.5,0,0.26907229724751347,0
79,0.02,0.05,0,0.4948653045269098,0
79,0.02,0.1,0,0.4879786035657042,0
79,0.02,0.15,0,0.46773569880849236,0
79,0.02,0.2,0,0.44908145012706036,0
79,0.02,0.3,0,0.40644578575820345,0
79,0.02,0.5,0,0.26823952147807917,0
79,0.05,0.05,0,0.4940679171584319,0
79,0.05,0.1,0,0.48668698461567084,0
79,0.05,0.15,0,0.46858056873878773,0
79,0.05,0.2,0,0.44948676892356837,0
79,0.05,0.3,0,0.4057437800999777,0
79,0.05,0.5,0,0.2692877424051365,0
79,0.1,0.05,0,0.4977625726245266,0
79,0.1,0.1,0,0.48578568521391186,0
79,0.1,0.15,0,0.46317804932457746,0
79,0.1,0.2,0,0.4546680529353199,0
79,0.1,0.3,0,0.40175280688510046,0
79,0.1,0.5,0,0.2661560177374494,0
79,0.15,0.05,0,0.506057205816112,1
79,0.15,0.1,0,0.4887158012142486,0
79,0.15,0.15,0,0.46999249941122184,0
79,0.15,0.2,0,0.45251092436635204,0
79,0.15,0.3,0,0.3992457523818095,0
79,0.15,0.5,0,0.2769639971994009,0
80,0.0,0.05,1,0.5122882398871667,1
80,0.0,0.1,1,0.5299171038336882,1
80,0.0,0.15,1,0.5445489040157884,1
80,0.0,0.2,1,0.5504089392750328,1
80,0.0,0.3,1,0.5689499707752934,1
80,0.0,0.5,1,0.6474697171366345,1
80,0.02,0.05,1,0.513140861527968,1
80,0.02,0.1,1,0.5308416145936474,1
80,0.02,0.15,1,0.5440708934770554,1
80,0.02,0.2,1,0.5504688236645111,1
80,0.02,0.3,1,0.5696251099172449,1
80,0.02,0.5,1,0.6474198097057695,1
80,0.05,0.05,1,0.5155739519084609,1
80,0.05,0.1,1,0.5283976773291813,1
80,0.05,0.15,1,0.5461156010654324,1
80,0.05,0.2,1,0.5480127671412777,1
80,0.05,0.3,1,0.566911042876074,1
80,0.05,0.5,1,0.6446404927041697,1
80,0.1,0.05,1,0.5118894534520941,1
80,0.1,0.1,1,0.5382310891966289,1
80,0.1,0.15,1,0.5404462893265465,1
80,0.1,0.2,1,0.553882867259569,1
80,0.1,0.3,1,0.5713228797242185,1
80,0.1,0.5,1,0.6561567724067477,1
80,0.15,0.05,1,0.5186172025092206,1
80,0.15,0.1,1,0.5148413090649028,1
80,0.15,0.15,1,0.5407052860362725,1
80,0.15,0.2,1,0.5426805064858562,1
80,0.15,0.3,1,0.570170277566425,1
80,0.15,0.5,1,0.64626854062239,1
81,0.0,0.05,1,0.4919255179852442,0
81,0.0,0.1,1,0.4797352015312122,0
81,0.0,0.15,1,0.4974602020474074,0
81,0.0,0.2,1,0.5374487101290302,1
81,0.0,0.3,1,0.6345732654723321,1
81,0.0,0.5,1,0.8603495768294992,1
81,0.02,0.05,1,0.49424338354695685,0
81,0.02,0.1,1,0.4788783256779845,0
81,0.02,0.15,1,0.4956223803397815,0
81,0.02,0.2,1,0.5377695102723855,1
81,0.02,0.3,1,0.6338959730852822,1
81,0.02,0.5,1,0.8613276442255031,1
81,0.05,0.05,1,0.4932536502584529,0
81,0.05,0.1,1,0.4805058360671877,0
81,0.05,0.15,1,0.4979434486681086,0
81,0.05,0.2,1,0.539851852346778,1
81,0.05,0.3,1,0.631068650646167,1
81,0.05,0.5,1,0.8579780942024777,1
81,0.1,0.05,1,0.48671263062469916,0
81,0.1,0.1,1,0.4833517545462708,0
81,0.1,0.15,1,0.49648236848417004,0
81,0.1,0.2,1,0.5457217065420085,1
81,0.1,0.3,1,0.6397571845334674,1
81,0.1,0.5,1,0.8515565103126759,1
81,0.15,0.05,1,0.47748764660850135,0
81,0.15,0.1,1,0.4896985029744828,0
81,0.15,0.15,1,0.4915757187127677,0
81,0.15,0.2,1,0.5437543248100708,1
81,0.15,0.3,1,0.6356000343268609,1
81,0.15,0.5,1,0.8447489423242553,1
82,0.0,0.05,0,0.39580396072672686,0
82,0.0,0.1,0,0.31056353956900207,0
82,0.0,0.15,0,0.23788224164847763,0
82,0.0,0.2,0,0.17819888698020414,0
82,0.0,0.3,0,0.09641431918472523,0
82,0.0,0.5,0,0.02259483647262458,0
82,0.02,0.05,0,0.3953152800322998,0
82,0.02,0.1,0,0.309408962459591,0
82,0.02,0.15,0,0.23739892391766843,0
82,0.02,0.2,0,0.17711524426785724,0
82,0.02,0.3,0,0.09789779451642275,0
82,0.02,0.5,0,0.02279544047272389,0
82,0.05,0.05,0,0.3980885409159283,0
82,0.05,0.1,0,0.3143797151671485,0
82,0.05,0.15,0,0.23770580865548507,0
82,0.05,0.2,0,0.17774418538479334,0
82,0.05,0.3,0,0.10194005532868618,0
82,0.05,0.5,0,0.024777055170413786,0
82,0.1,0.05,0,0.39229442487526345,0
82,0.1,0.1,0,0.31496162392744076,0
82,0.1,0.15,0,0.23356077196889974,0
82,0.1,0.2,0,0.18059001557193247,0
82,0.1,0.3,0,0.09539796535202186,0
82,0.1,0.5,0,0.030827048319214206,0
82,0.15,0.05,0,0.3877852071023948,0
82,0.15,0.1,0,0.31256927377181554,0
82,0.15,0.15,0,0.2312036944277508,0
82,0.15,0.2,0,0.17965318879216371,0
82,0.15,0.3,0,0.10525143498889598,0
82,0.15,0.5,0,0.012670806222904077,0
83,0.0,0.05,1,0.4972736061255416,0
83,0.0,0.1,1,0.5011041914639047,1
83,0.0,0.15,1,0.5055249649294662,1
83,0.0,0.2,1,0.5233392471120109,1
83,0.0,0.3,1,0.6260832591252327,1
83,0.0,0.5,1,0.8725799558915314,1
83,0.02,0.05,1,0.49792549038014516,0
83,0.02,0.1,1,0.5002655467647964,1
83,0.02,0.15,1,0.505075488454863,1
83,0.02,0.2,1,0.5223130818644819,1
83,0.02,0.3,1,0.6263711109993394,1
83,0.02,0.5,1,0.8724896058501734,1
83,0.05,0.05,1,0.4982649521907354,0
83,0.05,0.1,1,0.5027597662927311,1
83,0.05,0.15,1,0.5039747805976572,1
83,0.05,0.2,1,0.5219357553911967,1
83,0.05,0.3,1,0.6249044931569712,1
83,0.05,0.5,1,0.8738854193571225,1
83,0.1,0.05,1,0.4847868600995093,0
83,0.1,0.1,1,0.5046764132620977,1
83,0.1,0.15,1,0.5032308982105845,1
83,0.1,0.2,1,0.5237493651143961,1
83,0.1,0.3,1,0.620605079810258,1
83,0.1,0.5,1,0.8701902073813966,1
83,0.15,0.05,1,0.48160383668901935,0
83,0.15,0.1,1,0.4909516164549898,0
83,0.15,0.15,1,0.5053939584479636,1
83,0.15,0.2,1,0.5131956925719273,1
83,0.15,0.3,1,0.6165619553230836,1
83,0.15,0.5,1,0.8732191867044907,1
84,0.0,0.05,0,0.48799185934453954,0
84,0.0,0.1,0,0.4625318760367844,0
84,0.0,0.15,0,0.43998802573653567,0
84,0.0,0.2,0,0.40994668191194344,0
84,0.0,0.3,0,0.3022089875269655,0
84,0.0,0.5,0,0.09740239763559748,0
84,0.02,0.05,0,0.48592555985143665,0
84,0.02,0.1,0,0.4633288735479935,0
84,0.02,0.15,0,0.44054382686486815,0
84,0.02,0.2,0,0.41121803730290896,0
84,0.02,0.3,0,0.30075208974004036,0
84,0.02,0.5,0,0.09832615556790182,0
84,0.05,0.05,0,0.4875092565730383,0
84,0.05,0.1,0,0.4667693546293268,0
84,0.05,0.15,0,0.44323454112467553,0
84,0.05,0.2,0,0.4092898408362961,0
84,0.05,0.3,0,0.30179634106410524,0
84,0.05,0.5,0,0.10151843963092631,0
84,0.1,0.05,0,0.4954470075393052,0
84,0.1,0.1,0,0.46715056548564665,0
84,0.1,0.15,0,0.4451210512782642,0
84,0.1,0.2,0,0.4083688983919575,0
84,0.1,0.3,0,0.3021846007387578,0
84,0.1,0.5,0,0.09249935500573203,0
84,0.15,0.05,0,0.48343232459376956,0
84,0.15,0.1,0,0.4751125737735401,0
84,0.15,0.15,0,0.44598335993529176,0
84,0.15,0.2,0,0.40568923054833766,0
84,0.15,0.3,0,0.30465481262530836,0
84,0.15,0.5,0,0.10874561145668281,0
85,0.0,0.05,1,0.5037531918142305,1
85,0.0,0.1,1,0.5138118452726518,1
85,0.0,0.15,1,0.5458969595508518,1
85,0.0,0.2,1,0.5843408921127142,1
85,0.0,0.3,1,0.6852725049844436,1
85,0.0,0.5,1,0.8618670340606873,1
85,0.02,0.05,1,0.504874864442904,1
85,0.02,0.1,1,0.5125844179982314,1
85,0.02,0.15,1,0.5450181034078972,1
85,0.02,0.2,1,0.5833207336087168,1
85,0.02,0.3,1,0.6866984604714041,1
85,0.02,0.5,1,0.8604202866672102,1
85,0.05,0.05,1,0.5008618081689792,1
85,0.05,0.1,1,0.513886037335552,1
85,0.05,0.15,1,0.5484501222643975,1
85,0.05,0.2,1,0.5851963515547433,1
85,0.05,0.3,1,0.6881854774295902,1
85,0.05,0.5,1,0.8626203270586631,1
85,0.1,0.05,1,0.5059022465271968,1
85,0.1,0.1,1,0.5207913142591473,1
85,0.1,0.15,1,0.5500951054387203,1
85,0.1,0.2,1,0.588339000807908,1
85,0.1,0.3,1,0.6929756730233295,1
85,0.1,0.5,1,0.8513325517938943,1
85,0.15,0.05,1,0.5137134754467899,1
85,0.15,0.1,1,0.5204980296227847,1
85,0.15,0.15,1,0.5373905962589518,1
85,0.15,0.2,1,0.589742930885116,1
85,0.15,0.3,1,0.6851487922797864,1
85,0.15,0.5,1,0.8510455171558847,1
86,0.0,0.05,0,0.42881818168451613,0
86,0.0,0.1,0,0.3431411721553347,0
86,0.0,0.15,0,0.25385123488534383,0
86,0.0,0.2,0,0.1789475908043151,0
86,0.0,0.3,0,0.07725210276619113,0
86,0.0,0.5,0,0.012904755213195814,0
86,0.02,0.05,0,0.42875422418275316,0
86,0.02,0.1,0,0.3441227765382757,0
86,0.02,0.15,0,0.25388387049890143,0
86,0.02,0.2,0,0.1786947586238188,0
86,0.02,0.3,0,0.07671361192067566,0
86,0.02,0.5,0,0.012258425673778025,0
86,0.05,0.05,0,0.4319622480534217,0
86,0.05,0.1,0,0.3421182668294431,0
86,0.05,0.15,0,0.25308655273422553,0
86,0.05,0.2,0,0.17777018526657512,0
86,0.05,0.3,0,0.07939720294125335,0
86,0.05,0.5,0,0.018531604614099192,0
86,0.1,0.05,0,0.4260127995750451,0
86,0.1,0.1,0,0.3465885280423336,0
86,0.1,0.15,0,0.25392061844415686,0
86,0.1,0.2,0,0.18739086109239803,0
86,0.1,0.3,0,0.07407424882201107,0
86,0.1,0.5,0,0.016077849356674976,0
86,0.15,0.05,0,0.434498395995339,0
86,0.15,0.1,0,0.341420253699023,0
86,0.15,0.15,0,0.2450387033115156,0
86,0.15,0.2,0,0.1803580207053926,0
86,0.15,0.3,0,0.0832473172678379,0
86,0.15,0.5,0,0.02509379534928273,0
87,0.0,0.05,0,0.4106237656905784,0
87,0.0,0.1,0,0.34954015916031655,0
87,0.0,0.15,0,0.2869451750671227,0
87,0.0,0.2,0,0.22694800791438646,0
87,0.0,0.3,0,0.11319361011592409,0
87,0.0,0.5,0,0.018808269513488816,0
87,0.02,0.05,0,0.4098234493950562,0
87,0.02,0.1,0,0.3504602173540221,0
87,0.02,0.15,0,0.28636263735379897,0
87,0.02,0.2,0,0.22671666298304294,0
87,0.02,0.3,0,0.11291285221576451,0
87,0.02,0.5,0,0.019169855229730425,0
87,0.05,0.05,0,0.41175381598759647,0
87,0.05,0.1,0,0.3465255227277807,0
87,0.05,0.15,0,0.2850058590719795,0
87,0.05,0.2,0,0.2264390180803541,0
87,0.05,0.3,0,0.11285960528311773,0
87,0.05,0.5,0,0.02105971766715341,0
87,0.1,0.05,0,0.40749939505310345,0
87,0.1,0.1,0,0.35653884133836933,0
87,0.1,0.15,0,0.2835796979563209,0
87,0.1,0.2,0,0.2323564180739407,0
87,0.1,0.3,0,0.1117530714074256,0
87,0.1,0.5,0,0.016951975864581508,0
87,0.15,0.05,0,0.4246644468183631,0
87,0.15,0.1,0,0.3344983180084994,0
87,0.15,0.15,0,0.29141360218834256,0
87,0.15,0.2,0,0.21360352069927677,0
87,0.15,0.3,0,0.1125867358563176,0
87,0.15,0.5,0,0.01834157964416327,0
88,0.0,0.05,0,0.45499294300680676,0
88,0.0,0.1,0,0.4109017506500274,0
88,0.0,0.15,0,0.37592475490840027,0
88,0.0,0.2,0,0.33803115394726196,0
88,0.0,0.3,0,0.2505317380455765,0
88,0.0,0.5,0,0.09562132843867441,0
88,0.02,0.05,0,0.45352570764189815,0
88,0.02,0.1,0,0.41039876486588167,0
88,0.02,0.15,0,0.3757632402166879,0
88,0.02,0.2,0,0.33733416571308883,0
88,0.02,0.3,0,0.2513136016731677,0
88,0.02,0.5,0,0.09618526059962873,0
88,0.05,0.05,0,0.4539344718796529,0
88,0.05,0.1,0,0.4083023627645839,0
88,0.05,0.15,0,0.3750873525803978,0
88,0.05,0.2,0,0.34221483208394865,0
88,0.05,0.3,0,0.2505176540416379,0
88,0.05,0.5,0,0.09646048484007815,0
88,0.1,0.05,0,0.4515399466843029,0
88,0.1,0.1,0,0.40736484239253823,0
88,0.1,0.15,0,0.3785693730314432,0
88,0.1,0.2,0,0.33862796104876636,0
88,0.1,0.3,0,0.2520337324036673,0
88,0.1,0.5,0,0.09753072752064235,0
88,0.15,0.05,0,0.4586417772137929,0
88,0.15,0.1,0,0.41683293755065576,0
88,0.15,0.15,0,0.3783516586867356,0
88,0.15,0.2,0,0.3405786341468077,0
88,0.15,0.3,0,0.25786404534663077,0
88,0.15,0.5,0,0.10267845017525759,0
89,0.0,0.05,1,0.4966264967854972,0
89,0.0,0.1,1,0.5018473860698608,1
89,0.0,0.15,1,0.5341995561532779,1
89,0.0,0.2,1,0.5629307447785036,1
89,0.0,0.3,1,0.6652259914109342,1
89,0.0,0.5,1,0.8673638862685601,1
89,0.02,0.05,1,0.4970895024463803,0
89,0.02,0.1,1,0.5026416158473841,1
89,0.02,0.15,1,0.5334911144429939,1
89,0.02,0.2,1,0.5626276011990996,1
89,0.02,0.3,1,0.6658119871752041,1
89,0.02,0.5,1,0.8674189710890008,1
89,0.05,0.05,1,0.4971551140437789,0
89,0.05,0.1,1,0.5014822351559711,1
89,0.05,0.15,1,0.5299998857695718,1
89,0.05,0.2,1,0.5629570971221355,1
89,0.05,0.3,1,0.6644895684334391,1
89,0.05,0.5,1,0.8656631667392434,1
89,0.1,0.05,1,0.49418992252361893,0
89,0.1,0.1,1,0.509839533731408,1
89,0.1,0.15,1,0.53915193124159,1
89,0.1,0.2,1,0.5721401040354454,1
89,0.1,0.3,1,0.6627546904892736,1
89,0.1,0.5,1,0.8708813238957424,1
89,0.15,0.05,1,0.5097241891254595,1
89,0.15,0.1,1,0.502865846384621,1
89,0.15,0.15,1,0.5290440165742064,1
89,0.15,0.2,1,0.5514116870082814,1
89,0.15,0.3,1,0.6629761806961961,1
89,0.15,0.5,1,0.8702075397375193,1
90,0.0,0.05,0,0.4784294149806688,0
90,0.0,0.1,0,0.44548759168290836,0
90,0.0,0.15,0,0.4214859599501629,0
90,0.0,0.2,0,0.384686479640813,0
90,0.0,0.3,0,0.33354059222321397,0
90,0.0,0.5,0,0.23797309002641834,0
90,0.02,0.05,0,0.4781526276853317,0
90,0.02,0.1,0,0.44528092924608587,0
90,0.02,0.15,0,0.42313720885448886,0
90,0.02,0.2,0,0.3852767346999555,0
90,0.02,0.3,0,0.3335462076088387,0
90,0.02,0.5,0,0.23790251498744322,0
90,0.05,0.05,0,0.4770361607826853,0
90,0.05,0.1,0,0.4417098373072024,0
90,0.05,0.15,0,0.4244007076412152,0
90,0.05,0.2,0,0.38497266590993007,0
90,0.05,0.3,0,0.3348999487699452,0
90,0.05,0.5,0,0.24393476421412796,0
90,0.1,0.05,0,0.4705442207278878,0
90,0.1,0.1,0,0.44347843378051616,0
90,0.1,0.15,0,0.42572263052735315,0
90,0.1,0.2,0,0.3866857371800488,0
90,0.1,0.3,0,0.33271778902217647,0
90,0.1,0.5,0,0.23581096672762067,0
90,0.15,0.05,0,0.4758933799387896,0
90,0.15,0.1,0,0.45324915395148063,0
90,0.15,0.15,0,0.43505039825452885,0
90,0.15,0.2,0,0.38322586378841555,0
90,0.15,0.3,0,0.32508725621279383,0
90,0.15,0.5,0,0.2292523586227244,0
91,0.0,0.05,0,0.42842993003627805,0
91,0.0,0.1,0,0.42500524934045675,0
91,0.0,0.15,0,0.40689088584419686,0
91,0.0,0.2,0,0.37016266424250127,0
91,0.0,0.3,0,0.2647094374234853,0
91,0.0,0.5,0,0.08628354538284835,0
91,0.02,0.05,0,0.429850327287826,0
91,0.02,0.1,0,0.4248118317276394,0
91,0.02,0.15,0,0.4067318519488165,0
91,0.02,0.2,0,0.3688252255866017,0
91,0.02,0.3,0,0.26399164536449726,0
91,0.02,0.5,0,0.08527309585761732,0
91,0.05,0.05,0,0.42743294356831635,0
91,0.05,0.1,0,0.42688869597382567,0
91,0.05,0.15,0,0.41061407257584376,0
91,0.05,0.2,0,0.3743881610877794,0
91,0.05,0.3,0,0.2632587964083927,0
91,0.05,0.5,0,0.08501720603670765,0
91,0.1,0.05,0,0.42528271088378855,0
91,0.1,0.1,0,0.42411064872365045,0
91,0.1,0.15,0,0.40863691386262696,0
91,0.1,0.2,0,0.36990659931122516,0
91,0.1,0.3,0,0.2655189324640286,0
91,0.1,0.5,0,0.08822279199714628,0
91,0.15,0.05,0,0.42535746277584197,0
91,0.15,0.1,0,0.42001116300047797,0
91,0.15,0.15,0,0.40392810321898615,0
91,0.15,0.2,0,0.3721550608676353,0
91,0.15,0.3,0,0.26283144133163305,0
91,0.15,0.5,0,0.07348616137992543,0
92,0.0,0.05,0,0.47465169863800305,0
92,0.0,0.1,0,0.4317817323196657,0
92,0.0,0.15,0,0.39567445102072973,0
92,0.0,0.2,0,0.367980563710067,0
92,0.0,0.3,0,0.27938028235203194,0
92,0.0,0.5,0,0.10133178167345695,0
92,0.02,0.05,0,0.47688029272388155,0
92,0.02,0.1,0,0.4312175380445121,0
92,0.02,0.15,0,0.3968629105842117,0
92,0.02,0.2,0,0.3679455028606994,0
92,0.02,0.3,0,0.2804758919639967,0
92,0.02,0.5,0,0.10039082252965754,0
92,0.05,0.05,0,0.47559260442549905,0
92,0.05,0.1,0,0.4343536760800114,0
92,0.05,0.15,0,0.39631579962355973,0
92,0.05,0.2,0,0.36702969739817676,0
92,0.05,0.3,0,0.28269255950810446,0
92,0.05,0.5,0,0.10271001734929046,0
92,0.1,0.05,0,0.4771364796831079,0
92,0.1,0.1,0,0.4379397291946089,0
92,0.1,0.15,0,0.3961593902376144,0
92,0.1,0.2,0,0.36201619247592315,0
92,0.1,0.3,0,0.27983157996422586,0
92,0.1,0.5,0,0.09477785243172876,0
92,0.15,0.05,0,0.48410499102446825,0
92,0.15,0.1,0,0.4477571706044222,0
92,0.15,0.15,0,0.39676526033906634,0
92,0.15,0.2,0,0.361624280175469,0
92,0.15,0.3,0,0.2796093515261241,0
92,0.15,0.5,0,0.09456854937938822,0
93,0.0,0.05,0,0.4258836292096301,0
93,0.0,0.1,0,0.3764121337012234,0
93,0.0,0.15,0,0.32252131686298385,0
93,0.0,0.2,0,0.25637790073766686,0
93,0.0,0.3,0,0.13670667582756532,0
93,0.0,0.5,0,0.030779004020380724,0
93,0.02,0.05,0,0.4268771289553428,0
93,0.02,0.1,0,0.37647630962617784,0
93,0.02,0.15,0,0.3237015983644669,0
93,0.02,0.2,0,0.2555113827878837,0
93,0.02,0.3,0,0.13684920330299272,0
93,0.02,0.5,0,0.02992153898154091,0
93,0.05,0.05,0,0.4260411762548696,0
93,0.05,0.1,0,0.37326296336233217,0
93,0.05,0.15,0,0.32686283907827235,0
93,0.05,0.2,0,0.2563408298193463,0
93,0.05,0.3,0,0.13619469037248866,0
93,0.05,0.5,0,0.029029545634036362,0
93,0.1,0.05,0,0.4229745858602858,0
93,0.1,0.1,0,0.3778524864884438,0
93,0.1,0.15,0,0.32334867166366593,0
93,0.1,0.2,0,0.24701413320411833,0
93,0.1,0.3,0,0.12926498985823698,0
93,0.1,0.5,0,0.037022773412162105,0
93,0.15,0.05,0,0.4212622041393886,0
93,0.15,0.1,0,0.36842046653124955,0
93,0.15,0.15,0,0.32160233294576973,0
93,0.15,0.2,0,0.2631542498411073,0
93,0.15,0.3,0,0.1447436357517313,0
93,0.15,0.5,0,0.01684058818694255,0
94,0.0,0.05,0,0.484055519998538,0
94,0.0,0.1,0,0.4591796097850412,0
94,0.0,0.15,0,0.42862071597554,0
94,0.0,0.2,0,0.3907585869566154,0
94,0.0,0.3,0,0.29681444784414845,0
94,0.0,0.5,0,0.09141851668063546,0
94,0.02,0.05,0,0.484312509674458,0
94,0.02,0.1,0,0.45783411619134945,0
94,0.02,0.15,0,0.42893594180906464,0
94,0.02,0.2,0,0.3893214384656582,0
94,0.02,0.3,0,0.2961358460898015,0
94,0.02,0.5,0,0.09017715283699636,0
94,0.05,0.05,0,0.48216702378112974,0
94,0.05,0.1,0,0.45900181947028584,0
94,0.05,0.15,0,0.4274266955074943,0
94,0.05,0.2,0,0.39174938159314815,0
94,0.05,0.3,0,0.2954572977621395,0
94,0.05,0.5,0,0.09112437788178807,0
94,0.1,0.05,0,0.4853402347371515,0
94,0.1,0.1,0,0.45922795687225265,0
94,0.1,0.15,0,0.4233270450010027,0
94,0.1,0.2,0,0.38726654772080904,0
94,0.1,0.3,0,0.3009280276132841,0
94,0.1,0.5,0,0.0862695481996659,0
94,0.15,0.05,0,0.5000564221662792,1
94,0.15,0.1,0,0.4495482791179237,0
94,0.15,0.15,0,0.42006860916957445,0
94,0.15,0.2,0,0.3770475942945631,0
94,0.15,0.3,0,0.29686222304075627,0
94,0.15,0.5,0,0.09038845271824886,0
95,0.0,0.05,1,0.5044345509723996,1
95,0.0,0.1,1,0.5013796703968642,1
95,0.0,0.15,1,0.48128088894024307,0
95,0.0,0.2,1,0.46956351273605396,0
95,0.0,0.3,1,0.47397003114961545,0
95,0.0,0.5,1,0.5989320066389627,1
95,0.02,0.05,1,0.5043252135724909,1
95,0.02,0.1,1,0.501184869935015,1
95,0.02,0.15,1,0.4821077318289349,0
95,0.02,0.2,1,0.4697518685949653,0
95,0.02,0.3,1,0.47325514931711954,0
95,0.02,0.5,1,0.5980797046591078,1
95,0.05,0.05,1,0.5028453471100196,1
95,0.05,0.1,1,0.500905658910517,1
95,0.05,0.15,1,0.48166973566633986,0
95,0.05,0.2,1,0.47144557773069184,0
95,0.05,0.3,1,0.4729460342387205,0
95,0.05,0.5,1,0.5998905836198196,1
95,0.1,0.05,1,0.5077335857889603,1
95,0.1,0.1,1,0.5048972612195326,1
95,0.1,0.15,1,0.4846638768930361,0
95,0.1,0.2,1,0.46463369814201877,0
95,0.1,0.3,1,0.4751065163785503,0
95,0.1,0.5,1,0.6001894823341016,1
95,0.15,0.05,1,0.495360578529603,0
95,0.15,0.1,1,0.49471531650928385,0
95,0.15,0.15,1,0.48044176368451236,0
95,0.15,0.2,1,0.46946417772903637,0
95,0.15,0.3,1,0.4698567603914764,0
95,0.15,0.5,1,0.6051007616864899,1
96,0.0,0.05,0,0.4370445412025344,0
96,0.0,0.1,0,0.42676993045527806,0
96,0.0,0.15,0,0.42168491696869825,0
96,0.0,0.2,0,0.44656777458255664,0
96,0.0,0.3,0,0.42893274688538924,0
96,0.0,0.5,0,0.17946113401301292,0
96,0.02,0.05,0,0.4361012021929447,0
96,0.02,0.1,0,0.42750482689815394,0
96,0.02,0.15,0,0.4211708753027696,0
96,0.02,0.2,0,0.44626997424318565,0
96,0.02,0.3,0,0.4300315288145705,0
96,0.02,0.5,0,0.1793280990744323,0
96,0.05,0.05,0,0.43750861378807127,0
96,0.05,0.1,0,0.4247456413820499,0
96,0.05,0.15,0,0.42132529497374904,0
96,0.05,0.2,0,0.4440081666575242,0
96,0.05,0.3,0,0.428351741356021,0
96,0.05,0.5,0,0.18160315460071805,0
96,0.1,0.05,0,0.431022267415183,0
96,0.1,0.1,0,0.4304078349197554,0
96,0.1,0.15,0,0.42024381342370687,0
96,0.1,0.2,0,0.44633513796449814,0
96,0.1,0.3,0,0.4330038977483353,0
96,0.1,0.5,0,0.18062385481634557,0
96,0.15,0.05,0,0.43011321477351305,0
96,0.15,0.1,0,0.4247708586529626,0
96,0.15,0.15,0,0.42662101348061204,0
96,0.15,0.2,0,0.4546753331274106,0
96,0.15,0.3,0,0.41411010916268853,0
96,0.15,0.5,0,0.19038047925673124,0
97,0.0,0.05,0,0.4739248195215743,0
97,0.0,0.1,0,0.4365989323022023,0
97,0.0,0.15,0,0.38201366877366916,0
97,0.0,0.2,0,0.3106846304225634,0
97,0.0,0.3,0,0.18701864917781794,0
97,0.0,0.5,0,0.034826693798088636,0
97,0.02,0.05,0,0.47263367690595925,0
97,0.02,0.1,0,0.43769340475970614,0
97,0.02,0.15,0,0.38336230883224093,0
97,0.02,0.2,0,0.3093798726617036,0
97,0.02,0.3,0,0.18791114388495428,0
97,0.02,0.5,0,0.03366691198039574,0
97,0.05,0.05,0,0.4740269537642492,0
97,0.05,0.1,0,0.4414948630502801,0
97,0.05,0.15,0,0.3825051835003586,0
97,0.05,0.2,0,0.31307864005541386,0
97,0.05,0.3,0,0.18894764175936343,0
97,0.05,0.5,0,0.034107511031368554,0
97,0.1,0.05,0,0.4717743529720281,0
97,0.1,0.1,0,0.44234935734672864,0
97,0.1,0.15,0,0.37758839500366964,0
97,0.1,0.2,0,0.31021994287399096,0
97,0.1,0.3,0,0.1849555511874694,0
97,0.1,0.5,0,0.041567537192655005,0
97,0.15,0.05,0,0.4701139140495523,0
97,0.15,0.1,0,0.4394810966512802,0
97,0.15,0.15,0,0.3848740213077192,0
97,0.15,0.2,0,0.3252291882710849,0
97,0.15,0.3,0,0.17565539745136036,0
97,0.15,0.5,0,0.029131485427262373,0
98,0.0,0.05,1,0.47968875910821174,0
98,0.0,0.1,1,0.4727001812540805,0
98,0.0,0.15,1,0.4788382108895291,0
98,0.0,0.2,1,0.4785723193420516,0
98,0.0,0.3,1,0.49781672262239735,0
98,0.0,0.5,1,0.6064750542715733,1
98,0.02,0.05,1,0.4787267306249695,0
98,0.02,0.1,1,0.4721008138428877,0
98,0.02,0.15,1,0.47869928424669944,0
98,0.02,0.2,1,0.47601632154421897,0
98,0.02,0.3,1,0.5004422552005577,1
98,0.02,0.5,1,0.6064233070500347,1
98,0.05,0.05,1,0.48119667690442497,0
98,0.05,0.1,1,0.4728481492443921,0
98,0.05,0.15,1,0.4799727768703894,0
98,0.05,0.2,1,0.4761051136163562,0
98,0.05,0.3,1,0.4987799595307522,0
98,0.05,0.5,1,0.6067845296230432,1
98,0.1,0.05,1,0.4724834990774759,0
98,0.1,0.1,1,0.4696092252159369,0
98,0.1,0.15,1,0.4813125724257846,0
98,0.1,0.2,1,0.48345388599888073,0
98,0.1,0.3,1,0.49888465919360875,0
98,0.1,0.5,1,0.605160052762875,1
98,0.15,0.05,1,0.4882988649368253,0
98,0.15,0.1,1,0.4655069480193457,0
98,0.15,0.15,1,0.4744776868877274,0
98,0.15,0.2,1,0.4669488740698001,0
98,0.15,0.3,1,0.5010427836439768,1
98,0.15,0.5,1,0.5967799275791813,1
99,0.0,0.05,1,0.653718558994295,1
99,0.0,0.1,1,0.7633131370821458,1
99,0.0,0.15,1,0.8434366374827189,1
99,0.0,0.2,1,0.8984956549869347,1
99,0.0,0.3,1,0.9584895400468324,1
99,0.0,0.5,1,0.9927704413522908,1
99,0.02,0.05,1,0.6553798431652752,1
99,0.02,0.1,1,0.7641524830471893,1
99,0.02,0.15,1,0.8438625025102788,1
99,0.02,0.2,1,0.8974060587205489,1
99,0.02,0.3,1,0.9586274397559406,1
99,0.02,0.5,1,0.9919662807918455,1
99,0.05,0.05,1,0.6542075678016791,1
99,0.05,0.1,1,0.7672884036612575,1
99,0.05,0.15,1,0.8421228126107169,1
99,0.05,0.2,1,0.8961234339152637,1
99,0.05,0.3,1,0.9599371326752495,1
99,0.05,0.5,1,0.9983578371173056,1
99,0.1,0.05,1,0.6522818126309401,1
99,0.1,0.1,1,0.7731333855670134,1
99,0.1,0.15,1,0.8347025156209984,1
99,0.1,0.2,1,0.9071365264869328,1
99,0.1,0.3,1,0.9568078151582408,1
99,0.1,0.5,1,0.9971331296159923,1
99,0.15,0.05,1,0.651422752467155,1
99,0.15,0.1,1,0.7613280301081554,1
99,0.15,0.15,1,0.8349959294648471,1
99,0.15,0.2,1,0.8954471984442447,1
99,0.15,0.3,1,0.9698520897995552,1
99,0.15,0.5,1,0.9881763045472981,1
100,0.0,0.05,0,0.4423613215775148,0
100,0.0,0.1,0,0.38859670743098007,0
100,0.0,0.15,0,0.32006834577783966,0
100,0.0,0.2,0,0.25493833654070974,0
100,0.0,0.3,0,0.13568717759124743,0
100,0.0,0.5,0,0.031115016940860746,0
100,0.02,0.05,0,0.4408207706205526,0
100,0.02,0.1,0,0.38927788241235,0
100,0.02,0.15,0,0.3205019172164245,0
100,0.02,0.2,0,0.25565240010236806,0
100,0.02,0.3,0,0.135553899283814,0
100,0.02,0.5,0,0.0316713064039504,0
100,0.05,0.05,0,0.4444601556479716,0
100,0.05,0.1,0,0.39161536319911466,0
100,0.05,0.15,0,0.3208711808177441,0
100,0.05,0.2,0,0.25322345139090235,0
100,0.05,0.3,0,0.13480782388916224,0
100,0.05,0.5,0,0.030034248539294647,0
100,0.1,0.05,0,0.4450362677710554,0
100,0.1,0.1,0,0.38552629419136925,0
100,0.1,0.15,0,0.3205363769896191,0
100,0.1,0.2,0,0.2636514042078894,0
100,0.1,0.3,0,0.1398171748978131,0
100,0.1,0.5,0,0.031317201573661684,0
100,0.15,0.05,0,0.4455268261760841,0
100,0.15,0.1,0,0.38869655194225605,0
100,0.15,0.15,0,0.32059283225374785,0
100,0.15,0.2,0,0.24905661508957602,0
100,0.15,0.3,0,0.13262940772422038,0
100,0.15,0.5,0,0.022773585023371033,0
101,0.0,0.05,0,0.47925803947804213,0
101,0.0,0.1,0,0.45863975720598754,0
101,0.0,0.15,0,0.4275826820369048,0
101,0.0,0.2,0,0.3922780403078443,0
101,0.0,0.3,0,0.30842956967710417,0
101,0.0,0.5,0,0.149811612508594,0
101,0.02,0.05,0,0.47770695067893104,0
101,0.02,0.1,0,0.46029521834029197,0
101,0.02,0.15,0,0.42753290668727995,0
101,0.02,0.2,0,0.3907574735969341,0
101,0.02,0.3,0,0.3080422469151874,0
101,0.02,0.5,0,0.14905787004818805,0
101,0.05,0.05,0,0.47823494484657564,0
101,0.05,0.1,0,0.45549644825042024,0
101,0.05,0.15,0,0.42513081369031686,0
101,0.05,0.2,0,0.3902383583703376,0
101,0.05,0.3,0,0.30925846846463906,0
101,0.05,0.5,0,0.14696164605968717,0
101,0.1,0.05,0,0.4865436154040662,0
101,0.1,0.1,0,0.45441708176868634,0
101,0.1,0.15,0,0.42353179782491707,0
101,0.1,0.2,0,0.3965358174221604,0
101,0.1,0.3,0,0.3070058636578965,0
101,0.1,0.5,0,0.14543295998592876,0
101,0.15,0.05,0,0.4726197023831412,0
101,0.15,0.1,0,0.45739863180336765,0
101,0.15,0.15,0,0.4192901882352431,0
101,0.15,0.2,0,0.39013619912385117,0
101,0.15,0.3,0,0.31379425342685185,0
101,0.15,0.5,0,0.1520964855840102,0
102,0.0,0.05,0,0.48779325274417334,0
102,0.0,0.1,0,0.4755205988820441,0
102,0.0,0.15,0,0.47230103405036106,0
102,0.0,0.2,0,0.45840254288352217,0
102,0.0,0.3,0,0.45327759778994764,0
102,0.0,0.5,0,0.44799713196588387,0
102,0.02,0.05,0,0.48731547031701367,0
102,0.02,0.1,0,0.47443323490442646,0
102,0.02,0.15,0,0.47349959931522767,0
102,0.02,0.2,0,0.45826945221635673,0
102,0.02,0.3,0,0.4561763419901477,0
102,0.02,0.5,0,0.4472598179183151,0
102,0.05,0.05,0,0.4874201478396378,0
102,0.05,0.1,0,0.4802327667270472,0
102,0.05,0.15,0,0.47299705592521507,0
102,0.05,0.2,0,0.4560309053548136,0
102,0.05,0.3,0,0.45378820762497246,0
102,0.05,0.5,0,0.4425453017722584,0
102,0.1,0.05,0,0.4877318496986658,0
102,0.1,0.1,0,0.47886885339347063,0
102,0.1,0.15,0,0.46656246357514497,0
102,0.1,0.2,0,0.45710198423767157,0
102,0.1,0.3,0,0.4469139706572157,0
102,0.1,0.5,0,0.4425910485402703,0
102,0.15,0.05,0,0.4849098601247255,0
102,0.15,0.1,0,0.4665938118563746,0
102,0.15,0.15,0,0.46782934383072666,0
102,0.15,0.2,0,0.4592619966499666,0
102,0.15,0.3,0,0.45548409100534964,0
102,0.15,0.5,0,0.4407791854056058,0
103,0.0,0.05,0,0.4792304169599113,0
103,0.0,0.1,0,0.4704981996956174,0
103,0.0,0.15,0,0.4403188789878768,0
103,0.0,0.2,0,0.41280715992702977,0
103,0.0,0.3,0,0.3298341086720555,0
103,0.0,0.5,0,0.09480645537711352,0
103,0.02,0.05,0,0.4799600579768539,0
103,0.02,0.1,0,0.47215621751620424,0
103,0.02,0.15,0,0.43885547457434676,0
103,0.02,0.2,0,0.41294505138681037,0
103,0.02,0.3,0,0.3307691785983001,0
103,0.02,0.5,0,0.09538427758750015,0
103,0.05,0.05,0,0.47449550922593825,0
103,0.05,0.1,0,0.4650988732442871,0
103,0.05,0.15,0,0.441800457265698,0
103,0.05,0.2,0,0.41315846137128215,0
103,0.05,0.3,0,0.3284226110825014,0
103,0.05,0.5,0,0.09849967835699458,0
103,0.1,0.05,0,0.47588808187016196,0
103,0.1,0.1,0,0.4774809271551574,0
103,0.1,0.15,0,0.44427256977844093,0
103,0.1,0.2,0,0.40834756692950935,0
103,0.1,0.3,0,0.3243971696505588,0
103,0.1,0.5,0,0.08924500238363849,0
103,0.15,0.05,0,0.47534487595337993,0
103,0.15,0.1,0,0.46764172541136906,0
103,0.15,0.15,0,0.44366979985661636,0
103,0.15,0.2,0,0.4142802926086468,0
103,0.15,0.3,0,0.33118888589128315,0
103,0.15,0.5,0,0.08895914493013633,0
104,0.0,0.05,1,0.5230842946046079,1
104,0.0,0.1,1,0.5241695963292279,1
104,0.0,0.15,1,0.5224557075891257,1
104,0.0,0.2,1,0.5245440540405482,1
104,0.0,0.3,1,0.5450896921937667,1
104,0.0,0.5,1,0.6996866579215724,1
104,0.02,0.05,1,0.5247769019865411,1
104,0.02,0.1,1,0.524771612176443,1
104,0.02,0.15,1,0.5223284580845068,1
104,0.02,0.2,1,0.524946213133858,1
104,0.02,0.3,1,0.5457197927843719,1
104,0.02,0.5,1,0.6995668498437658,1
104,0.05,0.05,1,0.5216580908474828,1
104,0.05,0.1,1,0.5240012429891617,1
104,0.05,0.15,1,0.5209823574416735,1
104,0.05,0.2,1,0.5245289385486406,1
104,0.05,0.3,1,0.5464069863636322,1
104,0.05,0.5,1,0.7010957261459146,1
104,0.1,0.05,1,0.516696308847179,1
104,0.1,0.1,1,0.5170765902462489,1
104,0.1,0.15,1,0.5131503197461156,1
104,0.1,0.2,1,0.5300373814961965,1
104,0.1,0.3,1,0.5372020501642157,1
104,0.1,0.5,1,0.6910767538908322,1
104,0.15,0.05,1,0.5119919163328196,1
104,0.15,0.1,1,0.5141349455049584,1
104,0.15,0.15,1,0.5336821044032756,1
104,0.15,0.2,1,0.5339750043167373,1
104,0.15,0.3,1,0.5462328095336838,1
104,0.15,0.5,1,0.6931012647592536,1
105,0.0,0.05,0,0.43690511161669915,0
105,0.0,0.1,0,0.3793253352129653,0
105,0.0,0.15,0,0.325824428704846,0
105,0.0,0.2,0,0.2716823363092584,0
105,0.0,0.3,0,0.16850404132360403,0
105,0.0,0.5,0,0.05824584828897855,0
105,0.02,0.05,0,0.43807945420857713,0
105,0.02,0.1,0,0.37893526786557824,0
105,0.02,0.15,0,0.32596453407836545,0
105,0.02,0.2,0,0.271541108207261,0
105,0.02,0.3,0,0.16965734049458647,0
105,0.02,0.5,0,0.05806376770026533,0
105,0.05,0.05,0,0.4415177211208465,0
105,0.05,0.1,0,0.38306298257429383,0
105,0.05,0.15,0,0.328150259451314,0
105,0.05,0.2,0,0.27173928946216597,0
105,0.05,0.3,0,0.16899160560536364,0
105,0.05,0.5,0,0.06016832633782865,0
105,0.1,0.05,0,0.435704187554206,0
105,0.1,0.1,0,0.382028223627157,0
105,0.1,0.15,0,0.3260572600617263,0
105,0.1,0.2,0,0.27605625081778334,0
105,0.1,0.3,0,0.17110787355831647,0
105,0.1,0.5,0,0.04754583554616878,0
105,0.15,0.05,0,0.4436299690775599,0
105,0.15,0.1,0,0.3707887104337177,0
105,0.15,0.15,0,0.32611973873200745,0
105,0.15,0.2,0,0.27421355703773126,0
105,0.15,0.3,0,0.16743538777895497,0
105,0.15,0.5,0,0.05436307541973833,0
106,0.0,0.05,1,0.5177987824399236,1
106,0.0,0.1,1,0.535517462655042,1
106,0.0,0.15,1,0.5419853637773528,1
106,0.0,0.2,1,0.5741025352265964,1
106,0.0,0.3,1,0.7103725158404022,1
106,0.0,0.5,1,0.9148328813950835,1
106,0.02,0.05,1,0.5188095027469162,1
106,0.02,0.1,1,0.5349943887120416,1
106,0.02,0.15,1,0.5418040245424645,1
106,0.02,0.2,1,0.5737183707474792,1
106,0.02,0.3,1,0.7098804145203212,1
106,0.02,0.5,1,0.9157896275446114,1
106,0.05,0.05,1,0.517481353328635,1
106,0.05,0.1,1,0.5343993183795017,1
106,0.05,0.15,1,0.5422831731257123,1
106,0.05,0.2,1,0.5764810024689307,1
106,0.05,0.3,1,0.7102053378044596,1
106,0.05,0.5,1,0.9156050957518136,1
106,0.1,0.05,1,0.5136924635068458,1
106,0.1,0.1,1,0.5390121843932528,1
106,0.1,0.15,1,0.5427696635772036,1
106,0.1,0.2,1,0.5786259092348,1
106,0.1,0.3,1,0.7088537535930696,1
106,0.1,0.5,1,0.9171069229562612,1
106,0.15,0.05,1,0.5234581914363349,1
106,0.15,0.1,1,0.542359735165476,1
106,0.15,0.15,1,0.5361624587204706,1
106,0.15,0.2,1,0.5688610739243815,1
106,0.15,0.3,1,0.7177930245349902,1
106,0.15,0.5,1,0.9209128977674055,1
107,0.0,0.05,0,0.4944817854092819,0
107,0.0,0.1,0,0.5079150598249943,1
107,0.0,0.15,0,0.5132285835792962,1
107,0.0,0.2,0,0.5010086104805827,1
107,0.0,0.3,0,0.42601030097656556,0
107,0.0,0.5,0,0.22899109115294944,0
107,0.02,0.05,0,0.49427509237552353,0
107,0.02,0.1,0,0.5064740353530803,1
107,0.02,0.15,0,0.5119509329727656,1
107,0.02,0.2,0,0.5004979489981064,1
107,0.02,0.3,0,0.42600546933820493,0
107,0.02,0.5,0,0.22727394012111707,0
107,0.05,0.05,0,0.4909025479040617,0
107,0.05,0.1,0,0.5088108997525995,1
107,0.05,0.15,0,0.5095196107686758,1
107,0.05,0.2,0,0.49843276644122525,0
107,0.05,0.3,0,0.424855358549386,0
107,0.05,0.5,0,0.2323247192755197,0
107,0.1,0.05,0,0.4923235051018817,0
107,0.1,0.1,0,0.5014007761086359,1
107,0.1,0.15,0,0.5158398055926553,1
107,0.1,0.2,0,0.49061263292785673,0
107,0.1,0.3,0,0.4319400291190993,0
107,0.1,0.5,0,0.22161815133210655,0
107,0.15,0.05,0,0.4955771588716017,0
107,0.15,0.1,0,0.5097410940620849,1
107,0.15,0.15,0,0.5227898980550996,1
107,0.15,0.2,0,0.4989528277192935,0
107,0.15,0.3,0,0.42957913673121145,0
107,0.15,0.5,0,0.22577531110822172,0
108,0.0,0.05,1,0.5105762665738967,1
108,0.0,0.1,1,0.5234307379585407,1
108,0.0,0.15,1,0.5457519365952199,1
108,0.0,0.2,1,0.5866484127568036,1
108,0.0,0.3,1,0.7017237526785368,1
108,0.0,0.5,1,0.8955246906019839,1
108,0.02,0.05,1,0.509452707930097,1
108,0.02,0.1,1,0.5232516057278049,1
108,0.02,0.15,1,0.5461497765453762,1
108,0.02,0.2,1,0.5867715164225761,1
108,0.02,0.3,1,0.7021541373676694,1
108,0.02,0.5,1,0.8960133951242042,1
108,0.05,0.05,1,0.5111845304047516,1
108,0.05,0.1,1,0.5237053036399191,1
108,0.05,0.15,1,0.5402838735340457,1
108,0.05,0.2,1,0.5879062366704072,1
108,0.05,0.3,1,0.7003064630771233,1
108,0.05,0.5,1,0.8922068542849044,1
108,0.1,0.05,1,0.5161220647246774,1
108,0.1,0.1,1,0.5193338520825376,1
108,0.1,0.15,1,0.5433015545594527,1
108,0.1,0.2,1,0.5842611281482459,1
108,0.1,0.3,1,0.6952282715862458,1
108,0.1,0.5,1,0.8926748081772712,1
108,0.15,0.05,1,0.5089192040287821,1
108,0.15,0.1,1,0.5252787300315331,1
108,0.15,0.15,1,0.5528622570090681,1
108,0.15,0.2,1,0.5824651486720012,1
108,0.15,0.3,1,0.7162258628481665,1
108,0.15,0.5,1,0.894658358745766,1
109,0.0,0.05,0,0.416910610266328,0
109,0.0,0.1,0,0.3800231793317787,0
109,0.0,0.15,0,0.3589452151216422,0
109,0.0,0.2,0,0.3440230647505471,0
109,0.0,0.3,0,0.2661549616585692,0
109,0.0,0.5,0,0.13291103753665268,0
109,0.02,0.05,0,0.4180991718010745,0
109,0.02,0.1,0,0.37975439013737,0
109,0.02,0.15,0,0.3574384450992288,0
109,0.02,0.2,0,0.34419690476311127,0
109,0.02,0.3,0,0.2644434669343604,0
109,0.02,0.5,0,0.13127298317797695,0
109,0.05,0.05,0,0.4145324589820609,0
109,0.05,0.1,0,0.3791224052338542,0
109,0.05,0.15,0,0.3598935725288948,0
109,0.05,0.2,0,0.343911314232096,0
109,0.05,0.3,0,0.2693873073661761,0
109,0.05,0.5,0,0.13129345863246597,0
109,0.1,0.05,0,0.41664706038010496,0
109,0.1,0.1,0,0.3832753280577679,0
109,0.1,0.15,0,0.3541906276301749,0
109,0.1,0.2,0,0.3402348688469223,0
109,0.1,0.3,0,0.27120565877366315,0
109,0.1,0.5,0,0.13361426902032197,0
109,0.15,0.05,0,0.4160934121573228,0
109,0.15,0.1,0,0.37654505450368386,0
109,0.15,0.15,0,0.36029577741210955,0
109,0.15,0.2,0,0.3528829765054456,0
109,0.15,0.3,0,0.26750874878587655,0
109,0.15,0.5,0,0.12899991871602332,0
110,0.0,0.05,1,0.5117136582334955,1
110,0.0,0.1,1,0.5458347622735943,1
110,0.0,0.15,1,0.5936202776680636,1
110,0.0,0.2,1,0.6449292870624113,1
110,0.0,0.3,1,0.7405731369870422,1
110,0.0,0.5,1,0.9143940835864574,1
110,0.02,0.05,1,0.5109574376455718,1
110,0.02,0.1,1,0.5440427373537577,1
110,0.02,0.15,1,0.5930527122320617,1
110,0.02,0.2,1,0.6436340356509949,1
110,0.02,0.3,1,0.7399091062832935,1
110,0.02,0.5,1,0.9148726957021204,1
110,0.05,0.05,1,0.5093841161689397,1
110,0.05,0.1,1,0.5445967581207533,1
110,0.05,0.15,1,0.5941497805751398,1
110,0.05,0.2,1,0.6484439695587007,1
110,0.05,0.3,1,0.7385298705355482,1
110,0.05,0.5,1,0.91994469076063,1
110,0.1,0.05,1,0.5067761033135908,1
110,0.1,0.1,1,0.5503674973750728,1
110,0.1,0.15,1,0.5924918918378735,1
110,0.1,0.2,1,0.6467061840841601,1
110,0.1,0.3,1,0.7383693224282787,1
110,0.1,0.5,1,0.9070667836963048,1
110,0.15,0.05,1,0.5093647491253787,1
110,0.15,0.1,1,0.5432353743942553,1
110,0.15,0.15,1,0.5853850528032846,1
110,0.15,0.2,1,0.6473109450403833,1
110,0.15,0.3,1,0.7454464931475665,1
110,0.15,0.5,1,0.9135821985006599,1
111,0.0,0.05,1,0.490652982752665,0
111,0.0,0.1,1,0.5021597920830982,1
111,0.0,0.15,1,0.5184185498248955,1
111,0.0,0.2,1,0.5510035280737826,1
111,0.0,0.3,1,0.6244102573104405,1
111,0.0,0.5,1,0.8184422797919068,1
111,0.02,0.05,1,0.4917664590454911,0
111,0.02,0.1,1,0.5018754242641823,1
111,0.02,0.15,1,0.5175914686597995,1
111,0.02,0.2,1,0.5506237728011695,1
111,0.02,0.3,1,0.6241300739086452,1
111,0.02,0.5,1,0.8171529839708892,1
111,0.05,0.05,1,0.4918058772378946,0
111,0.05,0.1,1,0.5055034536669295,1
111,0.05,0.15,1,0.516711879392976,1
111,0.05,0.2,1,0.5480667522346404,1
111,0.05,0.3,1,0.6266584688596768,1
111,0.05,0.5,1,0.8170350128069043,1
111,0.1,0.05,1,0.49304883743878497,0
111,0.1,0.1,1,0.4936080600725295,0
111,0.1,0.15,1,0.5184002887177964,1
111,0.1,0.2,1,0.5395953080679043,1
111,0.1,0.3,1,0.6242203316283084,1
111,0.1,0.5,1,0.8215169322684844,1
111,0.15,0.05,1,0.49893068743268293,0
111,0.15,0.1,1,0.49580868477164053,0
111,0.15,0.15,1,0.5245732953982218,1
111,0.15,0.2,1,0.5548235059616984,1
111,0.15,0.3,1,0.6333579001169143,1
111,0.15,0.5,1,0.8148276042346102,1
112,0.0,0.05,1,0.5442477684727146,1
112,0.0,0.1,1,0.5901714438485496,1
112,0.0,0.15,1,0.6331854890134817,1
112,0.0,0.2,1,0.6910401776889067,1
112,0.0,0.3,1,0.8078354073124732,1
112,0.0,0.5,1,0.9427591995594631,1
112,0.02,0.05,1,0.5450173826218804,1
112,0.02,0.1,1,0.589637197485176,1
112,0.02,0.15,1,0.6326407841535452,1
112,0.02,0.2,1,0.6922574801843033,1
112,0.02,0.3,1,0.8071056362450202,1
112,0.02,0.5,1,0.9427663264776752,1
112,0.05,0.05,1,0.5404484110391774,1
112,0.05,0.1,1,0.5897583795342861,1
112,0.05,0.15,1,0.6325204219423606,1
112,0.05,0.2,1,0.6954436123034317,1
112,0.05,0.3,1,0.8095846350953744,1
112,0.05,0.5,1,0.9416341169298543,1
112,0.1,0.05,1,0.5409808151963341,1
112,0.1,0.1,1,0.5927524081983452,1
112,0.1,0.15,1,0.6363155493847369,1
112,0.1,0.2,1,0.6980807366037162,1
112,0.1,0.3,1,0.8075680057683002,1
112,0.1,0.5,1,0.9476309004303686,1
112,0.15,0.05,1,0.5403734639778115,1
112,0.15,0.1,1,0.5943945478786173,1
112,0.15,0.15,1,0.6213175775710629,1
112,0.15,0.2,1,0.6981304285011937,1
112,0.15,0.3,1,0.8015729311836816,1
112,0.15,0.5,1,0.9501880550649705,1
113,0.0,0.05,1,0.5319604581208308,1
113,0.0,0.1,1,0.5717216525077234,1
113,0.0,0.15,1,0.5989400781036923,1
113,0.0,0.2,1,0.630294089762413,1
113,0.0,0.3,1,0.716532815641385,1
113,0.0,0.5,1,0.8834678051156821,1
113,0.02,0.05,1,0.5321477266242786,1
113,0.02,0.1,1,0.5722461762467627,1
113,0.02,0.15,1,0.5996421619527682,1
113,0.02,0.2,1,0.6282547068257632,1
113,0.02,0.3,1,0.7153585600285902,1
113,0.02,0.5,1,0.883009515741312,1
113,0.05,0.05,1,0.5333445519160234,1
113,0.05,0.1,1,0.5722975781703229,1
113,0.05,0.15,1,0.5976875785897121,1
113,0.05,0.2,1,0.6286834930819869,1
113,0.05,0.3,1,0.7146423538591304,1
113,0.05,0.5,1,0.8821619881052359,1
113,0.1,0.05,1,0.5355030045692142,1
113,0.1,0.1,1,0.5751638942807001,1
113,0.1,0.15,1,0.6021107433401333,1
113,0.1,0.2,1,0.6289274547952398,1
113,0.1,0.3,1,0.7208668022822865,1
113,0.1,0.5,1,0.8863245354068755,1
113,0.15,0.05,1,0.5392210896798649,1
113,0.15,0.1,1,0.5739444149610543,1
113,0.15,0.15,1,0.5998350418584854,1
113,0.15,0.2,1,0.6385447991694677,1
113,0.15,0.3,1,0.7285962174897508,1
113,0.15,0.5,1,0.8853875733299178,1
114,0.0,0.05,1,0.5512041724254243,1
114,0.0,0.1,1,0.6030269998573066,1
114,0.0,0.15,1,0.6540857463897025,1
114,0.0,0.2,1,0.7163965622938452,1
114,0.0,0.3,1,0.8301911530274112,1
114,0.0,0.5,1,0.9581630860568113,1
114,0.02,0.05,1,0.5520220822756664,1
114,0.02,0.1,1,0.602944926741815,1
114,0.02,0.15,1,0.6543662512054702,1
114,0.02,0.2,1,0.7164864918508511,1
114,0.02,0.3,1,0.8303100716158508,1
114,0.02,0.5,1,0.9567461842840951,1
114,0.05,0.05,1,0.550404522917865,1
114,0.05,0.1,1,0.6008099751683946,1
114,0.05,0.15,1,0.6559668901656037,1
114,0.05,0.2,1,0.7160853244272536,1
114,0.05,0.3,1,0.8269473250239523,1
114,0.05,0.5,1,0.9560090481480575,1
114,0.1,0.05,1,0.5594828342540739,1
114,0.1,0.1,1,0.59979801161413,1
114,0.1,0.15,1,0.6466440801413698,1
114,0.1,0.2,1,0.718013307503445,1
114,0.1,0.3,1,0.8289096273731213,1
114,0.1,0.5,1,0.954307562015132,1
114,0.15,0.05,1,0.5529357923220894,1
114,0.15,0.1,1,0.5976288570854353,1
114,0.15,0.15,1,0.6499043191790679,1
114,0.15,0.2,1,0.7275491136694435,1
114,0.15,0.3,1,0.8291470816406542,1
114,0.15,0.5,1,0.9523222869086677,1
115,0.0,0.05,1,0.5132772452081771,1
115,0.0,0.1,1,0.5103750775858837,1
115,0.0,0.15,1,0.5182538391626295,1
115,0.0,0.2,1,0.5207834265426697,1
115,0.0,0.3,1,0.5220523435811973,1
115,0.0,0.5,1,0.6342922415806325,1
115,0.02,0.05,1,0.5135494514125697,1
115,0.02,0.1,1,0.5114108513931894,1
115,0.02,0.15,1,0.518104120496969,1
115,0.02,0.2,1,0.5205130195050297,1
115,0.02,0.3,1,0.5217289903797748,1
115,0.02,0.5,1,0.6343310988865889,1
115,0.05,0.05,1,0.5148182949820336,1
115,0.05,0.1,1,0.5097066071787031,1
115,0.05,0.15,1,0.5204894627140243,1
115,0.05,0.2,1,0.5194702372951668,1
115,0.05,0.3,1,0.5210820346135756,1
115,0.05,0.5,1,0.633220905231599,1
115,0.1,0.05,1,0.5123861960454719,1
115,0.1,0.1,1,0.5010534068005836,1
115,0.1,0.15,1,0.5152613781107164,1
115,0.1,0.2,1,0.5200814344390262,1
115,0.1,0.3,1,0.5176197156986372,1
115,0.1,0.5,1,0.6392182036212173,1
115,0.15,0.05,1,0.5352741213919034,1
115,0.15,0.1,1,0.5064178220110577,1
115,0.15,0.15,1,0.5135869343359847,1
115,0.15,0.2,1,0.513723762565354,1
115,0.15,0.3,1,0.5198132199452339,1
115,0.15,0.5,1,0.643721022335586,1
116,0.0,0.05,1,0.5164581798151747,1
116,0.0,0.1,1,0.552464821884081,1
116,0.0,0.15,1,0.5988929278382988,1
116,0.0,0.2,1,0.630976833581816,1
116,0.0,0.3,1,0.7143572614871475,1
116,0.0,0.5,1,0.9013929872574039,1
116,0.02,0.05,1,0.5172597148744535,1
116,0.02,0.1,1,0.5523481955036422,1
116,0.02,0.15,1,0.5980660901355183,1
116,0.02,0.2,1,0.6309149978592563,1
116,0.02,0.3,1,0.7145677640797579,1
116,0.02,0.5,1,0.8999754049735224,1
116,0.05,0.05,1,0.5214845459996575,1
116,0.05,0.1,1,0.5563139715500157,1
116,0.05,0.15,1,0.5982003758630087,1
116,0.05,0.2,1,0.6292641106928819,1
116,0.05,0.3,1,0.7113543508575144,1
116,0.05,0.5,1,0.9010526961737985,1
116,0.1,0.05,1,0.5124368652408076,1
116,0.1,0.1,1,0.5511562350799214,1
116,0.1,0.15,1,0.594660151999599,1
116,0.1,0.2,1,0.6377986521285527,1
116,0.1,0.3,1,0.7112225184045641,1
116,0.1,0.5,1,0.8977305479134747,1
116,0.15,0.05,1,0.509139752494076,1
116,0.15,0.1,1,0.5565125934459992,1
116,0.15,0.15,1,0.592757428691358,1
116,0.15,0.2,1,0.6328415880780727,1
116,0.15,0.3,1,0.7222253757970626,1
116,0.15,0.5,1,0.8987123417875926,1
117,0.0,0.05,1,0.5082844769090343,1
117,0.0,0.1,1,0.5500137311514471,1
117,0.0,0.15,1,0.5878662697356991,1
117,0.0,0.2,1,0.6188640955276357,1
117,0.0,0.3,1,0.6689861236604148,1
117,0.0,0.5,1,0.8369843631544783,1
117,0.02,0.05,1,0.5096038302870438,1
117,0.02,0.1,1,0.5492725551807309,1
117,0.02,0.15,1,0.5883546170211655,1
117,0.02,0.2,1,0.6203138235835768,1
117,0.02,0.3,1,0.668570107572498,1
117,0.02,0.5,1,0.8359709020630296,1
117,0.05,0.05,1,0.5074056115049244,1
117,0.05,0.1,1,0.5504400484379631,1
117,0.05,0.15,1,0.5858289375607489,1
117,0.05,0.2,1,0.6185618643593419,1
117,0.05,0.3,1,0.6703377957376807,1
117,0.05,0.5,1,0.8366064439559394,1
117,0.1,0.05,1,0.5137112252009518,1
117,0.1,0.1,1,0.5459431624233778,1
117,0.1,0.15,1,0.5860039723506869,1
117,0.1,0.2,1,0.617663108688649,1
117,0.1,0.3,1,0.6698134900945629,1
117,0.1,0.5,1,0.8418652934415839,1
117,0.15,0.05,1,0.49984675100546455,0
117,0.15,0.1,1,0.5536634158171014,1
117,0.15,0.15,1,0.5917307038597807,1
117,0.15,0.2,1,0.6055781601903284,1
117,0.15,0.3,1,0.6660134825642549,1
117,0.15,0.5,1,0.8292159219552192,1
118,0.0,0.05,0,0.4950770329450213,0
118,0.0,0.1,0,0.4661372024798952,0
118,0.0,0.15,0,0.45032025823813604,0
118,0.0,0.2,0,0.4320844289116218,0
118,0.0,0.3,0,0.38074356647834795,0
118,0.0,0.5,0,0.13963888538970404,0
118,0.02,0.05,0,0.49506467014848443,0
118,0.02,0.1,0,0.46541944362341103,0
118,0.02,0.15,0,0.44963821967746676,0
118,0.02,0.2,0,0.4301586448188443,0
118,0.02,0.3,0,0.380190437605828,0
118,0.02,0.5,0,0.13920342583398743,0
118,0.05,0.05,0,0.497080507606839,0
118,0.05,0.1,0,0.46573445424560095,0
118,0.05,0.15,0,0.45013429572363595,0
118,0.05,0.2,0,0.43195777829271254,0
118,0.05,0.3,0,0.38309200163231033,0
118,0.05,0.5,0,0.1382530796320892,0
118,0.1,0.05,0,0.4985266037897493,0
118,0.1,0.1,0,0.461539057298329,0
118,0.1,0.15,0,0.45607934898334596,0
118,0.1,0.2,0,0.43465704367806685,0
118,0.1,0.3,0,0.37612923212856175,0
118,0.1,0.5,0,0.13595322790661335,0
118,0.15,0.05,0,0.4910863711001715,0
118,0.15,0.1,0,0.4735952939824874,0
118,0.15,0.15,0,0.4507925865146495,0
118,0.15,0.2,0,0.4214421823929599,0
118,0.15,0.3,0,0.37755560055281584,0
118,0.15,0.5,0,0.13068586076012545,0
119,0.0,0.05,0,0.48813389116004263,0
119,0.0,0.1,0,0.467568509320923,0
119,0.0,0.15,0,0.44669356013397893,0
119,0.0,0.2,0,0.4147726029085991,0
119,0.0,0.3,0,0.3292706309822612,0
119,0.0,0.5,0,0.12914906986050334,0
119,0.02,0.05,0,0.4888969429268715,0
119,0.02,0.1,0,0.46878506737090064,0
119,0.02,0.15,0,0.4475916558571321,0
119,0.02,0.2,0,0.4160333174839083,0
119,0.02,0.3,0,0.3269685815671201,0
119,0.02,0.5,0,0.1295816525264147,0
119,0.05,0.05,0,0.48992789419345345,0
119,0.05,0.1,0,0.4685032321695007,0
119,0.05,0.15,0,0.44379957994513186,0
119,0.05,0.2,0,0.41273638671452817,0
119,0.05,0.3,0,0.32843284488901486,0
119,0.05,0.5,0,0.13139881062923367,0
119,0.1,0.05,0,0.48923409347200625,0
119,0.1,0.1,0,0.4727842413782773,0
119,0.1,0.15,0,0.44659601290025414,0
119,0.1,0.2,0,0.41716725967884793,0
119,0.1,0.3,0,0.3339549301965064,0
119,0.1,0.5,0,0.12805079398172206,0
119,0.15,0.05,0,0.49734511243286644,0
119,0.15,0.1,0,0.466248924202164,0
119,0.15,0.15,0,0.44695905905640365,0
119,0.15,0.2,0,0.4127447958056589,0
119,0.15,0.3,0,0.33476946687632136,0
119,0.15,0.5,0,0.13649844726248256,0
120,0.0,0.05,0,0.4800655357490116,0
120,0.0,0.1,0,0.4561529587906204,0
120,0.0,0.15,0,0.42801379033096576,0
120,0.0,0.2,0,0.40325339692676,0
120,0.0,0.3,0,0.31733754202903003,0
120,0.0,0.5,0,0.13159304200745167,0
120,0.02,0.05,0,0.48083009490454043,0
120,0.02,0.1,0,0.45600190048939776,0
120,0.02,0.15,0,0.427928436693835,0
120,0.02,0.2,0,0.40537606563200396,0
120,0.02,0.3,0,0.3162045452730703,0
120,0.02,0.5,0,0.13188446771571627,0
120,0.05,0.05,0,0.4835154721006037,0
120,0.05,0.1,0,0.45320548029608326,0
120,0.05,0.15,0,0.4319172244134619,0
120,0.05,0.2,0,0.4035220597473092,0
120,0.05,0.3,0,0.3170171679863665,0
120,0.05,0.5,0,0.1346101095554853,0
120,0.1,0.05,0,0.48117477477924075,0
120,0.1,0.1,0,0.45005826289273304,0
120,0.1,0.15,0,0.42496062668929385,0
120,0.1,0.2,0,0.4059319310784248,0
120,0.1,0.3,0,0.31852556180890457,0
120,0.1,0.5,0,0.1266103076375988,0
120,0.15,0.05,0,0.47766361924365003,0
120,0.15,0.1,0,0.45576648819535365,0
120,0.15,0.15,0,0.43500476977743197,0
120,0.15,0.2,0,0.3985577288579397,0
120,0.15,0.3,0,0.3159511970834658,0
120,0.15,0.5,0,0.1215026501757565,0
121,0.0,0.05,0,0.5051168562791508,1
121,0.0,0.1,0,0.5009805643963124,1
121,0.0,0.15,0,0.4885345879879468,0
121,0.0,0.2,0,0.4845926688714968,0
121,0.0,0.3,0,0.44110273406445655,0
121,0.0,0.5,0,0.27812960403453785,0
121,0.02,0.05,0,0.5046675378635009,1
121,0.02,0.1,0,0.5021608276401598,1
121,0.02,0.15,0,0.48801653305912274,0
121,0.02,0.2,0,0.48294330333538077,0
121,0.02,0.3,0,0.4402111812164932,0
121,0.02,0.5,0,0.2786474365147758,0
121,0.05,0.05,0,0.5057070350949383,1
121,0.05,0.1,0,0.5037819075373368,1
121,0.05,0.15,0,0.4897132079800078,0
121,0.05,0.2,0,0.4829111821661882,0
121,0.05,0.3,0,0.4400918898730502,0
121,0.05,0.5,0,0.2812978552486944,0
121,0.1,0.05,0,0.5083498930738349,1
121,0.1,0.1,0,0.5049629400597857,1
121,0.1,0.15,0,0.49596365898279915,0
121,0.1,0.2,0,0.4935961870113995,0
121,0.1,0.3,0,0.4382169948505029,0
121,0.1,0.5,0,0.27768254470184833,0
121,0.15,0.05,0,0.5024828942883772,1
121,0.15,0.1,0,0.5000324960986843,1
121,0.15,0.15,0,0.49014934962447465,0
121,0.15,0.2,0,0.4929590956170822,0
121,0.15,0.3,0,0.43850586636903105,0
121,0.15,0.5,0,0.27730584591765955,0
122,0.0,0.05,0,0.507253386519433,1
122,0.0,0.1,0,0.5118738771135766,1
122,0.0,0.15,0,0.48676617609174117,0
122,0.0,0.2,0,0.4425043815326162,0
122,0.0,0.3,0,0.35327670382742754,0
122,0.0,0.5,0,0.24544153690716514,0
122,0.02,0.05,0,0.5057815641725463,1
122,0.02,0.1,0,0.5120558595161262,1
122,0.02,0.15,0,0.4854476511959911,0
122,0.02,0.2,0,0.4428376464304412,0
122,0.02,0.3,0,0.35245667007530096,0
122,0.02,0.5,0,0.24523182984352684,0
122,0.05,0.05,0,0.5023800544242054,1
122,0.05,0.1,0,0.5108645898782853,1
122,0.05,0.15,0,0.48300292154805213,0
122,0.05,0.2,0,0.43902263138047537,0
122,0.05,0.3,0,0.34908054431765634,0
122,0.05,0.5,0,0.24646000747338365,0
122,0.1,0.05,0,0.5116814412952045,1
122,0.1,0.1,0,0.5095497070885175,1
122,0.1,0.15,0,0.4813417552982224,0
122,0.1,0.2,0,0.4530251344073572,0
122,0.1,0.3,0,0.357886237143758,0
122,0.1,0.5,0,0.2444551644000841,0
122,0.15,0.05,0,0.5138282074778044,1
122,0.15,0.1,0,0.5207649269054228,1
122,0.15,0.15,0,0.485809929998762,0
122,0.15,0.2,0,0.43564950938677727,0
122,0.15,0.3,0,0.3586518508070125,0
122,0.15,0.5,0,0.24358877442882135,0
123,0.0,0.05,1,0.5132347770101654,1
123,0.0,0.1,1,0.5450454562077085,1
123,0.0,0.15,1,0.5993987206519327,1
123,0.0,0.2,1,0.6614978220044306,1
123,0.0,0.3,1,0.8055438104440549,1
123,0.0,0.5,1,0.9661412819100432,1
123,0.02,0.05,1,0.5154037383955745,1
123,0.02,0.1,1,0.5429088485953437,1
123,0.02,0.15,1,0.6005777476703491,1
123,0.02,0.2,1,0.6616771900988353,1
123,0.02,0.3,1,0.8061693047978373,1
123,0.02,0.5,1,0.9655963014965464,1
123,0.05,0.05,1,0.5139175347937222,1
123,0.05,0.1,1,0.5477138685323428,1
123,0.05,0.15,1,0.6020579944611256,1
123,0.05,0.2,1,0.6609291179319507,1
123,0.05,0.3,1,0.8066157792180275,1
123,0.05,0.5,1,0.9658258141194643,1
123,0.1,0.05,1,0.5155171237033502,1
123,0.1,0.1,1,0.554656950114131,1
123,0.1,0.15,1,0.5895836579221673,1
123,0.1,0.2,1,0.6647341084129513,1
123,0.1,0.3,1,0.8001108962900904,1
123,0.1,0.5,1,0.9714884203168886,1
123,0.15,0.05,1,0.5099836447248179,1
123,0.15,0.1,1,0.5511220422820153,1
123,0.15,0.15,1,0.5953926008408243,1
123,0.15,0.2,1,0.6616001371706229,1
123,0.15,0.3,1,0.8142949346228576,1
123,0.15,0.5,1,0.9637458840568883,1
124,0.0,0.05,0,0.49645773394444803,0
124,0.0,0.1,0,0.49080326895989906,0
124,0.0,0.15,0,0.47545310838394617,0
124,0.0,0.2,0,0.46755858361516167,0
124,0.0,0.3,0,0.4612608458010519,0
124,0.0,0.5,0,0.46325264640539354,0
124,0.02,0.05,0,0.49493261414015804,0
124,0.02,0.1,0,0.4913879259203768,0
124,0.02,0.15,0,0.4760995903239923,0
124,0.02,0.2,0,0.46730513930793377,0
124,0.02,0.3,0,0.4612966089166433,0
124,0.02,0.5,0,0.463894731900303,0
124,0.05,0.05,0,0.4915820437216427,0
124,0.05,0.1,0,0.4918214875245912,0
124,0.05,0.15,0,0.4715618581072013,0
124,0.05,0.2,0,0.4705862562798216,0
124,0.05,0.3,0,0.4626819247793512,0
124,0.05,0.5,0,0.4640371586003027,0
124,0.1,0.05,0,0.4942570016149238,0
124,0.1,0.1,0,0.4879735936412182,0
124,0.1,0.15,0,0.47770715462181385,0
124,0.1,0.2,0,0.4586954474296252,0
124,0.1,0.3,0,0.46630528378011177,0
124,0.1,0.5,0,0.46966701493599133,0
124,0.15,0.05,0,0.4999281839062076,0
124,0.15,0.1,0,0.5022360367863633,1
124,0.15,0.15,0,0.47517023201338787,0
124,0.15,0.2,0,0.4803449905296711,0
124,0.15,0.3,0,0.4588202918779872,0
124,0.15,0.5,0,0.45686612370501944,0
125,0.0,0.05,1,0.5022203759997902,1
125,0.0,0.1,1,0.4978681843876732,0
125,0.0,0.15,1,0.5063616302571748,1
125,0.0,0.2,1,0.5232089428093116,1
125,0.0,0.3,1,0.5704667196939276,1
125,0.0,0.5,1,0.7097884904410431,1
125,0.02,0.05,1,0.5027468456342007,1
125,0.02,0.1,1,0.49698378895977896,0
125,0.02,0.15,1,0.5071578590284137,1
125,0.02,0.2,1,0.522563986983004,1
125,0.02,0.3,1,0.5703728677790525,1
125,0.02,0.5,1,0.7099029070512884,1
125,0.05,0.05,1,0.5041455669578162,1
125,0.05,0.1,1,0.497265516900593,0
125,0.05,0.15,1,0.5048217325926577,1
125,0.05,0.2,1,0.5196886579553065,1
125,0.05,0.3,1,0.5670729580185172,1
125,0.05,0.5,1,0.7105124055464943,1
125,0.1,0.05,1,0.49848121444400423,0
125,0.1,0.1,1,0.5039018955426207,1
125,0.1,0.15,1,0.5060751660167928,1
125,0.1,0.2,1,0.5132474581814581,1
125,0.1,0.3,1,0.578138571533769,1
125,0.1,0.5,1,0.7093421718493073,1
125,0.15,0.05,1,0.5082611826924933,1
125,0.15,0.1,1,0.484172440180085,0
125,0.15,0.15,1,0.5160701490071916,1
125,0.15,0.2,1,0.5294446783642882,1
125,0.15,0.3,1,0.5697823320192253,1
125,0.15,0.5,1,0.6921759720900853,1
126,0.0,0.05,0,0.4970191227917023,0
126,0.0,0.1,0,0.4839837361214073,0
126,0.0,0.15,0,0.4449800036728368,0
126,0.0,0.2,0,0.40230743812786657,0
126,0.0,0.3,0,0.28343054207888824,0
126,0.0,0.5,0,0.07408810000031554,0
126,0.02,0.05,0,0.49795923219716304,0
126,0.02,0.1,0,0.48341491493886896,0
126,0.02,0.15,0,0.4455494658902818,0
126,0.02,0.2,0,0.4014005807313801,0
126,0.02,0.3,0,0.28321034522497235,0
126,0.02,0.5,0,0.074639249596849,0
126,0.05,0.05,0,0.4968114724311416,0
126,0.05,0.1,0,0.48660090810901674,0
126,0.05,0.15,0,0.4445791903882936,0
126,0.05,0.2,0,0.40237545996745927,0
126,0.05,0.3,0,0.28230337562987146,0
126,0.05,0.5,0,0.06828697170930123,0
126,0.1,0.05,0,0.49760301741493734,0
126,0.1,0.1,0,0.48960766817828594,0
126,0.1,0.15,0,0.43585090535916465,0
126,0.1,0.2,0,0.4087114132531596,0
126,0.1,0.3,0,0.2807496057251811,0
126,0.1,0.5,0,0.08030341679759607,0
126,0.15,0.05,0,0.4994368072349505,0
126,0.15,0.1,0,0.48675224602779016,0
126,0.15,0.15,0,0.44358211836499933,0
126,0.15,0.2,0,0.4075293191676362,0
126,0.15,0.3,0,0.2923821866773918,0
126,0.15,0.5,0,0.0884879811614736,0
127,0.0,0.05,0,0.38585725900505924,0
127,0.0,0.1,0,0.30234173756344523,0
127,0.0,0.15,0,0.22677363365061726,0
127,0.0,0.2,0,0.1598179798311514,0
127,0.0,0.3,0,0.07306216789950323,0
127,0.0,0.5,0,0.01430665366142622,0
127,0.02,0.05,0,0.3845714718457465,0
127,0.02,0.1,0,0.3005056990638932,0
127,0.02,0.15,0,0.22682693980223118,0
127,0.02,0.2,0,0.15938533731710464,0
127,0.02,0.3,0,0.07322597661671348,0
127,0.02,0.5,0,0.01379822026877877,0
127,0.05,0.05,0,0.3854745282419891,0
127,0.05,0.1,0,0.3013699133067654,0
127,0.05,0.15,0,0.22651513056119443,0
127,0.05,0.2,0,0.16147865672937636,0
127,0.05,0.3,0,0.07104708270604357,0
127,0.05,0.5,0,0.010814055645173131,0
127,0.1,0.05,0,0.3898715892699279,0
127,0.1,0.1,0,0.30068331663835385,0
127,0.1,0.15,0,0.23139106976229645,0
127,0.1,0.2,0,0.15731464597997302,0
127,0.1,0.3,0,0.07338662931969869,0
127,0.1,0.5,0,0.015066836284848829,0
127,0.15,0.05,0,0.39963561239939493,0
127,0.15,0.1,0,0.2975493290116697,0
127,0.15,0.15,0,0.21712151932323542,0
127,0.15,0.2,0,0.15467586494061852,0
127,0.15,0.3,0,0.0791776121675966,0
127,0.15,0.5,0,0.02156132247594289,0
128,0.0,0.05,1,0.5270522889649727,1
128,0.0,0.1,1,0.5564731891592497,1
128,0.0,0.15,1,0.5973343150233997,1
128,0.0,0.2,1,0.6463016236558587,1
128,0.0,0.3,1,0.7158613923030992,1
128,0.0,0.5,1,0.8734748558764006,1
128,0.02,0.05,1,0.5284133503992628,1
128,0.02,0.1,1,0.5560062593469234,1
128,0.02,0.15,1,0.5954748042814352,1
128,0.02,0.2,1,0.6449985175532905,1
128,0.02,0.3,1,0.7164590369187323,1
128,0.02,0.5,1,0.8729587863227701,1
128,0.05,0.05,1,0.5303744261495947,1
128,0.05,0.1,1,0.5567440801602063,1
128,0.05,0.15,1,0.5953683237294913,1
128,0.05,0.2,1,0.6469766213433534,1
128,0.05,0.3,1,0.7157711091963979,1
128,0.05,0.5,1,0.8749372415732494,1
128,0.1,0.05,1,0.5310490540320498,1
128,0.1,0.1,1,0.5567753959418694,1
128,0.1,0.15,1,0.5934659214933563,1
128,0.1,0.2,1,0.6570525835467365,1
128,0.1,0.3,1,0.7181321316062451,1
128,0.1,0.5,1,0.8730015920434193,1
128,0.15,0.05,1,0.5255115442518844,1
128,0.15,0.1,1,0.5587632423942799,1
128,0.15,0.15,1,0.5810974613582,1
128,0.15,0.2,1,0.6459366772668692,1
128,0.15,0.3,1,0.7219364710470333,1
128,0.15,0.5,1,0.8794901417942755,1
129,0.0,0.05,0,0.503165427120984,1
129,0.0,0.1,0,0.504209729173924,1
129,0.0,0.15,0,0.5064118056269599,1
129,0.0,0.2,0,0.4853522565084031,0
129,0.0,0.3,0,0.42678825337893145,0
129,0.0,0.5,0,0.2593286266764327,0
129,0.02,0.05,0,0.5015856467109727,1
129,0.02,0.1,0,0.5024230492652977,1
129,0.02,0.15,0,0.504768761138233,1
129,0.02,0.2,0,0.4849432362303721,0
129,0.02,0.3,0,0.4273534556368386,0
129,0.02,0.5,0,0.2581805490729168,0
129,0.05,0.05,0,0.5022045343469732,1
129,0.05,0.1,0,0.5071155869464253,1
129,0.05,0.15,0,0.5047498307346292,1
129,0.05,0.2,0,0.488340014031595,0
129,0.05,0.3,0,0.4264397336633412,0
129,0.05,0.5,0,0.25563273611768844,0
129,0.1,0.05,0,0.5063391009400399,1
129,0.1,0.1,0,0.4976476348445581,0
129,0.1,0.15,0,0.5013840742022071,1
129,0.1,0.2,0,0.4816324742668908,0
129,0.1,0.3,0,0.42571580534940123,0
129,0.1,0.5,0,0.2617690036551026,0
129,0.15,0.05,0,0.4949065700690992,0
129,0.15,0.1,0,0.500399398277796,1
129,0.15,0.15,0,0.5016053210130472,1
129,0.15,0.2,0,0.4896442386999442,0
129,0.15,0.3,0,0.42706718127047805,0
129,0.15,0.5,0,0.2554218319997458,0
130,0.0,0.05,0,0.4289919008854919,0
130,0.0,0.1,0,0.35733619526047333,0
130,0.0,0.15,0,0.2853895499116186,0
130,0.0,0.2,0,0.22654911836081099,0
130,0.0,0.3,0,0.13239829469295605,0
130,0.0,0.5,0,0.04138174732795461,0
130,0.02,0.05,0,0.42901381908023,0
130,0.02,0.1,0,0.3580284240142602,0
130,0.02,0.15,0,0.2853336363118562,0
130,0.02,0.2,0,0.22551191546414223,0
130,0.02,0.3,0,0.13280430080113614,0
130,0.02,0.5,0,0.04216430257107368,0
130,0.05,0.05,0,0.42748337957664617,0
130,0.05,0.1,0,0.35620953048570186,0
130,0.05,0.15,0,0.2868905234442696,0
130,0.05,0.2,0,0.22676079695807289,0
130,0.05,0.3,0,0.13329104816647347,0
130,0.05,0.5,0,0.039212822122777394,0
130,0.1,0.05,0,0.4317261412615618,0
130,0.1,0.1,0,0.36198346446383656,0
130,0.1,0.15,0,0.29290973772402723,0
130,0.1,0.2,0,0.22741386680822215,0
130,0.1,0.3,0,0.12421478723161294,0
130,0.1,0.5,0,0.04457918741157409,0
130,0.15,0.05,0,0.4329136083840425,0
130,0.15,0.1,0,0.36102448247634356,0
130,0.15,0.15,0,0.2927284036031226,0
130,0.15,0.2,0,0.22878661045798016,0
130,0.15,0.3,0,0.12144892791086667,0
130,0.15,0.5,0,0.049030786078250704,0
131,0.0,0.05,1,0.4917724673496802,0
131,0.0,0.1,1,0.5095707876703865,1
131,0.0,0.15,1,0.5305954551333102,1
131,0.0,0.2,1,0.5591502604780961,1
131,0.0,0.3,1,0.6604841913350525,1
131,0.0,0.5,1,0.8725815835003413,1
131,0.02,0.05,1,0.4918422330522915,0
131,0.02,0.1,1,0.5081901255464499,1
131,0.02,0.15,1,0.5305345040621523,1
131,0.02,0.2,1,0.559134920547532,1
131,0.02,0.3,1,0.6598238590244843,1
131,0.02,0.5,1,0.8724544133537713,1
131,0.05,0.05,1,0.4927613876842124,0
131,0.05,0.1,1,0.5081478681269691,1
131,0.05,0.15,1,0.5307818404549387,1
131,0.05,0.2,1,0.5580804060236646,1
131,0.05,0.3,1,0.6597269612070247,1
131,0.05,0.5,1,0.8743515244751189,1
131,0.1,0.05,1,0.4901242429074546,0
131,0.1,0.1,1,0.5063815240131825,1
131,0.1,0.15,1,0.5363134045077556,1
131,0.1,0.2,1,0.5584732530940008,1
131,0.1,0.3,1,0.6470615871029544,1
131,0.1,0.5,1,0.8762203561020679,1
131,0.15,0.05,1,0.49809755076683154,0
131,0.15,0.1,1,0.5086460855211246,1
131,0.15,0.15,1,0.5211914287414071,1
131,0.15,0.2,1,0.5632147259423146,1
131,0.15,0.3,1,0.6684919651087939,1
131,0.15,0.5,1,0.8507335763446829,1
132,0.0,0.05,0,0.48498092844717483,0
132,0.0,0.1,0,0.47200653184541697,0
132,0.0,0.15,0,0.44425360920341156,0
132,0.0,0.2,0,0.39910079209609645,0
132,0.0,0.3,0,0.27233040843589634,0
132,0.0,0.5,0,0.0896174842291879,0
132,0.02,0.05,0,0.48429012021607004,0
132,0.02,0.1,0,0.4727658802059293,0
132,0.02,0.15,0,0.44531494290393164,0
132,0.02,0.2,0,0.39795642958399546,0
132,0.02,0.3,0,0.27166130500382074,0
132,0.02,0.5,0,0.09104173391318113,0
132,0.05,0.05,0,0.4818396663839604,0
132,0.05,0.1,0,0.47914817745361776,0
132,0.05,0.15,0,0.44827216975701123,0
132,0.05,0.2,0,0.39844169590732703,0
132,0.05,0.3,0,0.2745183384137342,0
132,0.05,0.5,0,0.08695306763917025,0
132,0.1,0.05,0,0.4812573335566404,0
132,0.1,0.1,0,0.4722220272110525,0
132,0.1,0.15,0,0.4450826832463539,0
132,0.1,0.2,0,0.3986506140991927,0
132,0.1,0.3,0,0.2710786892013918,0
132,0.1,0.5,0,0.08856196581958338,0
132,0.15,0.05,0,0.4903725834013662,0
132,0.15,0.1,0,0.4846889138090755,0
132,0.15,0.15,0,0.4399182792913358,0
132,0.15,0.2,0,0.40491049590411954,0
132,0.15,0.3,0,0.28120699965142415,0
132,0.15,0.5,0,0.09234681401477808,0
133,0.0,0.05,1,0.5304824501864666,1
133,0.0,0.1,1,0.5706448052878641,1
133,0.0,0.15,1,0.6215648710183947,1
133,0.0,0.2,1,0.6628699751203686,1
133,0.0,0.3,1,0.7115382475921346,1
133,0.0,0.5,1,0.8371634085174933,1
133,0.02,0.05,1,0.5314116939627278,1
133,0.02,0.1,1,0.5706126661384212,1
133,0.02,0.15,1,0.6215145076174736,1
133,0.02,0.2,1,0.6645215019970895,1
133,0.02,0.3,1,0.711145982871845,1
133,0.02,0.5,1,0.83676309957032,1
133,0.05,0.05,1,0.5317483851633087,1
133,0.05,0.1,1,0.571734082109435,1
133,0.05,0.15,1,0.6202148254339375,1
133,0.05,0.2,1,0.6589030344597973,1
133,0.05,0.3,1,0.7102476708786722,1
133,0.05,0.5,1,0.8341923481299902,1
133,0.1,0.05,1,0.531464155229178,1
133,0.1,0.1,1,0.568516672406858,1
133,0.1,0.15,1,0.6173137708592571,1
133,0.1,0.2,1,0.6622355617649655,1
133,0.1,0.3,1,0.7118430845200356,1
133,0.1,0.5,1,0.8380131827510093,1
133,0.15,0.05,1,0.5293350348189031,1
133,0.15,0.1,1,0.5769818047789369,1
133,0.15,0.15,1,0.6236520910099512,1
133,0.15,0.2,1,0.6665651219092329,1
133,0.15,0.3,1,0.7149880837857443,1
133,0.15,0.5,1,0.8414811018885315,1
134,0.0,0.05,1,0.526255156431111,1
134,0.0,0.1,1,0.5428044643045212,1
134,0.0,0.15,1,0.5458027661882154,1
134,0.0,0.2,1,0.5560275846251381,1
134,0.0,0.3,1,0.6673823831032155,1
134,0.0,0.5,1,0.9027859104219678,1
134,0.02,0.05,1,0.525069035755587,1
134,0.02,0.1,1,0.5430366845366831,1
134,0.02,0.15,1,0.546917140169989,1
134,0.02,0.2,1,0.5560543316467703,1
134,0.02,0.3,1,0.6677793445238589,1
134,0.02,0.5,1,0.9027579525165189,1
134,0.05,0.05,1,0.5237254283524044,1
134,0.05,0.1,1,0.5413140546623131,1
134,0.05,0.15,1,0.5455362671125437,1
134,0.05,0.2,1,0.5551458306817854,1
134,0.05,0.3,1,0.6678607651796269,1
134,0.05,0.5,1,0.90277837670237,1
134,0.1,0.05,1,0.5286383793318724,1
134,0.1,0.1,1,0.5397880469214901,1
134,0.1,0.15,1,0.5501514530166649,1
134,0.1,0.2,1,0.55371226639441,1
134,0.1,0.3,1,0.6724066656030623,1
134,0.1,0.5,1,0.9071676113186675,1
134,0.15,0.05,1,0.5287766630578381,1
134,0.15,0.1,1,0.5364988255850237,1
134,0.15,0.15,1,0.5428345952277746,1
134,0.15,0.2,1,0.5584630508920736,1
134,0.15,0.3,1,0.6735239306705306,1
134,0.15,0.5,1,0.8963684951623752,1
135,0.0,0.05,1,0.493932750997324,0
135,0.0,0.1,1,0.48271873271050425,0
135,0.0,0.15,1,0.4888019557324999,0
135,0.0,0.2,1,0.4970045059299919,0
135,0.0,0.3,1,0.5242557826168815,1
135,0.0,0.5,1,0.589072869305659,1
135,0.02,0.05,1,0.494683260135779,0
135,0.02,0.1,1,0.48319433367096365,0
135,0.02,0.15,1,0.486744298819206,0
135,0.02,0.2,1,0.4969580336943106,0
135,0.02,0.3,1,0.5239967375759259,1
135,0.02,0.5,1,0.5905662720377064,1
135,0.05,0.05,1,0.4918291059097145,0
135,0.05,0.1,1,0.48135593709607405,0
135,0.05,0.15,1,0.4860639483950253,0
135,0.05,0.2,1,0.4960995415900888,0
135,0.05,0.3,1,0.5264068083087857,1
135,0.05,0.5,1,0.590206090340979,1
135,0.1,0.05,1,0.4878358519534526,0
135,0.1,0.1,1,0.48151363176684825,0
135,0.1,0.15,1,0.4877169198901313,0
135,0.1,0.2,1,0.4970588604183864,0
135,0.1,0.3,1,0.5228734732824878,1
135,0.1,0.5,1,0.5903204141895507,1
135,0.15,0.05,1,0.5005006503130066,1
135,0.15,0.1,1,0.48563509387380394,0
135,0.15,0.15,1,0.4783512166612079,0
135,0.15,0.2,1,0.4947589017817636,0
135,0.15,0.3,1,0.528259763521113,1
135,0.15,0.5,1,0.5894935630764778,1
136,0.0,0.05,0,0.4901466325113138,0
136,0.0,0.1,0,0.4914760835279681,0
136,0.0,0.15,0,0.47937981125365325,0
136,0.0,0.2,0,0.4560146279197177,0
136,0.0,0.3,0,0.3810812640987263,0
136,0.0,0.5,0,0.14151713157704932,0
136,0.02,0.05,0,0.4912192287315646,0
136,0.02,0.1,0,0.4907891819108162,0
136,0.02,0.15,0,0.4798191917621227,0
136,0.02,0.2,0,0.4561989519425392,0
136,0.02,0.3,0,0.38197795743885055,0
136,0.02,0.5,0,0.14126500984577758,0
136,0.05,0.05,0,0.4951549334404087,0
136,0.05,0.1,0,0.49184132232514755,0
136,0.05,0.15,0,0.48186344968490874,0
136,0.05,0.2,0,0.45250459615616406,0
136,0.05,0.3,0,0.3803539782068327,0
136,0.05,0.5,0,0.13830330398555893,0
136,0.1,0.05,0,0.49366610013429624,0
136,0.1,0.1,0,0.49628604809904203,0
136,0.1,0.15,0,0.47738930990941464,0
136,0.1,0.2,0,0.45117696881251496,0
136,0.1,0.3,0,0.37914039038003333,0
136,0.1,0.5,0,0.14623669242752613,0
136,0.15,0.05,0,0.47989769489892914,0
136,0.15,0.1,0,0.4852889036732926,0
136,0.15,0.15,0,0.4794539344520285,0
136,0.15,0.2,0,0.44876072244271664,0
136,0.15,0.3,0,0.3782720877272098,0
136,0.15,0.5,0,0.15611269975327707,0
137,0.0,0.05,0,0.5058963086704518,1
137,0.0,0.1,0,0.5073082723788347,1
137,0.0,0.15,0,0.49191147170839017,0
137,0.0,0.2,0,0.46612909678260384,0
137,0.0,0.3,0,0.4011789661351061,0
137,0.0,0.5,0,0.18697491240285133,0
137,0.02,0.05,0,0.5051746330998607,1
137,0.02,0.1,0,0.507605023086019,1
137,0.02,0.15,0,0.4927214352046396,0
137,0.02,0.2,0,0.46655761006413204,0
137,0.02,0.3,0,0.40053490012409854,0
137,0.02,0.5,0,0.18743444104487098,0
137,0.05,0.05,0,0.5056877044933291,1
137,0.05,0.1,0,0.5053003859756706,1
137,0.05,0.15,0,0.49167739615146633,0
137,0.05,0.2,0,0.4665211963649265,0
137,0.05,0.3,0,0.4053657387601522,0
137,0.05,0.5,0,0.18577509021815466,0
137,0.1,0.05,0,0.5047872693240008,1
137,0.1,0.1,0,0.5059666959063213,1
137,0.1,0.15,0,0.4929078349259555,0
137,0.1,0.2,0,0.45775135250679444,0
137,0.1,0.3,0,0.39245852627039407,0
137,0.1,0.5,0,0.18224489864913526,0
137,0.15,0.05,0,0.4899251564365953,0
137,0.15,0.1,0,0.517370699506536,1
137,0.15,0.15,0,0.49038503426532304,0
137,0.15,0.2,0,0.45533111230837636,0
137,0.15,0.3,0,0.4048779192046659,0
137,0.15,0.5,0,0.18500001803393878,0
138,0.0,0.05,0,0.4660462742774947,0
138,0.0,0.1,0,0.42850073283781037,0
138,0.0,0.15,0,0.3961758115008375,0
138,0.0,0.2,0,0.37379348108783533,0
138,0.0,0.3,0,0.24557392931131453,0
138,0.0,0.5,0,0.049648064562598876,0
138,0.02,0.05,0,0.4670132575814253,0
138,0.02,0.1,0,0.42936055280712754,0
138,0.02,0.15,0,0.3966398239979654,0
138,0.02,0.2,0,0.37511270317674716,0
138,0.02,0.3,0,0.24718784361308596,0
138,0.02,0.5,0,0.04933284156114965,0
138,0.05,0.05,0,0.46623936142021016,0
138,0.05,0.1,0,0.4288320303289842,0
138,0.05,0.15,0,0.4011601234803389,0
138,0.05,0.2,0,0.37397045100781895,0
138,0.05,0.3,0,0.24058722340115,0
138,0.05,0.5,0,0.05106494240537889,0
138,0.1,0.05,0,0.46471561927582367,0
138,0.1,0.1,0,0.4333510766076779,0
138,0.1,0.15,0,0.39187228744294933,0
138,0.1,0.2,0,0.3766691867459993,0
138,0.1,0.3,0,0.24040478399266219,0
138,0.1,0.5,0,0.04107337241088282,0
138,0.15,0.05,0,0.46794664441099715,0
138,0.15,0.1,0,0.44077304431139885,0
138,0.15,0.15,0,0.40243480979360274,0
138,0.15,0.2,0,0.3809812077424674,0
138,0.15,0.3,0,0.24449985989183234,0
138,0.15,0.5,0,0.048005685383614195,0
139,0.0,0.05,0,0.4391156020758636,0
139,0.0,0.1,0,0.40380549295829854,0
139,0.0,0.15,0,0.3669336863935325,0
139,0.0,0.2,0,0.31334032948824847,0
139,0.0,0.3,0,0.18201191826601643,0
139,0.0,0.5,0,0.046576733196989586,0
139,0.02,0.05,0,0.4373053672321443,0
139,0.02,0.1,0,0.4037728352139842,0
139,0.02,0.15,0,0.3646531949658825,0
139,0.02,0.2,0,0.31225000917266765,0
139,0.02,0.3,0,0.1808375946806382,0
139,0.02,0.5,0,0.0469337638463717,0
139,0.05,0.05,0,0.44062114208189274,0
139,0.05,0.1,0,0.40272994325892875,0
139,0.05,0.15,0,0.363704643216492,0
139,0.05,0.2,0,0.3201455432992381,0
139,0.05,0.3,0,0.18393822282894934,0
139,0.05,0.5,0,0.045208970240069486,0
139,0.1,0.05,0,0.44443630267488754,0
139,0.1,0.1,0,0.40601724911813963,0
139,0.1,0.15,0,0.3728259606942212,0
139,0.1,0.2,0,0.3249677830578719,0
139,0.1,0.3,0,0.18062118066370525,0
139,0.1,0.5,0,0.04636075903016043,0
139,0.15,0.05,0,0.4425439103358594,0
139,0.15,0.1,0,0.39547285018469314,0
139,0.15,0.15,0,0.3662363005603541,0
139,0.15,0.2,0,0.317583705859056,0
139,0.15,0.3,0,0.1804528691037521,0
139,0.15,0.5,0,0.04157238347068993,0
140,0.0,0.05,1,0.5237096135260165,1
140,0.0,0.1,1,0.5753984316254895,1
140,0.0,0.15,1,0.6279715425708784,1
140,0.0,0.2,1,0.6879850588886607,1
140,0.0,0.3,1,0.802845869252224,1
140,0.0,0.5,1,0.9343166944450312,1
140,0.02,0.05,1,0.524889786062139,1
140,0.02,0.1,1,0.5749948481576814,1
140,0.02,0.15,1,0.6276066117811633,1
140,0.02,0.2,1,0.6864825266852296,1
140,0.02,0.3,1,0.8018033633007932,1
140,0.02,0.5,1,0.9363882859207759,1
140,0.05,0.05,1,0.5257844604716166,1
140,0.05,0.1,1,0.5736008374052735,1
140,0.05,0.15,1,0.6273053888136512,1
140,0.05,0.2,1,0.6882623797816727,1
140,0.05,0.3,1,0.8017071069445268,1
140,0.05,0.5,1,0.9339535156606916,1
140,0.1,0.05,1,0.5276159548475303,1
140,0.1,0.1,1,0.5722742750376146,1
140,0.1,0.15,1,0.6193694087240839,1
140,0.1,0.2,1,0.6859008090130542,1
140,0.1,0.3,1,0.7966424503135779,1
140,0.1,0.5,1,0.9317530869263762,1
140,0.15,0.05,1,0.5142896953244971,1
140,0.15,0.1,1,0.5752776511937719,1
140,0.15,0.15,1,0.6235470211987352,1
140,0.15,0.2,1,0.6930598734333461,1
140,0.15,0.3,1,0.8137200169847578,1
140,0.15,0.5,1,0.9328725030422174,1
141,0.0,0.05,0,0.3304540498020358,0
141,0.0,0.1,0,0.21314408851914568,0
141,0.0,0.15,0,0.13358730881974368,0
141,0.0,0.2,0,0.08246167636516537,0
141,0.0,0.3,0,0.030299875422952406,0
141,0.0,0.5,0,0.0042860989154426,0
141,0.02,0.05,0,0.33272106881843944,0
141,0.02,0.1,0,0.2130015333660601,0
141,0.02,0.15,0,0.13308836696544357,0
141,0.02,0.2,0,0.08205838475739,0
141,0.02,0.3,0,0.029659108073583355,0
141,0.02,0.5,0,0.0030149503394587603,0
141,0.05,0.05,0,0.3313043589347849,0
141,0.05,0.1,0,0.21131978756618797,0
141,0.05,0.15,0,0.13321840017726888,0
141,0.05,0.2,0,0.08146747125724485,0
141,0.05,0.3,0,0.028058676824445402,0
141,0.05,0.5,0,0.0018499693543891475,0
141,0.1,0.05,0,0.3331772241891826,0
141,0.1,0.1,0,0.21124686298945458,0
141,0.1,0.15,0,0.13588539038143393,0
141,0.1,0.2,0,0.07789641672645913,0
141,0.1,0.3,0,0.03558818318167087,0
141,0.1,0.5,0,-0.0015402684562843367,0
141,0.15,0.05,0,0.32702615748251423,0
141,0.15,0.1,0,0.21275258788354268,0
141,0.15,0.15,0,0.1386681467455171,0
141,0.15,0.2,0,0.0822052569354892,0
141,0.15,0.3,0,0.03205454211651474,0
141,0.15,0.5,0,0.021872915770237648,0
142,0.0,0.05,0,0.4245219846006004,0
142,0.0,0.1,0,0.379889724220308,0
142,0.0,0.15,0,0.32886270338890927,0
142,0.0,0.2,0,0.27076831070076074,0
142,0.0,0.3,0,0.16850204307321714,0
142,0.0,0.5,0,0.04589511028009274,0
142,0.02,0.05,0,0.4256479841495637,0
142,0.02,0.1,0,0.3807010365803037,0
142,0.02,0.15,0,0.329294824811269,0
142,0.02,0.2,0,0.271114287688835,0
142,0.02,0.3,0,0.16862947454003294,0
142,0.02,0.5,0,0.045988521879151416,0
142,0.05,0.05,0,0.4244664832583539,0
142,0.05,0.1,0,0.3769433067000065,0
142,0.05,0.15,0,0.3312792040987136,0
142,0.05,0.2,0,0.26713706480650257,0
142,0.05,0.3,0,0.16382537008614556,0
142,0.05,0.5,0,0.04608444008167509,0
142,0.1,0.05,0,0.4281997926121906,0
142,0.1,0.1,0,0.383706315105894,0
142,0.1,0.15,0,0.3290550520393703,0
142,0.1,0.2,0,0.26490585926096816,0
142,0.1,0.3,0,0.1689073829364599,0
142,0.1,0.5,0,0.05234774606220383,0
142,0.15,0.05,0,0.4278922249194939,0
142,0.15,0.1,0,0.39001709180507294,0
142,0.15,0.15,0,0.3295609469800897,0
142,0.15,0.2,0,0.2786888959462419,0
142,0.15,0.3,0,0.1628869946226726,0
142,0.15,0.5,0,0.059724500210539905,0
143,0.0,0.05,0,0.4799684143766482,0
143,0.0,0.1,0,0.4589375730423118,0
143,0.0,0.15,0,0.45977850878373006,0
143,0.0,0.2,0,0.4351377271015611,0
143,0.0,0.3,0,0.36088563163780635,0
143,0.0,0.5,0,0.18633413755274403,0
143,0.02,0.05,0,0.4804403379748094,0
143,0.02,0.1,0,0.4605250161736516,0
143,0.02,0.15,0,0.45909275036807745,0
143,0.02,0.2,0,0.4341765314203539,0
143,0.02,0.3,0,0.3601526792220808,0
143,0.02,0.5,0,0.18834528922735114,0
143,0.05,0.05,0,0.4789569148330235,0
143,0.05,0.1,0,0.4616078594820363,0
143,0.05,0.15,0,0.45869123670384676,0
143,0.05,0.2,0,0.4340480008913468,0
143,0.05,0.3,0,0.3625799860814707,0
143,0.05,0.5,0,0.18589424990974987,0
143,0.1,0.05,0,0.47637983082175567,0
143,0.1,0.1,0,0.4608478227103224,0
143,0.1,0.15,0,0.4637159093883655,0
143,0.1,0.2,0,0.4411372077330181,0
143,0.1,0.3,0,0.36549748337287624,0
143,0.1,0.5,0,0.18126901991623107,0
143,0.15,0.05,0,0.48321178294397177,0
143,0.15,0.1,0,0.4601719732186289,0
143,0.15,0.15,0,0.46690716307940316,0
143,0.15,0.2,0,0.43586849292580027,0
143,0.15,0.3,0,0.3609507787905099,0
143,0.15,0.5,0,0.1973133729400072,0
144,0.0,0.05,1,0.6160192971204119,1
144,0.0,0.1,1,0.7208190802287061,1
144,0.0,0.15,1,0.801389117874091,1
144,0.0,0.2,1,0.8629429555908444,1
144,0.0,0.3,1,0.9396931793766505,1
144,0.0,0.5,1,0.9899158058716765,1
144,0.02,0.05,1,0.6155767334284775,1
144,0.02,0.1,1,0.7207332080613558,1
144,0.02,0.15,1,0.8010588342672101,1
144,0.02,0.2,1,0.8623770382557417,1
144,0.02,0.3,1,0.9392336616641123,1
144,0.02,0.5,1,0.9893674449050573,1
144,0.05,0.05,1,0.6139168662606571,1
144,0.05,0.1,1,0.7225736487933377,1
144,0.05,0.15,1,0.8033022823895027,1
144,0.05,0.2,1,0.8657603124937393,1
144,0.05,0.3,1,0.9379225018543684,1
144,0.05,0.5,1,0.9904189157797355,1
144,0.1,0.05,1,0.6228953684566988,1
144,0.1,0.1,1,0.7194313959283121,1
144,0.1,0.15,1,0.8014317412917473,1
144,0.1,0.2,1,0.8633552134028567,1
144,0.1,0.3,1,0.9404792703147549,1
144,0.1,0.5,1,0.9926202235051795,1
144,0.15,0.05,1,0.6225522568101033,1
144,0.15,0.1,1,0.7146644485709595,1
144,0.15,0.15,1,0.8208972892014328,1
144,0.15,0.2,1,0.8626019442343209,1
144,0.15,0.3,1,0.938675106856532,1
144,0.15,0.5,1,1.0032693846052039,1
145,0.0,0.05,1,0.5139188189945622,1
145,0.0,0.1,1,0.5600545667050212,1
145,0.0,0.15,1,0.601044255028007,1
145,0.0,0.2,1,0.630465886357913,1
145,0.0,0.3,1,0.711053268240921,1
145,0.0,0.5,1,0.858219728538498,1
145,0.02,0.05,1,0.5133925114363396,1
145,0.02,0.1,1,0.5600829493527058,1
145,0.02,0.15,1,0.6006888528426232,1
145,0.02,0.2,1,0.6309519719390582,1
145,0.02,0.3,1,0.7109744015703674,1
145,0.02,0.5,1,0.8580086049948356,1
145,0.05,0.05,1,0.5133664107173712,1
145,0.05,0.1,1,0.5604480071121383,1
145,0.05,0.15,1,0.5979020041228708,1
145,0.05,0.2,1,0.6292598187069405,1
145,0.05,0.3,1,0.7134576815701795,1
145,0.05,0.5,1,0.8608394246553178,1
145,0.1,0.05,1,0.5154631660072758,1
145,0.1,0.1,1,0.5667688758377832,1
145,0.1,0.15,1,0.5932385378244065,1
145,0.1,0.2,1,0.626736289968257,1
145,0.1,0.3,1,0.7103021181884106,1
145,0.1,0.5,1,0.8554221801075889,1
145,0.15,0.05,1,0.5142768382959059,1
145,0.15,0.1,1,0.5546420971528221,1
145,0.15,0.15,1,0.5958070830701974,1
145,0.15,0.2,1,0.6220596017030523,1
145,0.15,0.3,1,0.7072290841557463,1
145,0.15,0.5,1,0.8570789112894406,1
146,0.0,0.05,1,0.6324177588694866,1
146,0.0,0.1,1,0.7299848481554201,1
146,0.0,0.15,1,0.81080705213682,1
146,0.0,0.2,1,0.8736786861810467,1
146,0.0,0.3,1,0.9445224939249665,1
146,0.0,0.5,1,0.9912966802769881,1
146,0.02,0.05,1,0.6328977258590472,1
146,0.02,0.1,1,0.7294574883095054,1
146,0.02,0.15,1,0.8102212015966617,1
146,0.02,0.2,1,0.8747958236623534,1
146,0.02,0.3,1,0.9449497962858955,1
146,0.02,0.5,1,0.9922699244925746,1
146,0.05,0.05,1,0.6312280359312205,1
146,0.05,0.1,1,0.731160180682068,1
146,0.05,0.15,1,0.811975439404665,1
146,0.05,0.2,1,0.8725574144435435,1
146,0.05,0.3,1,0.9389173406622968,1
146,0.05,0.5,1,0.9924295753857787,1
146,0.1,0.05,1,0.6351500056616155,1
146,0.1,0.1,1,0.730898075000587,1
146,0.1,0.15,1,0.8082010305381638,1
146,0.1,0.2,1,0.871750646795002,1
146,0.1,0.3,1,0.9552944469319378,1
146,0.1,0.5,1,0.9882452494851917,1
146,0.15,0.05,1,0.6242052561205683,1
146,0.15,0.1,1,0.7238151704687202,1
146,0.15,0.15,1,0.8090306577470554,1
146,0.15,0.2,1,0.8648278474640341,1
146,0.15,0.3,1,0.9417468973362378,1
146,0.15,0.5,1,0.9985149772407717,1
147,0.0,0.05,1,0.5256236530896705,1
147,0.0,0.1,1,0.5382367324132539,1
147,0.0,0.15,1,0.5677692425185049,1
147,0.0,0.2,1,0.6042689143608782,1
147,0.0,0.3,1,0.668721669916789,1
147,0.0,0.5,1,0.7373255620612149,1
147,0.02,0.05,1,0.5247071496888348,1
147,0.02,0.1,1,0.5378989880542993,1
147,0.02,0.15,1,0.5682140773745473,1
147,0.02,0.2,1,0.6042264878924245,1
147,0.02,0.3,1,0.6692300807569976,1
147,0.02,0.5,1,0.7377752997356842,1
147,0.05,0.05,1,0.5252216917018439,1
147,0.05,0.1,1,0.5360631735500071,1
147,0.05,0.15,1,0.5650059278086944,1
147,0.05,0.2,1,0.605535544218491,1
147,0.05,0.3,1,0.6650691861735875,1
147,0.05,0.5,1,0.7378767214737391,1
147,0.1,0.05,1,0.5240449679438234,1
147,0.1,0.1,1,0.5452793392547309,1
147,0.1,0.15,1,0.5670270141542727,1
147,0.1,0.2,1,0.605616068177623,1
147,0.1,0.3,1,0.6660810088944741,1
147,0.1,0.5,1,0.7452565989494746,1
147,0.15,0.05,1,0.523478293673058,1
147,0.15,0.1,1,0.5374685690242459,1
147,0.15,0.15,1,0.5683368838175492,1
147,0.15,0.2,1,0.6085245255294313,1
147,0.15,0.3,1,0.6673448135355775,1
147,0.15,0.5,1,0.7388574156977987,1
148,0.0,0.05,0,0.4738585549532865,0
148,0.0,0.1,0,0.44142612447251844,0
148,0.0,0.15,0,0.4046222061583923,0
148,0.0,0.2,0,0.3604093432768571,0
148,0.0,0.3,0,0.2663550113892776,0
148,0.0,0.5,0,0.12775792258446045,0
148,0.02,0.05,0,0.47501866937037085,0
148,0.02,0.1,0,0.4431917079782397,0
148,0.02,0.15,0,0.4039209002557582,0
148,0.02,0.2,0,0.3599137903121259,0
148,0.02,0.3,0,0.2664701851702533,0
148,0.02,0.5,0,0.12847597254473755,0
148,0.05,0.05,0,0.4714207797092265,0
148,0.05,0.1,0,0.4386868305344742,0
148,0.05,0.15,0,0.4052279354470155,0
148,0.05,0.2,0,0.3645197994907574,0
148,0.05,0.3,0,0.26953775979924993,0
148,0.05,0.5,0,0.1295227602620306,0
148,0.1,0.05,0,0.48088543555769037,0
148,0.1,0.1,0,0.4361946248004069,0
148,0.1,0.15,0,0.4022524502225755,0
148,0.1,0.2,0,0.35544762237728383,0
148,0.1,0.3,0,0.2705113468448511,0
148,0.1,0.5,0,0.12197270346264315,0
148,0.15,0.05,0,0.47570404746288736,0
148,0.15,0.1,0,0.44135203589592403,0
148,0.15,0.15,0,0.40193958768581245,0
148,0.15,0.2,0,0.3536437492723276,0
148,0.15,0.3,0,0.26141170993156165,0
148,0.15,0.5,0,0.1355689773412551,0
149,0.0,0.05,1,0.48640153947857545,0
149,0.0,0.1,1,0.5117354286398109,1
149,0.0,0.15,1,0.5724890039248528,1
149,0.0,0.2,1,0.6387432823135254,1
149,0.0,0.3,1,0.7921320233586869,1
149,0.0,0.5,1,0.9695071304209436,1
149,0.02,0.05,1,0.4851934474627559,0
149,0.02,0.1,1,0.5114291757668316,1
149,0.02,0.15,1,0.5725196487405797,1
149,0.02,0.2,1,0.6367963589877949,1
149,0.02,0.3,1,0.7927457063785976,1
149,0.02,0.5,1,0.9706135341244778,1
149,0.05,0.05,1,0.47925386321304164,0
149,0.05,0.1,1,0.5117555968424116,1
149,0.05,0.15,1,0.5731160549318729,1
149,0.05,0.2,1,0.638693050966915,1
149,0.05,0.3,1,0.79383987772556,1
149,0.05,0.5,1,0.9722660878462438,1
149,0.1,0.05,1,0.4826249414249842,0
149,0.1,0.1,1,0.5100949528822984,1
149,0.1,0.15,1,0.57478510686839,1
149,0.1,0.2,1,0.6295406962935852,1
149,0.1,0.3,1,0.7922723208237664,1
149,0.1,0.5,1,0.9652607842594333,1
149,0.15,0.05,1,0.47836959974591353,0
149,0.15,0.1,1,0.5199782944009148,1
149,0.15,0.15,1,0.5744147644108238,1
149,0.15,0.2,1,0.6522079870646805,1
149,0.15,0.3,1,0.7863523440513327,1
149,0.15,0.5,1,0.9695016836289793,1
150,0.0,0.05,0,0.4711699579454929,0
150,0.0,0.1,0,0.4483849626421702,0
150,0.0,0.15,0,0.4136069185759591,0
150,0.0,0.2,0,0.36917313154936837,0
150,0.0,0.3,0,0.2529574988523213,0
150,0.0,0.5,0,0.0822795833707172,0
150,0.02,0.05,0,0.4698706556417593,0
150,0.02,0.1,0,0.4477343702123216,0
150,0.02,0.15,0,0.41378385274665885,0
150,0.02,0.2,0,0.3692388926860822,0
150,0.02,0.3,0,0.2527199187239306,0
150,0.02,0.5,0,0.08071985228041029,0
150,0.05,0.05,0,0.4724372717946165,0
150,0.05,0.1,0,0.44914206909467824,0
150,0.05,0.15,0,0.4149303488166804,0
150,0.05,0.2,0,0.36492551873864143,0
150,0.05,0.3,0,0.25357778234415485,0
150,0.05,0.5,0,0.08374913668783113,0
150,0.1,0.05,0,0.48175711351329187,0
150,0.1,0.1,0,0.4458764996773521,0
150,0.1,0.15,0,0.41706638016600855,0
150,0.1,0.2,0,0.3729790973711711,0
150,0.1,0.3,0,0.24177883541800835,0
150,0.1,0.5,0,0.0819874918264073,0
150,0.15,0.05,0,0.47312660582003047,0
150,0.15,0.1,0,0.4422338965275434,0
150,0.15,0.15,0,0.41763974545701277,0
150,0.15,0.2,0,0.3545582681874177,0
150,0.15,0.3,0,0.25360298555151656,0
150,0.15,0.5,0,0.07470816955819397,0
151,0.0,0.05,1,0.5377900289894401,1
151,0.0,0.1,1,0.5785915480690184,1
151,0.0,0.15,1,0.625686654634796,1
151,0.0,0.2,1,0.684421432432748,1
151,0.0,0.3,1,0.8148576702162732,1
151,0.0,0.5,1,0.9600492493379686,1
151,0.02,0.05,1,0.5368388492727385,1
151,0.02,0.1,1,0.5781881336951415,1
151,0.02,0.15,1,0.6255336520923622,1
151,0.02,0.2,1,0.6844044930514341,1
151,0.02,0.3,1,0.8134504461532702,1
151,0.02,0.5,1,0.960596523004277,1
151,0.05,0.05,1,0.538192993057408,1
151,0.05,0.1,1,0.5814964416712232,1
151,0.05,0.15,1,0.6229193420088471,1
151,0.05,0.2,1,0.6862637634732786,1
151,0.05,0.3,1,0.8141460889058597,1
151,0.05,0.5,1,0.9657216676947076,1
151,0.1,0.05,1,0.5350506381801574,1
151,0.1,0.1,1,0.5803643654391727,1
151,0.1,0.15,1,0.6264807802867681,1
151,0.1,0.2,1,0.6783399798779458,1
151,0.1,0.3,1,0.8127351540519443,1
151,0.1,0.5,1,0.9549174020436483,1
151,0.15,0.05,1,0.5227726340313166,1
151,0.15,0.1,1,0.5844376927204845,1
151,0.15,0.15,1,0.6407606322833534,1
151,0.15,0.2,1,0.6652026359169468,1
151,0.15,0.3,1,0.826941114518595,1
151,0.15,0.5,1,0.9539420307100137,1
152,0.0,0.05,1,0.6166996253415845,1
152,0.0,0.1,1,0.7024953518158529,1
152,0.0,0.15,1,0.7641150116488725,1
152,0.0,0.2,1,0.8168638482957342,1
152,0.0,0.3,1,0.8963177092694739,1
152,0.0,0.5,1,0.9663437236904685,1
152,0.02,0.05,1,0.6179514003239693,1
152,0.02,0.1,1,0.7036916943932493,1
152,0.02,0.15,1,0.7637686696087873,1
152,0.02,0.2,1,0.8168851442012068,1
152,0.02,0.3,1,0.8944519138493923,1
152,0.02,0.5,1,0.9650330550357796,1
152,0.05,0.05,1,0.6151691866602531,1
152,0.05,0.1,1,0.7051002991163559,1
152,0.05,0.15,1,0.7615198610759428,1
152,0.05,0.2,1,0.8145525467647734,1
152,0.05,0.3,1,0.8971636529876824,1
152,0.05,0.5,1,0.9652045760178024,1
152,0.1,0.05,1,0.6127603979750081,1
152,0.1,0.1,1,0.7125546682888502,1
152,0.1,0.15,1,0.7670401992888829,1
152,0.1,0.2,1,0.8269452516749553,1
152,0.1,0.3,1,0.8961285699848449,1
152,0.1,0.5,1,0.960042959155299,1
152,0.15,0.05,1,0.6203309888729346,1
152,0.15,0.1,1,0.6962008165617565,1
152,0.15,0.15,1,0.7650518577350198,1
152,0.15,0.2,1,0.8124345201102896,1
152,0.15,0.3,1,0.8988171734972815,1
152,0.15,0.5,1,0.9669712234547344,1
153,0.0,0.05,1,0.5092331294282085,1
153,0.0,0.1,1,0.5347017148342804,1
153,0.0,0.15,1,0.5676809887647896,1
153,0.0,0.2,1,0.598368045125264,1
153,0.0,0.3,1,0.6678750791798422,1
153,0.0,0.5,1,0.8482700053905111,1
153,0.02,0.05,1,0.5099489474843215,1
153,0.02,0.1,1,0.5349466198456685,1
153,0.02,0.15,1,0.5664296928894986,1
153,0.02,0.2,1,0.5981885338773404,1
153,0.02,0.3,1,0.66655618182106,1
153,0.02,0.5,1,0.8488433182769827,1
153,0.05,0.05,1,0.5110895163054412,1
153,0.05,0.1,1,0.5347288613281108,1
153,0.05,0.15,1,0.5729281650754134,1
153,0.05,0.2,1,0.5982583697297634,1
153,0.05,0.3,1,0.6683559280766197,1
153,0.05,0.5,1,0.8474774753962699,1
153,0.1,0.05,1,0.5133643119755601,1
153,0.1,0.1,1,0.536566767940422,1
153,0.1,0.15,1,0.5626525462608295,1
153,0.1,0.2,1,0.5996666934007525,1
153,0.1,0.3,1,0.6721339026370441,1
153,0.1,0.5,1,0.8468315003659223,1
153,0.15,0.05,1,0.4967652758083472,0
153,0.15,0.1,1,0.5354122952304197,1
153,0.15,0.15,1,0.5659751651763248,1
153,0.15,0.2,1,0.6105096532154561,1
153,0.15,0.3,1,0.6672875196329086,1
153,0.15,0.5,1,0.8560854493039554,1
154,0.0,0.05,0,0.5001027044491799,1
154,0.0,0.1,0,0.4821258887792207,0
154,0.0,0.15,0,0.48489834883287686,0
154,0.0,0.2,0,0.4843530259322504,0
154,0.0,0.3,0,0.46446899836210864,0
154,0.0,0.5,0,0.3177101153033682,0
154,0.02,0.05,0,0.49916094624678203,0
154,0.02,0.1,0,0.48223103786539484,0
154,0.02,0.15,0,0.48384486019868456,0
154,0.02,0.2,0,0.48360236979164006,0
154,0.02,0.3,0,0.46292158442557735,0
154,0.02,0.5,0,0.31551179870914964,0
154,0.05,0.05,0,0.5043672632926921,1
154,0.05,0.1,0,0.4823561488595093,0
154,0.05,0.15,0,0.4843388537682802,0
154,0.05,0.2,0,0.48358329350294116,0
154,0.05,0.3,0,0.4632308883260538,0
154,0.05,0.5,0,0.31575141561646114,0
154,0.1,0.05,0,0.5033085174629139,1
154,0.1,0.1,0,0.48538848515419963,0
154,0.1,0.15,0,0.480940990934796,0
154,0.1,0.2,0,0.4817781896939209,0
154,0.1,0.3,0,0.4643841972442189,0
154,0.1,0.5,0,0.3080235666114145,0
154,0.15,0.05,0,0.5026177407821452,1
154,0.15,0.1,0,0.47556737438078395,0
154,0.15,0.15,0,0.4978115208792328,0
154,0.15,0.2,0,0.48536526133321406,0
154,0.15,0.3,0,0.47355823023194055,0
154,0.15,0.5,0,0.3225220122639074,0
155,0.0,0.05,0,0.4757115669506006,0
155,0.0,0.1,0,0.46310730469309364,0
155,0.0,0.15,0,0.46188366572158407,0
155,0.0,0.2,0,0.4477987220203476,0
155,0.0,0.3,0,0.4002781369706508,0
155,0.0,0.5,0,0.24011650283410327,0
155,0.02,0.05,0,0.47558833121186966,0
155,0.02,0.1,0,0.4624695301140984,0
155,0.02,0.15,0,0.46305599249398305,0
155,0.02,0.2,0,0.4475112279971053,0
155,0.02,0.3,0,0.4006536095175778,0
155,0.02,0.5,0,0.24067851581237307,0
155,0.05,0.05,0,0.4696438525851928,0
155,0.05,0.1,0,0.4623026274447844,0
155,0.05,0.15,0,0.4643112800074973,0
155,0.05,0.2,0,0.4418905613092476,0
155,0.05,0.3,0,0.39899950003230084,0
155,0.05,0.5,0,0.23947144072702561,0
155,0.1,0.05,0,0.4727581354747265,0
155,0.1,0.1,0,0.4633715210124152,0
155,0.1,0.15,0,0.46404538081612734,0
155,0.1,0.2,0,0.4409140946104832,0
155,0.1,0.3,0,0.38781411485934447,0
155,0.1,0.5,0,0.2343212200817761,0
155,0.15,0.05,0,0.4751086588093391,0
155,0.15,0.1,0,0.47126896048005634,0
155,0.15,0.15,0,0.45996280764014846,0
155,0.15,0.2,0,0.4384607094820826,0
155,0.15,0.3,0,0.38461698715368325,0
155,0.15,0.5,0,0.24396540736637073,0
156,0.0,0.05,1,0.5633490809982489,1
156,0.0,0.1,1,0.6325748242583684,1
156,0.0,0.15,1,0.6940161517037151,1
156,0.0,0.2,1,0.7556613651730675,1
156,0.0,0.3,1,0.8699594984069516,1
156,0.0,0.5,1,0.9740178270797145,1
156,0.02,0.05,1,0.5645361862156936,1
156,0.02,0.1,1,0.632440781246881,1
156,0.02,0.15,1,0.6934774236004068,1
156,0.02,0.2,1,0.7543030559361023,1
156,0.02,0.3,1,0.8698109734309942,1
156,0.02,0.5,1,0.9751121021759094,1
156,0.05,0.05,1,0.5648343383536522,1
156,0.05,0.1,1,0.633191764360187,1
156,0.05,0.15,1,0.6950130799097964,1
156,0.05,0.2,1,0.754856245076474,1
156,0.05,0.3,1,0.8689206837181579,1
156,0.05,0.5,1,0.9730015352549788,1
156,0.1,0.05,1,0.5627096082430415,1
156,0.1,0.1,1,0.6271088122665776,1
156,0.1,0.15,1,0.6901309625777143,1
156,0.1,0.2,1,0.7502857110571964,1
156,0.1,0.3,1,0.8650457090915906,1
156,0.1,0.5,1,0.9749485252052889,1
156,0.15,0.05,1,0.5667156890099593,1
156,0.15,0.1,1,0.6295593574966586,1
156,0.15,0.15,1,0.6926244569212208,1
156,0.15,0.2,1,0.7489866986003291,1
156,0.15,0.3,1,0.8761687748031872,1
156,0.15,0.5,1,0.9699362331539504,1
157,0.0,0.05,0,0.480800557999467,0
157,0.0,0.1,0,0.43140496941150935,0
157,0.0,0.15,0,0.38365935643708077,0
157,0.0,0.2,0,0.3168005025889286,0
157,0.0,0.3,0,0.19391842862829042,0
157,0.0,0.5,0,0.045104082046963874,0
157,0.02,0.05,0,0.4792565272901512,0
157,0.02,0.1,0,0.4323882630453299,0
157,0.02,0.15,0,0.38303091256475624,0
157,0.02,0.2,0,0.3186240389604091,0
157,0.02,0.3,0,0.1930138829110954,0
157,0.02,0.5,0,0.045742829309894324,0
157,0.05,0.05,0,0.48355692595674027,0
157,0.05,0.1,0,0.43470034865469814,0
157,0.05,0.15,0,0.3830834495872405,0
157,0.05,0.2,0,0.31549956296939796,0
157,0.05,0.3,0,0.19865927003423306,0
157,0.05,0.5,0,0.04283621346758704,0
157,0.1,0.05,0,0.4882707328903909,0
157,0.1,0.1,0,0.43639260420580317,0
157,0.1,0.15,0,0.3832199819306316,0
157,0.1,0.2,0,0.3225695811717272,0
157,0.1,0.3,0,0.1966622378557631,0
157,0.1,0.5,0,0.051756670509249966,0
157,0.15,0.05,0,0.48577606385992017,0
157,0.15,0.1,0,0.41620288207266043,0
157,0.15,0.15,0,0.37960405630221905,0
157,0.15,0.2,0,0.3113362616590555,0
157,0.15,0.3,0,0.18616368812873163,0
157,0.15,0.5,0,0.04039083991822939,0
158,0.0,0.05,0,0.42205216044051214,0
158,0.0,0.1,0,0.3334726231078592,0
158,0.0,0.15,0,0.2524680696505601,0
158,0.0,0.2,0,0.1891561521064811,0
158,0.0,0.3,0,0.10401241783514961,0
158,0.0,0.5,0,0.03058782609005782,0
158,0.02,0.05,0,0.4232244772831303,0
158,0.02,0.1,0,0.3345612676388746,0
158,0.02,0.15,0,0.2531759243131617,0
158,0.02,0.2,0,0.18826932425999257,0
158,0.02,0.3,0,0.10260932996416315,0
158,0.02,0.5,0,0.030209534324876695,0
158,0.05,0.05,0,0.426270877111106,0
158,0.05,0.1,0,0.33269016187389383,0
158,0.05,0.15,0,0.2545236843556225,0
158,0.05,0.2,0,0.19076751259495336,0
158,0.05,0.3,0,0.10312394201831598,0
158,0.05,0.5,0,0.03174553517633531,0
158,0.1,0.05,0,0.41771371582933686,0
158,0.1,0.1,0,0.33409747275186935,0
158,0.1,0.15,0,0.24797704439757623,0
158,0.1,0.2,0,0.19573925360969863,0
158,0.1,0.3,0,0.1130248309088309,0
158,0.1,0.5,0,0.02940779298919166,0
158,0.15,0.05,0,0.43585724338627285,0
158,0.15,0.1,0,0.3446790115403967,0
158,0.15,0.15,0,0.2484646471425256,0
158,0.15,0.2,0,0.1938221162432246,0
158,0.15,0.3,0,0.10900766163956144,0
158,0.15,0.5,0,0.035269062623830554,0
159,0.0,0.05,1,0.6618503394064791,1
159,0.0,0.1,1,0.7810159053440531,1
159,0.0,0.15,1,0.8608340042158459,1
159,0.0,0.2,1,0.913017658294512,1
159,0.0,0.3,1,0.9665338243360058,1
159,0.0,0.5,1,0.9949472630091795,1
159,0.02,0.05,1,0.6618407642427894,1
159,0.02,0.1,1,0.7810247132496636,1
159,0.02,0.15,1,0.8617178280818129,1
159,0.02,0.2,1,0.9120917941346538,1
159,0.02,0.3,1,0.9675348649448253,1
159,0.02,0.5,1,0.9950964006738868,1
159,0.05,0.05,1,0.6605666901612506,1
159,0.05,0.1,1,0.7754866794189447,1
159,0.05,0.15,1,0.869534804700428,1
159,0.05,0.2,1,0.9110210009400748,1
159,0.05,0.3,1,0.9648974854472467,1
159,0.05,0.5,1,0.9911070350993436,1
159,0.1,0.05,1,0.6656889259406961,1
159,0.1,0.1,1,0.7764360402479604,1
159,0.1,0.15,1,0.8687175764776283,1
159,0.1,0.2,1,0.9196526826930387,1
159,0.1,0.3,1,0.9766635914052206,1
159,0.1,0.5,1,0.9909511356219995,1
159,0.15,0.05,1,0.6669859437162492,1
159,0.15,0.1,1,0.785157105544087,1
159,0.15,0.15,1,0.8513672923310579,1
159,0.15,0.2,1,0.9234575241300322,1
159,0.15,0.3,1,0.9582318045362057,1
159,0.15,0.5,1,1.0041159681983014,1
